{

"type": "FeatureCollection",
"name": "track_bus699-4",
"crs": { "type": "name", "properties": { "name": "urn:ogc:def:crs:OGC:1.3:CRS84" } },
"features": [
		
	


 { "type": "Feature",
    "properties": { "id": 66, "mag": 10, "place": "First Homo Sapiens 200000 ago ", "time": -16206, "title": "*39-ILU (Ancestral)", "timefinal": -68950,
        "name": "200000 years ago, First Homo Sapiens ",
        "times": [
-18000000, -16000000, -14000000

]},
    "geometry": {
        "type": "Point",
        "coordinates": [35.727192404502063, -5.245925220835992]
}},	

 { "type": "Feature",
    "properties": { "id": 66, "mag": 10, "place": "First Homo Sapiens 200000 ago ", "time": -16206, "title": "*39-ILU (Ancestral - Orangutan)", "timefinal": -68950,
        "name": "200000 years ago, First Homo Sapiens ",
        "times": [
-18000000, -16000000, -14000000
]},
    "geometry": {
        "type": "Point",
        "coordinates": [35.727192404502063, 16.245925220835992]
}},

 { "type": "Feature",
    "properties": { "id": 66, "mag": 10, "place": "First Homo Sapiens 200000 ago ", "time": -16206, "title": "*39 + *1.038-ILU (Ancestral - Orangutan)", "timefinal": -68950,
        "name": "200000 years ago, First Homo Sapiens ",
        "times": [
-18000000, -16000000, -14000000
]},
    "geometry": {
        "type": "Point",
        "coordinates": [35.727192404502063, 1.245925220835992]
}},


 { "type": "Feature",
    "properties": { "id": 66, "mag": 10, "place": "First Homo Sapiens 200000 ago ", "time": -16206, "title": "*39 + *10-ILU (Ancestral - Orangutan)", "timefinal": -68950,
        "name": "200000 years ago, First Homo Sapiens ",
        "times": [
-18000000, -16000000, -14000000

]},
    "geometry": {
        "type": "Point",
        "coordinates": [36.727192404502063, -11.245925220835992]
}},


 { "type": "Feature",
    "properties": { "id": 66, "mag": 10, "place": "First Homo Sapiens 200000 ago ", "time": -16206, "title": "*39+*2.016/*45/*46/*127/*139-ILU(Ancestral-Orangutan/Chimpanzee)", "timefinal": -68950,
        "name": "200000 years ago, First Homo Sapiens ",
        "times": [
-18000000, -16000000, -14000000, -12000000, -10000000, -8000000, -7050000, -6050000, -6000000
]},
    "geometry": {
        "type": "Point",
        "coordinates": [48.727192404502063, 9.245925220835992]
}},

 { "type": "Feature",
    "properties": { "id": 66, "mag": 10, "place": "First Homo Sapiens 200000 ago ", "time": -16206, "title": "*1.002-ILU (Ancestral - Chimpanzee)", "timefinal": -68950,
        "name": "200000 years ago, First Homo Sapiens ",
        "times": [
-8000000, -7050000 , -6050000
]},
    "geometry": {
        "type": "Point",
        "coordinates": [38.727192404502063, -13.245925220835992]
}},


 { "type": "Feature",
    "properties": { "id": 66, "mag": 10, "place": "First Homo Sapiens 200000 ago ", "time": -16206, "title": "*39 + *1.002-ILU (Ancestral - Chimpanzee)", "timefinal": -68950,
        "name": "200000 years ago, First Homo Sapiens ",
        "times": [
-8000000, -7050000, -6050000, -6000000 
]},
    "geometry": {
        "type": "Point",
        "coordinates": [28.727192404502063, 4.245925220835992]
}},

 { "type": "Feature",
    "properties": { "id": 66, "mag": 10, "place": "First Homo Sapiens 200000 ago ", "time": -16206, "title": "*2-ILU Ergaster/Erectus/CommonRoot", "timefinal": -68950,
        "name": "200000 years ago, First Homo Sapiens ",
        "times": [
-1800000, -1700000, -1600000, -1500000, -1400000, -1300000, -1294557, -1200000 
]},
    "geometry": {
        "type": "Point",
        "coordinates": [30.727192404502063, -1.245925220835992]
}},

 { "type": "Feature",
    "properties": { "id": 66, "mag": 10, "place": "First Homo Sapiens 200000 ago ", "time": -16206, "title": "*2/*17/*73-Ergaster/Erectus/CommonRoot/Orangutan", "timefinal": -68950,
        "name": "200000 years ago, First Homo Sapiens ",
        "times": [
-1600000, -1500000, -1400000, -1300000, -1294557,  -1200000 
]},
    "geometry": {
        "type": "Point",
        "coordinates": [35.727192404502063, 7.245925220835992]
}},
  
  
 { "type": "Feature",
    "properties": { "id": 66, "mag": 10, "place": "First Homo Sapiens 200000 ago ", "time": -16206, "title": "*10.002", "timefinal": -68950,
        "name": "200000 years ago, First Homo Sapiens ",
        "times": [
-1500000, -1400000, -1300000, -1294557,  -1200000, -1100000, -1000000, -950000, -900000 
]},
    "geometry": {
        "type": "Point",
        "coordinates": [35.727192404502063, 15.245925220835992]
}},  

 { "type": "Feature",
    "properties": { "id": 66, "mag": 10, "place": "First Homo Sapiens 200000 ago ", "time": -16206, "title": "*10-ILU Ergaster/Erectus", "timefinal": -68950,
        "name": "200000 years ago, First Homo Sapiens ",
        "times": [
-1500000, -1400000, -1300000, -1294557,  -1200000, -1100000, -1000000, -950000, -900000 
]},
    "geometry": {
        "type": "Point",
        "coordinates": [36.727192404502063, -10.245925220835992]
}},  

 { "type": "Feature",
    "properties": { "id": 66, "mag": 10, "place": "First Homo Sapiens 200000 ago ", "time": -16206, "title": "*17.004", "timefinal": -68950,
        "name": "200000 years ago, First Homo Sapiens ",
        "times": [
 -1294557, -1200000, -1100000, -1000000, -950000, -900000, -803979,
 -800000, -700000, -750000, -730000, -600000, -527412 
]},
    "geometry": {
        "type": "Point",
        "coordinates": [32.727192404502063, 22.245925220835992]
}},  

 { "type": "Feature",
    "properties": { "id": 66, "mag": 10, "place": "First Homo Sapiens 200000 ago ", "time": -16206, "title": "*2.015", "timefinal": -68950,
        "name": "200000 years ago, First Homo Sapiens ",
        "times": [
-1200000, -1100000, -1000000, -950000, -900000, -803979, -800000
]},
    "geometry": {
        "type": "Point",
        "coordinates": [13.727192404502063, 15.245925220835992]
}}, 

 { "type": "Feature",
    "properties": { "id": 66, "mag": 10, "place": "First Homo Sapiens 200000 ago ", "time": -16206, "title": "*2.026-Ergaster/Erectus/CommonRoot", "timefinal": -68950,
        "name": "200000 years ago, First Homo Sapiens ",
        "times": [
-1200000, -1100000, -1000000, -950000, -900000, -803979, -800000
]},
    "geometry": {
        "type": "Point",
        "coordinates": [11.727192404502063, 22.245925220835992]
}},


 { "type": "Feature",
    "properties": { "id": 66, "mag": 10, "place": "First Homo Sapiens 200000 ago ", "time": -16206, "title": "*2.019", "timefinal": -68950,
        "name": "200000 years ago, First Homo Sapiens ",
        "times": [
-1200000, -1100000, -1000000, -950000, -900000, -803979, -800000
]},
    "geometry": {
        "type": "Point",
        "coordinates": [48.727192404502063, 9.245925220835992]
}},


 { "type": "Feature",
    "properties": { "id": 66, "mag": 10, "place": "First Homo Sapiens 200000 ago ", "time": -16206, "title": "*1.058", "timefinal": -68950,
        "name": "200000 years ago, First Homo Sapiens ",
        "times": [
-1100000, -1000000, -950000, -900000, -803979, -800000
]},
    "geometry": {
        "type": "Point",
        "coordinates": [41.727192404502063, 5.245925220835992]
}},


 { "type": "Feature",
    "properties": { "id": 66, "mag": 10, "place": "First Homo Sapiens 200000 ago ", "time": -16206, "title": "*82 Pseudo 7", "timefinal": -68950,
        "name": "200000 years ago, First Homo Sapiens ",
        "times": [
 -950000, -900000, -803979,
 -800000, -750000
]},
    "geometry": {
        "type": "Point",
        "coordinates": [39.727192404502063, 1.245925220835992]
}},

 { "type": "Feature",
    "properties": { "id": 66, "mag": 10, "place": "First Homo Sapiens 200000 ago ", "time": -16206, "title": "*10.004", "timefinal": -68950,
        "name": "200000 years ago, First Homo Sapiens ",
        "times": [
 -950000, -900000, -803979,
 -800000, -750000, -730000, -700000
]},
    "geometry": {
        "type": "Point",
        "coordinates": [30.727192404502063, 27.245925220835992]
}},

 { "type": "Feature",
    "properties": { "id": 66, "mag": 10, "place": "First Homo Sapiens 200000 ago ", "time": -16206, "title": "*4.012 (Ancestral)", "timefinal": -68950,
        "name": "200000 years ago, First Homo Sapiens ",
        "times": [
 -930000, -900000, -803979,
 -800000, -750000, -730000
]},
    "geometry": {
        "type": "Point",
        "coordinates": [35.727192404502063, 7.245925220835992]
}},

 { "type": "Feature",
    "properties": { "id": 66, "mag": 10, "place": "First Homo Sapiens 200000 ago ", "time": -16206, "title": "*4.012", "timefinal": -68950,
        "name": "200000 years ago, First Homo Sapiens ",
        "times": [
 -900000, -803979,
 -800000, -750000, -730000, -700000
]},
    "geometry": {
        "type": "Point",
        "coordinates": [35.727192404502063, 7.245925220835992]
}},




 { "type": "Feature",
    "properties": { "id": 66, "mag": 10, "place": "First Homo Sapiens 200000 ago ", "time": -16206, "title": "*1.001", "timefinal": -68950,
        "name": "200000 years ago, First Homo Sapiens ",
        "times": [
 -750000, -730000, -700000, -600000
]},
    "geometry": {
        "type": "Point",
        "coordinates": [20.727192404502063, 27.245925220835992]
}},

 { "type": "Feature",
    "properties": { "id": 66, "mag": 10, "place": "First Homo Sapiens 200000 ago ", "time": -16206, "title": "*4.001", "timefinal": -68950,
        "name": "200000 years ago, First Homo Sapiens ",
        "times": [
 -750000, -730000, -700000, -600000
]},
    "geometry": {
        "type": "Point",
        "coordinates": [26.727192404502063, -10.245925220835992]
}},



 { "type": "Feature",
    "properties": { "id": 66, "mag": 10, "place": "First Homo Sapiens 200000 ago ", "time": -16206, "title": "*41.001", "timefinal": -68950,
        "name": "200000 years ago, First Homo Sapiens ",
        "times": [
 -750000, -730000, -700000, -600000
]},
    "geometry": {
        "type": "Point",
        "coordinates": [22.727192404502063, -1.245925220835992]
}},

 { "type": "Feature",
    "properties": { "id": 66, "mag": 10, "place": "First Homo Sapiens 200000 ago ", "time": -16206, "title": "*39.001", "timefinal": -68950,
        "name": "200000 years ago, First Homo Sapiens ",
        "times": [
 -536444, -527412, -500000, -452864, -407578, -400000, -300000, -327547, -297880, -287679, -275671, -218551
]},
    "geometry": {
        "type": "Point",
        "coordinates": [19.727192404502063, 20.245925220835992]
}},


 { "type": "Feature",
    "properties": { "id": 66, "mag": 10, "place": "First Homo Sapiens 200000 ago ", "time": -16206, "title": "*2.026", "timefinal": -68950,
        "name": "200000 years ago, First Homo Sapiens ",
        "times": [
 -452864, -407578, -400000, -300000, -327547, -297880, -287679, -275671, -218551, -206724, -200000, -184500
]},
    "geometry": {
        "type": "Point",
        "coordinates": [36.727192404502063, -2.245925220835992]
}},

 { "type": "Feature",
    "properties": { "id": 66, "mag": 10, "place": "First Homo Sapiens 200000 ago ", "time": -16206, "title": "*2.025", "timefinal": -68950,
        "name": "200000 years ago, First Homo Sapiens ",
        "times": [
 -452864, -407578, -400000, -300000, -327547, -297880, -275671, -218551, -206724, -200000, -189830, -184500
]},
    "geometry": {
        "type": "Point",
        "coordinates": [37.727192404502063, -14.245925220835992]
}},

 { "type": "Feature",
    "properties": { "id": 66, "mag": 10, "place": "First Homo Sapiens 200000 ago ", "time": -16206, "title": "*2.001", "timefinal": -68950,
        "name": "200000 years ago, First Homo Sapiens ",
        "times": [
 -300000, -327547, -297880, -287679, -275671, -218551, -206724, -200000
]},
    "geometry": {
        "type": "Point",
        "coordinates": [26.727192404502063, -14.245925220835992]
}},



 { "type": "Feature",
    "properties": { "id": 66, "mag": 10, "place": "First Homo Sapiens 200000 ago ", "time": -16206, "title": "*17.001", "timefinal": -68950,
        "name": "200000 years ago, First Homo Sapiens ",
        "times": [
 -287679, -275671, -218551, -206724, -200000, -189830, -184500, -166050, -121359, -117203
]},
    "geometry": {
        "type": "Point",
        "coordinates": [24.727192404502063, -6.245925220835992]
}},

 { "type": "Feature",
    "properties": { "id": 66, "mag": 10, "place": "First Homo Sapiens 200000 ago ", "time": -16206, "title": "*29.001", "timefinal": -68950,
        "name": "200000 years ago, First Homo Sapiens ",
        "times": [
 -275671, -218551, -206724, -200000, -189830, -184500, -166050, -121359, -117203, -112311
]},
    "geometry": {
        "type": "Point",
        "coordinates": [34.727192404502063, 19.245925220835992]
}},


 { "type": "Feature",
    "properties": { "id": 66, "mag": 10, "place": "First Homo Sapiens 200000 ago ", "time": -16206, "title": "*4.016", "timefinal": -68950,
        "name": "200000 years ago, First Homo Sapiens ",
        "times": [
 -206724, -200000, -189830, -184500, -166050, -121359, -117203, -112311, -84221
]},
    "geometry": {
        "type": "Point",
        "coordinates": [-6.783240369694072, 40.357411692163829]
}},

 { "type": "Feature",
    "properties": { "id": 66, "mag": 10, "place": "First Homo Sapiens 200000 ago ", "time": -16206, "title": "*39.003", "timefinal": -68950,
        "name": "200000 years ago, First Homo Sapiens ",
        "times": [
 -189830, -184500, -166050, -121359, -117203, -112311, -84221, -77338
]},
    "geometry": {
        "type": "Point",
        "coordinates": [36.727192404502063, -6.245925220835992]  
}},





  
  
 { "type": "Feature",
    "properties": { "id": 66, "mag": 10, "place": "First Homo Sapiens 200000 ago ", "time": -16206, "title": "*82.001", "timefinal": -68950,
        "name": "200000 years ago, First Homo Sapiens ",
        "times": [
-143840, -140368,
 -137918, -133940, -122894, -121359, -120000, -117203,
 -112311, -84221, -77338, -70910, -58601
]},
    "geometry": {
        "type": "Point",
        "coordinates": [37.727192404502063, 13.245925220835992]
}},  

 { "type": "Feature",
    "properties": { "id": 66, "mag": 10, "place": "First Homo Sapiens 200000 ago ", "time": -16206, "title": "*64.001", "timefinal": -68950,
        "name": "200000 years ago, First Homo Sapiens ",
        "times": [
-143840, -140368,
 -137918, -133940, -122894, -121359, -120000, -117203,
 -112311, -84221, -77338, -70910, -58601
]},
    "geometry": {
        "type": "Point",
        "coordinates": [38.727192404502063, -8.245925220835992]
}},  

 

 { "type": "Feature",
    "properties": { "id": 66, "mag": 10, "place": "First Homo Sapiens 200000 ago ", "time": -16206, "title": "*2.012", "timefinal": -68950,
        "name": "200000 years ago, First Homo Sapiens ",
        "times": [
 -133940, -122894, -121359, -117203,
 -112311, -84221, -77338, -54568
]},
    "geometry": {
        "type": "Point",
        "coordinates": [9.727192404502063, 22.245925220835992]
}},


 { "type": "Feature",
    "properties": { "id": 66, "mag": 10, "place": "First Homo Sapiens 200000 ago ", "time": -16206, "title": "*17.002", "timefinal": -68950,
        "name": "200000 years ago, First Homo Sapiens ",
        "times": [
 -133940, -122894, -121359, -117203,
 -112311, -84221, -77338, -54568
]},
    "geometry": {
        "type": "Point",
        "coordinates": [46.727192404502063, 12.245925220835992]
}},


 { "type": "Feature",
    "properties": { "id": 66, "mag": 10, "place": "First Homo Sapiens 200000 ago ", "time": -16206, "title": "*1.055", "timefinal": -68950,
        "name": "200000 years ago, First Homo Sapiens ",
        "times": [
 -133940, -122894, -121359, -117203,
 -112311, -84221, -77338, -54568
]},
    "geometry": {
        "type": "Point",
        "coordinates": [39.727192404502063, 6.245925220835992]
}},


 { "type": "Feature",
    "properties": { "id": 66, "mag": 10, "place": "First Homo Sapiens 200000 ago ", "time": -16206, "title": "*4.015", "timefinal": -68950,
        "name": "200000 years ago, First Homo Sapiens ",
        "times": [
 -133940, -122894, -121359, -117203,
 -112311, -84221, -77338, -54568
]},
    "geometry": {
        "type": "Point",
        "coordinates": [7.625879941600608, 46.356303932857358]
}},

 { "type": "Feature",
    "properties": { "id": 66, "mag": 10, "place": "First Homo Sapiens 200000 ago ", "time": -16206, "title": "*4.014", "timefinal": -68950,
        "name": "200000 years ago, First Homo Sapiens ",
        "times": [
 -133940, -122894, -121359, -117203,
 -112311, -84221, -77338, -54568
]},
    "geometry": {
        "type": "Point",
        "coordinates": [19.047378268988155, 52.609980917725387]
}},








 { "type": "Feature",
    "properties": { "id": 66, "mag": 10, "place": "First Homo Sapiens 200000 ago ", "time": -16206, "title": "*1.006", "timefinal": -68950,
        "name": "200000 years ago, First Homo Sapiens ",
        "times": [
 -133940, -122894, -121359, -117203,
 -112311, -84221, -77338, -54568
]},
    "geometry": {
        "type": "Point",
        "coordinates": [32.727192404502063, 9.245925220835992]
}},

 { "type": "Feature",
    "properties": { "id": 66, "mag": 10, "place": "First Homo Sapiens 200000 ago ", "time": -16206, "title": "*1.004", "timefinal": -68950,
        "name": "200000 years ago, First Homo Sapiens ",
        "times": [
-122894, -121359, -117203,
 -112311, -84221, -77338, -50068
]},
    "geometry": {
        "type": "Point",
        "coordinates": [36.727192404502063, 8.245925220835992]
}},

 { "type": "Feature",
    "properties": { "id": 66, "mag": 10, "place": "First Homo Sapiens 200000 ago ", "time": -16206, "title": "*27.001", "timefinal": -68950,
        "name": "200000 years ago, First Homo Sapiens ",
        "times": [
-122894, -121359, -117203,
 -112311, -84221, -77338, -50068
]},
    "geometry": {
        "type": "Point",
        "coordinates": [27.727192404502063, 6.245925220835992]
}},

 { "type": "Feature",
    "properties": { "id": 66, "mag": 10, "place": "First Homo Sapiens 200000 ago ", "time": -16206, "title": "*1.005", "timefinal": -68950,
        "name": "200000 years ago, First Homo Sapiens ",
        "times": [
-122894, -121359, -117203,
 -112311, -84221, -77338, -50068
]},
    "geometry": {
        "type": "Point",
        "coordinates": [19.727192404502063, 24.245925220835992]
}},

 { "type": "Feature",
    "properties": { "id": 66, "mag": 10, "place": "First Homo Sapiens 200000 ago ", "time": -16206, "title": "*1.024", "timefinal": -68950,
        "name": "200000 years ago, First Homo Sapiens ",
        "times": [
-122894, -121359, -117203,
 -112311, -84221, -77338, -50068
]},
    "geometry": {
        "type": "Point",
        "coordinates": [26.727192404502063, -7.245925220835992]
}},



 { "type": "Feature",
    "properties": { "id": 66, "mag": 10, "place": "First Homo Sapiens 200000 ago ", "time": -16206, "title": "*146.002", "timefinal": -68950,
        "name": "200000 years ago, First Homo Sapiens ",
        "times": [
-18000000, -16000000, -14000000

]},
    "geometry": {
        "type": "Point",
        "coordinates": [36.727192404502063, -6.245925220835992]
}},	

 { "type": "Feature",
    "properties": { "id": 66, "mag": 10, "place": "First Homo Sapiens 200000 ago ", "time": -16206, "title": "*106.001", "timefinal": -68950,
        "name": "200000 years ago, First Homo Sapiens ",
        "times": [
-122159, -121359, -120000, -119850, -117203, -116887,
 -112311, -84221, -77338, -70910, -58601, -57187, -56189, -54568, -50068, -49769
]},
    "geometry": {
        "type": "Point",
        "coordinates": [34.727192404502063, 14.245925220835992]
}},

 { "type": "Feature",
    "properties": { "id": 66, "mag": 10, "place": "First Homo Sapiens 200000 ago ", "time": -16206, "title": "*2.023", "timefinal": -68950,
        "name": "200000 years ago, First Homo Sapiens ",
        "times": [
-122159, -121359, -120000, -119850, -117203, -116887,
 -112311, -84221, -77338, -70910, -58601, -57187, -56189, -54568, -50068, -49769
]},
    "geometry": {
        "type": "Point",
        "coordinates": [31.727192404502063, 2.245925220835992]
}},


 { "type": "Feature",
    "properties": { "id": 66, "mag": 10, "place": "First Homo Sapiens 200000 ago ", "time": -16206, "title": "*2.018", "timefinal": -68950,
        "name": "200000 years ago, First Homo Sapiens ",
        "times": [
-122159, -121359, -120000, -119850, -117203, -116887,
 -112311, -84221, -77338, -70910, -58601, -57187, -56189, -54568, -50068, -49769

]},
    "geometry": {
        "type": "Point",
        "coordinates": [39.727192404502063, -10.245925220835992]
}},


 { "type": "Feature",
    "properties": { "id": 66, "mag": 10, "place": "First Homo Sapiens 200000 ago ", "time": -16206, "title": "*1.057", "timefinal": -68950,
        "name": "200000 years ago, First Homo Sapiens ",
        "times": [
-119850, -117203, -116887,
 -112311, -84221, -77338, -70910, -58601, -57187, -56189, -54568, -50068, -49769, -48828
]},
    "geometry": {
        "type": "Point",
        "coordinates": [47.727192404502063, 8.245925220835992]
}},

 { "type": "Feature",
    "properties": { "id": 66, "mag": 10, "place": "First Homo Sapiens 200000 ago ", "time": -16206, "title": "*139.001", "timefinal": -68950,
        "name": "200000 years ago, First Homo Sapiens ",
        "times": [
-119850, -117203, -116887,
 -112311, -84221, -77338, -70910, -58601, -57187, -56189, -54568, -50068, -49769, -48828
]},
    "geometry": {
        "type": "Point",
        "coordinates": [ -6.104875897361847, 55.294833925461333 ]
}},


 { "type": "Feature",
    "properties": { "id": 66, "mag": 10, "place": "First Homo Sapiens 200000 ago ", "time": -16206, "title": "*1.062", "timefinal": -68950,
        "name": "200000 years ago, First Homo Sapiens ",
        "times": [
-119850, -117203, -116887,
 -112311, -84221, -77338, -70910, -58601, -57187, -56189, -54568, -50068, -49769, -48828 
]},
    "geometry": {
        "type": "Point",
        "coordinates": [27.727192404502063, 3.245925220835992]
}},

 { "type": "Feature",
    "properties": { "id": 66, "mag": 10, "place": "First Homo Sapiens 200000 ago ", "time": -16206, "title": "*127.001", "timefinal": -68950,
        "name": "200000 years ago, First Homo Sapiens ",
        "times": [
-116887,
 -112311, -84221, -77338, -70910, -58601, -57187, -56189, -54568, -50068, -49769, -48828, -47621
]},
    "geometry": {
        "type": "Point",
        "coordinates": [31.727192404502063, -0.245925220835992]
}},




 { "type": "Feature",
    "properties": { "id": 66, "mag": 10, "place": "First Homo Sapiens 200000 ago ", "time": -16206, "title": "*1.005", "timefinal": -68950,
        "name": "200000 years ago, First Homo Sapiens ",
        "times": [
-122894, -121359, -117203,
 -112311, -84221, -77338, -50068
]},
    "geometry": {
        "type": "Point",
        "coordinates": [19.727192404502063, 24.245925220835992]
}},

 { "type": "Feature",
    "properties": { "id": 66, "mag": 10, "place": "First Homo Sapiens 200000 ago ", "time": -16206, "title": "*1.024", "timefinal": -68950,
        "name": "200000 years ago, First Homo Sapiens ",
        "times": [
-122894, -121359, -117203,
 -112311, -84221, -77338, -50068
]},
    "geometry": {
        "type": "Point",
        "coordinates": [26.727192404502063, -7.245925220835992]
}},


 { "type": "Feature",
    "properties": { "id": 66, "mag": 10, "place": "First Homo Sapiens 200000 ago ", "time": -16206, "title": "*1.003", "timefinal": -68950,
        "name": "200000 years ago, First Homo Sapiens ",
        "times": [
-122894, -121359, -117203,
 -112311, -84221, -77338, -50068
]},
    "geometry": {
        "type": "Point",
        "coordinates": [4.727192404502063, 18.245925220835992]
}},



 { "type": "Feature",
    "properties": { "id": 66, "mag": 10, "place": "First Homo Sapiens 200000 ago ", "time": -16206, "title": "*180.001", "timefinal": -68950,
        "name": "200000 years ago, First Homo Sapiens ",
        "times": [
-116034, -114811, -113525,
 -112311, -109699, -84221, -77338, -70910, -58601, -57187, -56189, -54568, -50068, -49769, -48828, -47621, -47273
]},
    "geometry": {
        "type": "Point",
        "coordinates": [17.625879941600608, 45.356303932857358]
}},	






 { "type": "Feature",
    "properties": { "id": 66, "mag": 10, "place": "First Homo Sapiens 200000 ago ", "time": -16206, "title": "*2.033", "timefinal": -68950,
        "name": "200000 years ago, First Homo Sapiens ",
        "times": [
-114811, -113525,
 -112311, -109699, -84221, -77338, -70910, -58601, -57187, -56189, -54568, -50068, -49769, -48828, -47621, -46775
]},
    "geometry": {
        "type": "Point",
	"coordinates": [22.727192404502063, 2.245925220835992]
}},


 { "type": "Feature",
    "properties": { "id": 66, "mag": 10, "place": "First Homo Sapiens 200000 ago ", "time": -16206, "title": "*1.027", "timefinal": -68950,
        "name": "200000 years ago, First Homo Sapiens ",
        "times": [
-114811, -113525,
 -112311, -109699, -84221, -77338, -70910, -58601, -57187, -56189, -54568, -50068, -49769, -48828, -47621, -46775
]},
    "geometry": {
        "type": "Point",
        "coordinates": [22.727192404502063, 5.245925220835992]
}},



 { "type": "Feature",
    "properties": { "id": 66, "mag": 10, "place": "First Homo Sapiens 200000 ago ", "time": -16206, "title": "*4.019", "timefinal": -68950,
        "name": "200000 years ago, First Homo Sapiens ",
        "times": [
-113525,
 -112311, -109699, -84221, -77338, -70910, -58601, -57187, -56189, -54568, -50068, -49769, -48828, -47621, -46251
]},
    "geometry": {
        "type": "Point",
        "coordinates": [39.047378268988155, 57.609980917725387]
}},




 { "type": "Feature",
    "properties": { "id": 66, "mag": 10, "place": "First Homo Sapiens 200000 ago ", "time": -16206, "title": "*146.001", "timefinal": -68950,
        "name": "200000 years ago, First Homo Sapiens ",
        "times": [
-113525,
 -112311, -109699, -84221, -77338, -70910, -58601, -57187, -56189, -54568, -50068, -49769, -48828, -47621, -46251
]},
    "geometry": {
        "type": "Point",
        "coordinates": [19.727192404502063, 11.245925220835992]
}},





 { "type": "Feature",
    "properties": { "id": 66, "mag": 10, "place": "First Homo Sapiens 200000 ago ", "time": -16206, "title": "*17.005", "timefinal": -68950,
        "name": "200000 years ago, First Homo Sapiens ",
        "times": [
-109699, -84221, -77338, -70910, -58601, -57187, -56189, -54568, -50068, -49769, -48828, -47621, -44692
]},
    "geometry": {
        "type": "Point",
	"coordinates": [25.727192404502063, 10.245925220835992]
}},

 { "type": "Feature",
    "properties": { "id": 66, "mag": 10, "place": "First Homo Sapiens 200000 ago ", "time": -16206, "title": "*153.001", "timefinal": -68950,
        "name": "200000 years ago, First Homo Sapiens ",
        "times": [
-109699, -84221, -77338, -70910, -58601, -57187, -56189, -54568, -50068, -49769, -48828, -47621, -44692
]},
    "geometry": {
        "type": "Point",
        "coordinates": [25.727192404502063, 13.245925220835992]
}},


 { "type": "Feature",
    "properties": { "id": 66, "mag": 10, "place": "First Homo Sapiens 200000 ago ", "time": -16206, "title": "*1.002", "timefinal": -68950,
        "name": "200000 years ago, First Homo Sapiens ",
        "times": [
-109699, -84221, -77338, -70910, -58601, -57187, -56189, -54568, -50068, -49769, -48828, -47621, -44692
]},
    "geometry": {
        "type": "Point",
	"coordinates": [25.727192404502063, 16.245925220835992]
}},


 { "type": "Feature",
    "properties": { "id": 66, "mag": 10, "place": "First Homo Sapiens 200000 ago ", "time": -16206, "title": "*3.003", "timefinal": -68950,
        "name": "200000 years ago, First Homo Sapiens ",
        "times": [
-109247, -108795, -107685, -106670, -98315, -97727, -96819, -94935, -93047, -92827, -84221,
 -77338, -70910, -58601, -57187, -56189, -54568, -50068, -49769, -48828,
 -47621, -47273, -46775, -46251, -44692, -44508

]},
    "geometry": {
        "type": "Point",
        "coordinates": [28.047378268988155, 53.609980917725387]
}},	

 { "type": "Feature",
    "properties": { "id": 66, "mag": 10, "place": "First Homo Sapiens 200000 ago ", "time": -16206, "title": "*35.007", "timefinal": -68950,
        "name": "200000 years ago, First Homo Sapiens ",
        "times": [
-109247, -108795, -107685, -106670, -98315, -97727, -96819, -94935, -93047, -92827, -84221,
 -77338, -70910, -58601, -57187, -56189, -54568, -50068, -49769, -48828,
 -47621, -47273, -46775, -46251, -44692, -44508
]},
    "geometry": {
        "type": "Point",
	"coordinates": [25.727192404502063, 20.245925220835992]
}},

 { "type": "Feature",
    "properties": { "id": 66, "mag": 10, "place": "First Homo Sapiens 200000 ago ", "time": -16206, "title": "*150.001", "timefinal": -68950,
        "name": "200000 years ago, First Homo Sapiens ",
        "times": [
-108795, -107685, -106670, -98315, -97727, -96819, -94935, -93047, -92827, -84221,
 -77338, -70910, -58601, -57187, -56189, -54568, -50068, -49769, -48828,
 -47621, -47273, -46775, -46251, -44692, -44508, -44324
]},
    "geometry": {
        "type": "Point",
	"coordinates": [25.727192404502063, 22.245925220835992]
}},


 { "type": "Feature",
    "properties": { "id": 66, "mag": 10, "place": "First Homo Sapiens 200000 ago ", "time": -16206, "title": "*45.003", "timefinal": -68950,
        "name": "200000 years ago, First Homo Sapiens ",
        "times": [
-108795, -107685, -106670, -98315, -97727, -96819, -94935, -93047, -92827, -84221,
 -77338, -70910, -58601, -57187, -56189, -54568, -50068, -49769, -48828,
 -47621, -47273, -46775, -46251, -44692, -44508, -44324
]},
    "geometry": {
        "type": "Point",
	"coordinates": [25.727192404502063, 26.245925220835992]
}},

 { "type": "Feature",
    "properties": { "id": 66, "mag": 10, "place": "First Homo Sapiens 200000 ago ", "time": -16206, "title": "*4.026", "timefinal": -68950,
        "name": "200000 years ago, First Homo Sapiens ",
        "times": [
-108795, -107685, -106670, -98315, -97727, -96819, -94935, -93047, -92827, -84221,
 -77338, -70910, -58601, -57187, -56189, -54568, -50068, -49769, -48828,
 -47621, -47273, -46775, -46251, -44692, -44508, -44324
]},
    "geometry": {
        "type": "Point",
	"coordinates": [45.047378268988155, 54.609980917725387]
}},


 { "type": "Feature",
    "properties": { "id": 66, "mag": 10, "place": "First Homo Sapiens 200000 ago ", "time": -16206, "title": "*108.001", "timefinal": -68950,
        "name": "200000 years ago, First Homo Sapiens ",
        "times": [
-107685, -106670, -98315, -97727, -96819, -94935, -93047, -92827, -84221,
 -77338, -70910, -58601, -57187, -56189, -54568, -50068, -49769, -48828,
 -47621, -47273, -46775, -46251, -44692, -44508, -44324, -43872
]},
    "geometry": {
        "type": "Point",
	"coordinates": [28.047378268988155, 45.609980917725387]
}},

 { "type": "Feature",
    "properties": { "id": 66, "mag": 10, "place": "First Homo Sapiens 200000 ago ", "time": -16206, "title": "*148.001", "timefinal": -68950,
        "name": "200000 years ago, First Homo Sapiens ",
        "times": [
  -106670, -98315, -97727, -96819, -94935, -93047, -92827, -84221,
 -77338, -70910, -58601, -57187, -56189, -54568, -50068, -49769, -48828,
 -47621, -47273, -46775, -46251, -44692, -44508, -44324, -43872, -43458
]},
    "geometry": {
        "type": "Point",
	"coordinates": [13.727192404502063, 19.245925220835992]
}},

 { "type": "Feature",
    "properties": { "id": 66, "mag": 10, "place": "First Homo Sapiens 200000 ago ", "time": -16206, "title": "*4.017", "timefinal": -68950,
        "name": "200000 years ago, First Homo Sapiens ",
        "times": [
 -106670, -98315, -97727, -96819, -94935, -93047, -92827, -84221,
 -77338, -70910, -58601, -57187, -56189, -54568, -50068, -49769, -48828,
 -47621, -47273, -46775, -46251, -44692, -44508, -44324, -43872, -43458
]},
    "geometry": {
        "type": "Point",
        "coordinates": [28.047378268988155, 42.609980917725387]
}},

  
 { "type": "Feature",
    "properties": { "id": 66, "mag": 10, "place": "First Homo Sapiens 200000 ago ", "time": -16206, "title": "*124.002", "timefinal": -68950,
        "name": "200000 years ago, First Homo Sapiens ",
        "times": [
-98315, -97727, -96819, -94935, -93047, -92827, -84221,
 -77338, -70910, -58601, -57187, -56189, -54568, -50068, -49769, -48828,
 -47621, -47273, -46775, -46251, -44692, -44508, -44324, -43872, -43458, -40054 
]},
    "geometry": {
        "type": "Point",
        "coordinates": [28.047378268988155, 39.609980917725387]
}},  
 


 { "type": "Feature",
    "properties": { "id": 66, "mag": 10, "place": "First Homo Sapiens 200000 ago ", "time": -16206, "title": "*43.001", "timefinal": -68950,
        "name": "200000 years ago, First Homo Sapiens ",
        "times": [
-97727, -96819, -94935, -93047, -92827, -84221,
 -77338, -70910, -58601, -57187, -56189, -54568, -50068, -49769, -48828,
 -47621, -47273, -46775, -46251, -44692, -44508, -44324, -43872, -43458, -40054, -39815
]},
    "geometry": {
        "type": "Point",
	"coordinates": [13.727192404502063, 27.245925220835992]
}},  

 { "type": "Feature",
    "properties": { "id": 66, "mag": 10, "place": "First Homo Sapiens 200000 ago ", "time": -16206, "title": "*1.014", "timefinal": -68950,
        "name": "200000 years ago, First Homo Sapiens ",
        "times": [
-97727, -96819, -94935, -93047, -92827, -84221,
 -77338, -70910, -58601, -57187, -56189, -54568, -50068, -49769, -48828,
 -47621, -47273, -46775, -46251, -44692, -44508, -44324, -43872, -43458, -40054, -39815
]},
    "geometry": {
        "type": "Point",
	"coordinates": [13.727192404502063, 29.245925220835992]
}}, 

 { "type": "Feature",
    "properties": { "id": 66, "mag": 10, "place": "First Homo Sapiens 200000 ago ", "time": -16206, "title": "*10.008", "timefinal": -68950,
        "name": "200000 years ago, First Homo Sapiens ",
        "times": [
 -96819, -94935, -93047, -92827, -84221,
 -77338, -70910, -58601, -57187, -56189, -54568, -50068, -49769, -48828,
 -47621, -47273, -46775, -46251, -44692, -44508, -44324, -43872, -43458, -40054, -39815, -39445
]},
    "geometry": {
        "type": "Point",
	"coordinates": [29.727192404502063, 13.245925220835992]
}},


 { "type": "Feature",
    "properties": { "id": 66, "mag": 10, "place": "First Homo Sapiens 200000 ago ", "time": -16206, "title": "*165.001", "timefinal": -68950,
        "name": "200000 years ago, First Homo Sapiens ",
        "times": [
-93047, -92827, -84221,
 -77338, -70910, -58601, -57187, -56189, -54568, -50068, -49769, -48828,
 -47621, -47273, -46775, -46251, -44692, -44508, -44324, -43872, -43458, -40054, -39815, -39445, -38677, -37908
]},
    "geometry": {
        "type": "Point",
	"coordinates": [29.727192404502063, 17.245925220835992]
}},


{ "type": "Feature",
    "properties": { "id": 66, "mag": 10, "place": "First Homo Sapiens 200000 ago ", "time": -16206, "title": "*173.001", "timefinal": -68950,
        "name": "200000 years ago, First Homo Sapiens ",
        "times": [
-5000, -2000
]},
    "geometry": {
        "type": "Point",
        "coordinates": [34.727192404502063, 8.245925220835992]
}},
{ "type": "Feature",
    "properties": { "id": 66, "mag": 10, "place": "First Homo Sapiens 200000 ago ", "time": -16206, "title": "*1.036", "timefinal": -68950,
        "name": "200000 years ago, First Homo Sapiens ",
        "times": [
-5000, -2000
]},
    "geometry": {
        "type": "Point",
        "coordinates": [35.727192404502063, 1.245925220835992]
}},

{ "type": "Feature",
    "properties": { "id": 66, "mag": 10, "place": "First Homo Sapiens 200000 ago ", "time": -16206, "title": "*97.001", "timefinal": -68950,
        "name": "200000 years ago, First Homo Sapiens ",
        "times": [
-5000, -2000
]},
    "geometry": {
        "type": "Point",
        "coordinates": [35.727192404502063, 4.245925220835992]
}},
{ "type": "Feature",
    "properties": { "id": 66, "mag": 10, "place": "First Homo Sapiens 200000 ago ", "time": -16206, "title": "*1.053", "timefinal": -68950,
        "name": "200000 years ago, First Homo Sapiens ",
        "times": [
-5000, -2000
]},
    "geometry": {
        "type": "Point",
        "coordinates": [34.727192404502063, -5.245925220835992]
}},
{ "type": "Feature",
    "properties": { "id": 66, "mag": 10, "place": "First Homo Sapiens 200000 ago ", "time": -16206, "title": "*26.001", "timefinal": -68950,
        "name": "200000 years ago, First Homo Sapiens ",
        "times": [
-5000, -2000
]},
    "geometry": {
        "type": "Point",
        "coordinates": [33.727192404502063, -1.245925220835992]
}},
{ "type": "Feature",
    "properties": { "id": 66, "mag": 10, "place": "First Homo Sapiens 200000 ago ", "time": -16206, "title": "*93.001", "timefinal": -68950,
        "name": "200000 years ago, First Homo Sapiens ",
        "times": [
-5000, -2000
]},
    "geometry": {
        "type": "Point",
        "coordinates": [34.727192404502063, -6.245925220835992]
}},
{ "type": "Feature",
    "properties": { "id": 66, "mag": 10, "place": "First Homo Sapiens 200000 ago ", "time": -16206, "title": "*1.051", "timefinal": -68950,
        "name": "200000 years ago, First Homo Sapiens ",
        "times": [
-5000, -2000
]},
    "geometry": {
        "type": "Point",
        "coordinates": [34.727192404502063, -7.245925220835992]
}},
{ "type": "Feature",
    "properties": { "id": 66, "mag": 10, "place": "First Homo Sapiens 200000 ago ", "time": -16206, "title": "*1.050", "timefinal": -68950,
        "name": "200000 years ago, First Homo Sapiens ",
        "times": [
-5000, -2000
]},
    "geometry": {
        "type": "Point",
        "coordinates": [35.727192404502063, 1.245925220835992]
}},
{ "type": "Feature",
    "properties": { "id": 66, "mag": 10, "place": "First Homo Sapiens 200000 ago ", "time": -16206, "title": "*92.001", "timefinal": -68950,
        "name": "200000 years ago, First Homo Sapiens ",
        "times": [
-5000, -2000
]},
    "geometry": {
        "type": "Point",
        "coordinates": [34.727192404502063, 2.755220835992]
}},
{ "type": "Feature",
    "properties": { "id": 66, "mag": 10, "place": "First Homo Sapiens 200000 ago ", "time": -16206, "title": "*167.001", "timefinal": -68950,
        "name": "200000 years ago, First Homo Sapiens ",
        "times": [
-5000, -2000
]},
    "geometry": {
        "type": "Point",
        "coordinates": [34.727192404502063, 3.245925220835992]
}},
{ "type": "Feature",
    "properties": { "id": 66, "mag": 10, "place": "First Homo Sapiens 200000 ago ", "time": -16206, "title": "*120.001", "timefinal": -68950,
        "name": "200000 years ago, First Homo Sapiens ",
        "times": [
-5000, -2000
]},
    "geometry": {
        "type": "Point",
        "coordinates": [35.727192404502063, 4.245925220835992]
}},
{ "type": "Feature",
    "properties": { "id": 66, "mag": 10, "place": "First Homo Sapiens 200000 ago ", "time": -16206, "title": "*1.028", "timefinal": -68950,
        "name": "200000 years ago, First Homo Sapiens ",
        "times": [
-5000, -2000
]},
    "geometry": {
        "type": "Point",
        "coordinates": [38.727192404502063, 4.654989512635992]
}},
{ "type": "Feature",
    "properties": { "id": 66, "mag": 10, "place": "First Homo Sapiens 200000 ago ", "time": -16206, "title": "*50.001", "timefinal": -68950,
        "name": "200000 years ago, First Homo Sapiens ",
        "times": [
-5000, -2000
]},
    "geometry": {
        "type": "Point",
        "coordinates": [39.727192404502063, 6.6654685235992]
}},
{ "type": "Feature",
    "properties": { "id": 66, "mag": 10, "place": "First Homo Sapiens 200000 ago ", "time": -16206, "title": "*137.001", "timefinal": -68950,
        "name": "200000 years ago, First Homo Sapiens ",
        "times": [
-5000, -2000
]},
    "geometry": {
        "type": "Point",
        "coordinates": [38.1578192404502063, 6.145925220835992]
}},
{ "type": "Feature",
    "properties": { "id": 66, "mag": 10, "place": "First Homo Sapiens 200000 ago ", "time": -16206, "title": "*169.001", "timefinal": -68950,
        "name": "200000 years ago, First Homo Sapiens ",
        "times": [
-5000, -2000
]},
    "geometry": {
        "type": "Point",
        "coordinates": [39.727192404502063, 5.245925220835992]
}},
{ "type": "Feature",
    "properties": { "id": 66, "mag": 10, "place": "First Homo Sapiens 200000 ago ", "time": -16206, "title": "*38.001", "timefinal": -68950,
        "name": "200000 years ago, First Homo Sapiens ",
        "times": [
-5000, -2000
]},
    "geometry": {
        "type": "Point",
        "coordinates": [40.124392404502063, 5.945925220835992]
}},
{ "type": "Feature",
    "properties": { "id": 66, "mag": 10, "place": "First Homo Sapiens 200000 ago ", "time": -16206, "title": "*1.042", "timefinal": -68950,
        "name": "200000 years ago, First Homo Sapiens ",
        "times": [
-5000, -2000
]},
    "geometry": {
        "type": "Point",
        "coordinates": [41.727192404502063, 7.245925220835992]
}},
{ "type": "Feature",
    "properties": { "id": 66, "mag": 10, "place": "First Homo Sapiens 200000 ago ", "time": -16206, "title": "*1.029", "timefinal": -68950,
        "name": "200000 years ago, First Homo Sapiens ",
        "times": [
-5000, -2000
]},
    "geometry": {
        "type": "Point",
        "coordinates": [42.727192404502063, 7.787895220835992]
}},
{ "type": "Feature",
    "properties": { "id": 66, "mag": 10, "place": "First Homo Sapiens 200000 ago ", "time": -16206, "title": "*1.044", "timefinal": -68950,
        "name": "200000 years ago, First Homo Sapiens ",
        "times": [
-5000, -2000
]},
    "geometry": {
        "type": "Point",
        "coordinates": [43.727192404502063, 8.245925220835992]
}},
{ "type": "Feature",
    "properties": { "id": 66, "mag": 10, "place": "First Homo Sapiens 200000 ago ", "time": -16206, "title": "*24.001", "timefinal": -68950,
        "name": "200000 years ago, First Homo Sapiens ",
        "times": [
-5000, -2000
]},
    "geometry": {
        "type": "Point",
        "coordinates": [44.727192404502063, 9.245925220835992]
}},
{ "type": "Feature",
    "properties": { "id": 66, "mag": 10, "place": "First Homo Sapiens 200000 ago ", "time": -16206, "title": "*110.001", "timefinal": -68950,
        "name": "200000 years ago, First Homo Sapiens ",
        "times": [
-5000, -2000
]},
    "geometry": {
        "type": "Point",
        "coordinates": [44.727192404502063, 9.245925220835992]
}},
{ "type": "Feature",
    "properties": { "id": 66, "mag": 10, "place": "First Homo Sapiens 200000 ago ", "time": -16206, "title": "*19.002", "timefinal": -68950,
        "name": "200000 years ago, First Homo Sapiens ",
        "times": [
-5000, -2000
]},
    "geometry": {
        "type": "Point",
        "coordinates": [45.727192404502063, 7.245925220835992]
}},
{ "type": "Feature",
    "properties": { "id": 66, "mag": 10, "place": "First Homo Sapiens 200000 ago ", "time": -16206, "title": "*1.030", "timefinal": -68950,
        "name": "200000 years ago, First Homo Sapiens ",
        "times": [
-5000, -2000
]},
    "geometry": {
        "type": "Point",
        "coordinates": [45.727192404502063, 4.245925220835992]
}},
{ "type": "Feature",
    "properties": { "id": 66, "mag": 10, "place": "First Homo Sapiens 200000 ago ", "time": -16206, "title": "*1.063", "timefinal": -68950,
        "name": "200000 years ago, First Homo Sapiens ",
        "times": [
-5000, -2000
]},
    "geometry": {
        "type": "Point",
        "coordinates": [45.347192404502063, 5.945925220835992]
}},
{ "type": "Feature",
    "properties": { "id": 66, "mag": 10, "place": "First Homo Sapiens 200000 ago ", "time": -16206, "title": "*23.001", "timefinal": -68950,
        "name": "200000 years ago, First Homo Sapiens ",
        "times": [
-5000, -2000
]},
    "geometry": {
        "type": "Point",
        "coordinates": [46.727192404502063, 8.245925220835992]
}},
{ "type": "Feature",
    "properties": { "id": 66, "mag": 10, "place": "First Homo Sapiens 200000 ago ", "time": -16206, "title": "*1.063", "timefinal": -68950,
        "name": "200000 years ago, First Homo Sapiens ",
        "times": [
-5000, -2000
]},
    "geometry": {
        "type": "Point",
        "coordinates": [45.727192404502063, 8.989925220835992]
}},
{ "type": "Feature",
    "properties": { "id": 66, "mag": 10, "place": "First Homo Sapiens 200000 ago ", "time": -16206, "title": "*96.001", "timefinal": -68950,
        "name": "200000 years ago, First Homo Sapiens ",
        "times": [
-5000, -2000
]},
    "geometry": {
        "type": "Point",
        "coordinates": [41.727192404502063, 6.245925220835992]
}},
{ "type": "Feature",
    "properties": { "id": 66, "mag": 10, "place": "First Homo Sapiens 200000 ago ", "time": -16206, "title": "*1.052", "timefinal": -68950,
        "name": "200000 years ago, First Homo Sapiens ",
        "times": [
-5000, -2000
]},
    "geometry": {
        "type": "Point",
        "coordinates": [42.727192404502063, 7.945925220835992]
}},
{ "type": "Feature",
    "properties": { "id": 66, "mag": 10, "place": "First Homo Sapiens 200000 ago ", "time": -16206, "title": "*89.001", "timefinal": -68950,
        "name": "200000 years ago, First Homo Sapiens ",
        "times": [
-5000, -2000
]},
    "geometry": {
        "type": "Point",
        "coordinates": [42.127192404502063, 6.145925220835992]
}},
{ "type": "Feature",
    "properties": { "id": 66, "mag": 10, "place": "First Homo Sapiens 200000 ago ", "time": -16206, "title": "*1.060", "timefinal": -68950,
        "name": "200000 years ago, First Homo Sapiens ",
        "times": [
-5000, -2000
]},
    "geometry": {
        "type": "Point",
        "coordinates": [42.727192404502063, 6.545925220835992]
}},
{ "type": "Feature", "properties": { "id": 3.3, "mag": "#0000FF", "place": "(AFR-EAS to EUR)", "time": null, "title": "15000 years ago, South America", "timefinal": null, "name": "15000 years ago, South America",
"times": [
  -5000, -4985, -4970, -4955, -4939, -4924, -4909, -4894, -4879, -4864, -4848, -4833, -4818, -4803, -4788, -4773, -4758, -4742, -4727, -4712,
  -4697, -4682, -4667, -4652, -4636, -4621, -4606, -4591, -4576, -4561, -4545, -4530, -4515, -4500, -4485, -4470, -4455, -4439, -4424, -4409,
  -4394, -4379, -4364, -4348, -4333, -4318, -4303, -4288, -4273, -4258, -4242, -4227, -4212, -4197, -4182, -4167, -4152, -4136, -4121, -4106,
  -4091, -4076, -4061, -4045, -4030, -4015, -4000, -3985, -3970, -3955, -3939, -3924, -3909, -3894, -3879, -3864, -3848, -3833, -3818, -3803,
  -3788, -3773, -3758, -3742, -3727, -3712, -3697, -3682, -3667, -3652, -3636, -3621, -3606, -3591, -3576, -3561, -3545, -3530, -3515, -3500,
  -3485, -3470, -3455, -3439, -3424, -3409, -3394, -3379, -3364, -3348, -3333, -3318, -3303, -3288, -3273, -3258, -3242, -3227, -3212, -3197,
  -3182, -3167, -3152, -3136, -3121, -3106, -3091, -3076, -3061, -3045, -3030, -3015, -3000, -2985, -2970, -2955, -2939, -2924, -2909, -2894,
  -2879, -2864, -2848, -2833, -2818, -2803, -2788, -2773, -2758, -2742, -2727, -2712, -2697, -2682, -2667, -2652, -2636, -2621, -2606, -2591,
  -2576, -2561, -2545, -2530, -2515, -2500, -2485, -2470, -2455, -2439, -2424, -2409, -2394, -2379, -2364, -2348, -2333, -2318, -2303, -2288,
  -2273, -2258, -2242, -2227, -2212, -2197, -2182, -2167, -2152, -2136, -2121, -2106, -2091, -2076, -2061, -2045, -2030, -2015, -2000
]},
 "geometry":
 { "type": "LineString", "coordinates": [ [ 39.025585150166158, 10.940748900920234 ], [ 38.482587258028062, 11.46889733883221 ], [ 37.957422737560073, 12.014781676193991 ], [ 37.450670574018815, 12.577800084491207 ], [ 36.962889453339855, 13.157331845177762 ], [ 36.494617146195665, 13.752738034007823 ], [ 36.267958985628624, 14.056189569978946 ], [ 35.829911013433076, 14.674171331352737 ], [ 35.412620944890165, 15.306355230254574 ], [ 35.016548835445377, 15.952044294321203 ], [ 34.826606899680414, 16.279731366804576 ], [ 34.600373212923117, 16.63974342907014 ], [ 34.386776165772943, 17.00739362619953 ], [ 34.090633527035472, 17.572218163236457 ], [ 33.909720936223238, 17.957005117908988 ], [ 33.663671177872601, 18.545381474107092 ], [ 33.516805906295687, 18.944406483354879 ], [ 33.383884012046074, 19.34829029836812 ], [ 33.265065793475323, 19.756545851834613 ], [ 33.160494540480698, 20.168680804304906 ], [ 33.030621848242681, 20.793068747756902 ], [ 32.933436863498088, 21.423372086521312 ], [ 32.869203255603765, 22.05788076552755 ], [ 32.838095294629561, 22.694873320336001 ], [ 32.835805176160086, 23.120061656674089 ], [ 32.848279693961487, 23.54507312993826 ], [ 32.894637390774335, 24.181137736769649 ], [ 32.974051729999275, 24.81392568137893 ], [ 33.028004478747619, 25.223432293101428 ], [ 33.142494141886189, 26.017553020221339 ], [ 33.310647420715711, 26.802065663220748 ], [ 33.53168795896427, 27.57334816182799 ], [ 33.661731450355198, 27.952912463711897 ], [ 33.804595222215795, 28.327839538764536 ], [ 33.960114328001957, 28.697696506595658 ], [ 34.128109209672466, 29.062056340620039 ], [ 34.308385905001657, 29.420498361090502 ], [ 34.500736271522847, 29.772608720803085 ], [ 34.704938226843858, 30.117980882913521 ], [ 34.811410400633939, 30.288015211722978 ], [ 35.032943475985959, 30.622534965164885 ], [ 35.386229197690682, 31.109722264076574 ], [ 35.525798644832143, 31.311892203370952 ], [ 35.695268180566153, 31.592167867048008 ], [ 35.845005448963818, 31.883463458577168 ], [ 35.974297456109142, 32.184391935261999 ], [ 36.082528560916472, 32.493520386142372 ], [ 36.169183406587351, 32.809376854990603 ], [ 36.257836172272292, 33.292479608053881 ], [ 36.283300978086061, 33.536823338471777 ], [ 36.297527995571755, 33.864041863566214 ], [ 36.283532815027257, 34.273166432895508 ], [ 36.220301523228883, 34.760248958365686 ], [ 36.169873337811048, 35.000684631769474 ], [ 36.0834174035339, 35.316595604386414 ], [ 36.004386857217924, 35.549203617315172 ], [ 35.88049712537719, 35.852396139544773 ], [ 35.65993187332208, 36.405066672654883 ], [ 35.529321658030696, 36.787913374981898 ], [ 35.3792004266272, 37.163538509528344 ], [ 35.268474156088544, 37.409451755158365 ], [ 35.086742015352165, 37.770843585232747 ], [ 34.886669556811725, 38.122413830211919 ], [ 34.668786006093768, 38.463232527098796 ], [ 34.513917972619851, 38.684025469856515 ], [ 34.181936572933395, 39.109040007641582 ], [ 34.005213542164398, 39.312761881183704 ], [ 33.821609894693829, 39.510305122017691 ], [ 33.533777647055615, 39.794529017988218 ], [ 33.127998985948992, 40.149765115896287 ], [ 32.916214774195744, 40.316741398690425 ], [ 32.698830363311039, 40.476358594718924 ], [ 32.250097993901726, 40.702663887279421 ], [ 31.733819012458632, 40.904307033752616 ], [ 31.384077608618487, 41.023610635343424 ], [ 31.030387679386198, 41.130642559890603 ], [ 30.673179667065305, 41.225272549039758 ], [ 30.131723241791754, 41.343716142068345 ], [ 29.767630001203038, 41.406870801993172 ], [ 29.033945131253883, 41.494904445266158 ], [ 28.665246399822923, 41.519676291257369 ], [ 28.295907973338768, 41.531572745973968 ], [ 27.742569947579792, 41.629608649654429 ], [ 27.37567558458268, 41.732689239745156 ], [ 27.010559164017121, 41.841900416306451 ], [ 26.647323116545934, 41.957211540965005 ], [ 26.286069345307425, 42.078590264052949 ], [ 25.926899197327216, 42.20600253368341 ], [ 25.569913435086129, 42.339412605303423 ], [ 25.215212208251994, 42.478783051721848 ], [ 24.862895025583452, 42.624074773609259 ], [ 24.513060727013489, 42.775247010466991 ], [ 24.165807455920657, 42.93225735206218 ], [ 23.821232631595674, 43.095061750325613 ], [ 23.479432921911197, 43.263614531709131 ], [ 23.140504216202356, 43.437868409998941 ], [ 22.804541598365731, 43.617774499581472 ], [ 22.471639320184288, 43.803282329157796 ], [ 22.141890774885738, 43.994339855903021 ], [ 21.815388470941777, 44.190893480066492 ], [ 21.407289774069312, 44.412769663424442 ], [ 21.002903674261155, 44.641342342046343 ], [ 20.602340044611474, 44.876549411949256 ], [ 20.205707719636184, 45.118326966563302 ], [ 19.81311446570222, 45.366609314095271 ], [ 19.424666951747007, 45.621328995377382 ], [ 19.040470720296156, 45.882416802196104 ], [ 18.660630158787214, 46.14980179609632 ], [ 18.285248471207204, 46.423411327655501 ], [ 17.914427650051788, 46.703171056222828 ], [ 17.548268448613513, 46.989004970117819 ], [ 17.350408188284831, 47.210744925808378 ], [ 17.24864299736231, 47.319026070991839 ], [ 17.039593452666274, 47.530250071591603 ], [ 16.600297194870645, 47.930478948221911 ], [ 16.370571796317527, 48.119008871116385 ], [ 16.014150998499915, 48.386690683988768 ], [ 15.769059881464131, 48.554761011284036 ], [ 15.390934379078299, 48.790791607828325 ], [ 15.132294415892389, 48.937156426040133 ], [ 15.001122078144652, 49.006976038582266 ], [ 14.735267271618948, 49.139786100001444 ], [ 14.464995772868805, 49.263360399636667 ], [ 13.91249048826473, 49.48222626332165 ], [ 13.416681951584597, 49.749954041941905 ], [ 12.902807676761682, 50.034683682066607 ], [ 12.655253043302702, 50.179196415899547 ], [ 12.153256215274405, 50.456047188573521 ], [ 11.642519709396684, 50.716422662158244 ], [ 11.123584053892909, 50.960047273245713 ], [ 10.59699845439982, 51.186663186383242 ], [ 10.063320212726232, 51.396030566948646 ] ]
 }},


{ "type": "Feature",
    "properties": { "id": 66, "mag": 10, "place": "First Homo Sapiens 200000 ago(AFR-EAS to EUR) ", "time": -16206, "title": "*124.001", "timefinal": -68950,
        "name": "200000 years ago, First Homo Sapiens ",
        "times": [
-5000, -4985, -4970, -4955, -4939, -4924, -4909, -4894, -4879, -4864, -4848, -4833, -4818, -4803, -4788, -4773, -4758, -4742, -4727, -4712,
  -4697, -4682, -4667, -4652, -4636, -4621, -4606, -4591, -4576, -4561, -4545, -4530, -4515, -4500, -4485, -4470, -4455, -4439, -4424, -4409,
  -4394, -4379, -4364, -4348, -4333, -4318, -4303, -4288, -4273, -4258, -4242, -4227, -4212, -4197, -4182, -4167, -4152, -4136, -4121, -4106,
  -4091, -4076, -4061, -4045, -4030, -4015, -4000, -3985, -3970, -3955, -3939, -3924, -3909, -3894, -3879, -3864, -3848, -3833, -3818, -3803,
  -3788, -3773, -3758, -3742, -3727, -3712, -3697, -3682, -3667, -3652, -3636, -3621, -3606, -3591, -3576, -3561, -3545, -3530, -3515, -3500,
  -3485, -3470, -3455, -3439, -3424, -3409, -3394, -3379, -3364, -3348, -3333, -3318, -3303, -3288, -3273, -3258, -3242, -3227, -3212, -3197,
  -3182, -3167, -3152, -3136, -3121, -3106, -3091, -3076, -3061, -3045, -3030
]},
    "geometry": {
        "type": "Point",
        "coordinates": [39.125585150166158, 10.840748900920234]
}},
{ "type": "Feature",
    "properties": { "id": 66, "mag": 10, "place": "First Homo Sapiens 200000 ago(AFR-EAS to EUR) ", "time": -16206, "title": "*124.001", "timefinal": -68950,
        "name": "200000 years ago, First Homo Sapiens ",
        "times": [
-3030, -3288, -3273, -3258, -3242, -3227, -3212, -3197,
  -3182, -3167, -3152, -3136, -3121, -3106, -3091, -3076, -3061, -3045, -3030, -3015, -3000, -2985, -2970, -2955, -2939, -2924, -2909, -2894,
  -2879, -2864, -2848, -2833, -2818, -2803, -2788, -2773, -2758, -2742, -2727, -2712, -2697, -2682, -2667, -2652, -2636, -2621, -2606, -2591,
  -2576, -2561, -2545, -2530, -2515, -2500, -2485, -2470, -2455, -2439, -2424, -2409, -2394, -2379, -2364, -2348, -2333, -2318, -2303, -2288,
  -2273, -2258, -2242, -2227, -2212, -2197, -2182, -2167, -2152, -2136, -2121, -2106, -2091, -2076, -2061, -2045, -2030, -2015, -2000
]},
    "geometry": {
        "type": "Point",
        "coordinates": [ 10.073320212726232, 51.386030566948646 ]
}},
{ "type": "Feature",
    "properties": { "id": 66, "mag": 10, "place": "First Homo Sapiens 200000 ago ", "time": -16206, "title": "*48.001", "timefinal": -68950,
        "name": "200000 years ago, First Homo Sapiens ",
        "times": [
-5000, -2000
]},
    "geometry": {
        "type": "Point",
        "coordinates": [41.427192404502063, 6.195925220835992]
}},
{ "type": "Feature",
    "properties": { "id": 66, "mag": 10, "place": "First Homo Sapiens 200000 ago ", "time": -16206, "title": "*1.017", "timefinal": -68950,
        "name": "200000 years ago, First Homo Sapiens ",
        "times": [
-5000, -2000
]},
    "geometry": {
        "type": "Point",
        "coordinates": [43.127192404502063, 6.145925220835992]
}},
{ "type": "Feature",
    "properties": { "id": 66, "mag": 10, "place": "First Homo Sapiens 200000 ago ", "time": -16206, "title": "*62.001", "timefinal": -68950,
        "name": "200000 years ago, First Homo Sapiens ",
        "times": [
-5000, -2000
]},
    "geometry": {
        "type": "Point",
        "coordinates": [43.427192404502063, 6.445925220835992]
}},
{ "type": "Feature",
    "properties": { "id": 66, "mag": 10, "place": "First Homo Sapiens 200000 ago ", "time": -16206, "title": "*18.001", "timefinal": -68950,
        "name": "200000 years ago, First Homo Sapiens ",
        "times": [
-5000, -2000
]},
    "geometry": {
        "type": "Point",
        "coordinates": [43.627192404502063, 6.645925220835992]
}},
{ "type": "Feature", "properties": { "id": 3.3, "mag": "#0000FF", "place": "(AFR-EAS to AMR)", "time": null, "title": "15000 years ago, South America", "timefinal": null, "name": "15000 years ago, South America",
"times": [
  -5000, -4993, -4986, -4980, -4973, -4966, -4960, -4953, -4946, -4940,
  -4933, -4926, -4920, -4913, -4906, -4900, -4893, -4886, -4880, -4873,
  -4866, -4860, -4853, -4846, -4840, -4833, -4826, -4820, -4813, -4806,
  -4800, -4793, -4786, -4780, -4773, -4766, -4760, -4753, -4746, -4740,
  -4733, -4726, -4720, -4713, -4706, -4700, -4693, -4686, -4680, -4673,
  -4666, -4660, -4653, -4646, -4640, -4633, -4626, -4620, -4613, -4606,
  -4600, -4593, -4586, -4580, -4573, -4566, -4560, -4553, -4546, -4540,
  -4533, -4526, -4520, -4513, -4506, -4500, -4493, -4486, -4480, -4473,
  -4466, -4460, -4453, -4446, -4440, -4433, -4426, -4420, -4413, -4406,
  -4400, -4393, -4386, -4380, -4373, -4366, -4360, -4353, -4346, -4340,
  -4333, -4326, -4320, -4313, -4306, -4300, -4293, -4286, -4280, -4273,
  -4266, -4260, -4253, -4246, -4240, -4233, -4226, -4220, -4213, -4206,
  -4200, -4193, -4186, -4180, -4173, -4166, -4160, -4153, -4146, -4140,
  -4133, -4126, -4120, -4113, -4106, -4100, -4093, -4086, -4080, -4073,
  -4066, -4060, -4053, -4046, -4040, -4033, -4026, -4020, -4013, -4006,
  -4000, -3993, -3986, -3980, -3973, -3966, -3960, -3953, -3946, -3940,
  -3933, -3926, -3920, -3913, -3906, -3900, -3893, -3886, -3880, -3873,
  -3866, -3860, -3853, -3846, -3840, -3833, -3826, -3820, -3813, -3806,
  -3800, -3793, -3786, -3780, -3773, -3766, -3760, -3753, -3746, -3740,
  -3733, -3726, -3720, -3713, -3706, -3700, -3693, -3686, -3680, -3673,
  -3666, -3660, -3653, -3646, -3640, -3633, -3626, -3620, -3613, -3606,
  -3600, -3593, -3586, -3580, -3573, -3566, -3560, -3553, -3546, -3540,
  -3533, -3526, -3520, -3513, -3506, -3500, -3493, -3486, -3480, -3473,
  -3466, -3460, -3453, -3446, -3440, -3433, -3426, -3420, -3413, -3406,
  -3400, -3393, -3386, -3380, -3373, -3366, -3360, -3353, -3346, -3340,
  -3333, -3326, -3320, -3313, -3306, -3300, -3293, -3286, -3280, -3273,
  -3266, -3260, -3253, -3246, -3240, -3233, -3226, -3220, -3213, -3206,
  -3200, -3193, -3186, -3180, -3173, -3166, -3160, -3153, -3146, -3140,
  -3133, -3126, -3120, -3113, -3106, -3100, -3093, -3086, -3080, -3073,
  -3066, -3060, -3053, -3046, -3040, -3033, -3026, -3020, -3013, -3006,
  -3000, -2993, -2986, -2980, -2973, -2966, -2960, -2953, -2946, -2940,
  -2933, -2926, -2920, -2913, -2906, -2900, -2893, -2886, -2880, -2873,
  -2866, -2860, -2853, -2846, -2840, -2833, -2826, -2820, -2813, -2806,
  -2800, -2793, -2786, -2780, -2773, -2766, -2760, -2753, -2746, -2740,
  -2733, -2726, -2720, -2713, -2706, -2700, -2693, -2686, -2680, -2673,
  -2666, -2660, -2653, -2646, -2640, -2633, -2626, -2620, -2613, -2606,
  -2600, -2593, -2586, -2580, -2573, -2566, -2560, -2553, -2546, -2540,
  -2533, -2526, -2520, -2513, -2506, -2500, -2493, -2486, -2480, -2473,
  -2466, -2460, -2453, -2446, -2440, -2433, -2426, -2420, -2413, -2406,
  -2400, -2393, -2386, -2380, -2373, -2366, -2360, -2353, -2346, -2340,
  -2333, -2326, -2320, -2313, -2306, -2300, -2293, -2286, -2280, -2273,
  -2266, -2260, -2253, -2246, -2240, -2233, -2226, -2220, -2213, -2206,
  -2200, -2193, -2186, -2180, -2173, -2166, -2160, -2153, -2146, -2140,
  -2133, -2126, -2120, -2113, -2106, -2100, -2093, -2086, -2080, -2073,
  -2066, -2060, -2053, -2046, -2040, -2033, -2026, -2020, -2013, -2006,
  -2000
]},
 "geometry":
 { "type": "LineString", "coordinates":[ [ 35.601229928401366, 3.18588712147853 ], [ 35.122542236670597, 4.437533894795472 ], [ 34.665632586614421, 5.697293841394128 ], [ 34.230638401797663, 6.964788066447763 ], [ 33.817690514325946, 8.239635348909999 ], [ 33.426913125495503, 9.521452256173895 ], [ 33.058423768437578, 10.809853259396007 ], [ 32.712333272768205, 12.104450849450938 ], [ 32.388745731254247, 13.404855653481459 ], [ 32.087758468505754, 14.710676552009232 ], [ 31.8094620117038, 16.021520796570801 ], [ 31.553940063372949, 17.336994127843582 ], [ 31.321269476206155, 18.65670089422624 ], [ 31.111520229950017, 19.980244170837807 ], [ 30.924755410357161, 21.307225878899843 ], [ 30.918987620315345, 21.619794470078954 ], [ 30.918669403654462, 21.932416110935478 ], [ 30.923800857079879, 22.244995796422891 ], [ 30.934380421153897, 22.557438534244834 ], [ 30.950404880769675, 22.86964937372305 ], [ 30.971869366128285, 23.181533434652682 ], [ 30.998767354218636, 23.492995936136182 ], [ 31.031090670799809, 23.803942225387011 ], [ 31.06882949288519, 24.114277806494425 ], [ 31.111972351727637, 24.42390836914057 ], [ 31.160506136304836, 24.732739817261198 ], [ 31.214416097303687, 25.040678297641239 ], [ 31.273685851602611, 25.347630228436621 ], [ 31.338297387250332, 25.65350232761357 ], [ 31.408231068939664, 25.958201641296817 ], [ 31.483465643974654, 26.261635572018108 ], [ 31.563978248729232, 26.563711906856341 ], [ 31.649744415595393, 26.86433884546091 ], [ 31.740738080418886, 27.1634250279496 ], [ 31.836931590420026, 27.460879562672687 ], [ 31.938295712597327, 27.756612053834704 ], [ 32.044799642611345, 28.050532628965534 ], [ 32.156411014146059, 28.342551966232449 ], [ 32.273095908744914, 28.632581321584837 ], [ 32.39481886611857, 28.920532555723327 ], [ 32.521542894921204, 29.206318160885129 ], [ 32.653229483992121, 29.48985128743745 ], [ 32.789838614059192, 29.771045770270927 ], [ 32.931328769900631, 30.049816154985002 ], [ 33.077656952961377, 30.326077723857349 ], [ 33.228778694420271, 30.599746521589388 ], [ 33.384648068704038, 30.870739380820133 ], [ 33.545217707443953, 31.138973947400579 ], [ 33.710438813871022, 31.404368705420939 ], [ 33.88026117764516, 31.666843001983157 ], [ 34.05463319011406, 31.926317071711164 ], [ 34.23350185999692, 32.182712060991378 ], [ 34.4168128294884, 32.435950051936189 ], [ 34.604510390777818, 32.685954086062992 ], [ 34.796537502978651, 32.932648187681728 ], [ 34.992835809463145, 33.17595738698374 ], [ 35.193345655596744, 33.415807742824938 ], [ 35.398006106867037, 33.652126365196324 ], [ 35.606754967401599, 33.884841437375137 ], [ 35.819528798869186, 34.113882237749806 ], [ 36.036262939758529, 34.339179161312082 ], [ 36.25689152502882, 34.560663740809844 ], [ 36.481347506125935, 34.778268667554158 ], [ 36.70956267135837, 34.991927811874262 ], [ 36.941467666626629, 35.201576243214205 ], [ 37.176992016499767, 35.407150249865111 ], [ 37.416064145632731, 35.608587358327028 ], [ 37.658611400517962, 35.805826352294517 ], [ 37.904560071564646, 35.9988072912601 ], [ 38.153835415498861, 36.187471528730129 ], [ 38.406361678077943, 36.371761730047247 ], [ 38.662062117112036, 36.551621889814342 ], [ 38.92085902578583, 36.726997348914395 ], [ 39.182673756273552, 36.897834811121342 ], [ 39.447426743639838, 37.064082359296634 ], [ 39.715037530019366, 37.225689471166739 ], [ 39.985424789067814, 37.382607034676802 ], [ 40.194024336505727, 37.821841373517962 ], [ 40.410186229598565, 38.25740378188577 ], [ 40.633845857504191, 38.689164070070959 ], [ 40.864936368305749, 39.11699318481903 ], [ 41.103388688993704, 39.54076324790416 ], [ 41.349131546111764, 39.960347594352044 ], [ 41.602091487060513, 40.375620810300106 ], [ 41.862192902052463, 40.786458770483719 ], [ 42.129358046711801, 41.192738675337253 ], [ 42.403507065312198, 41.594339087698948 ], [ 42.684558014645724, 41.99113996910846 ], [ 42.972426888515685, 42.383022715686423 ], [ 43.267027642846088, 42.769870193585142 ], [ 43.56827222140025, 43.15156677399996 ], [ 43.876070582100823, 43.527998367730731 ], [ 44.190330723943376, 43.899052459283077 ], [ 44.510958714495558, 44.264618140499344 ], [ 44.837858717973475, 44.624586143709045 ], [ 45.170933023887081, 44.978848874389001 ], [ 45.510082076245794, 45.327300443323374 ], [ 45.855204503315903, 45.669836698253974 ], [ 46.20619714792052, 46.0063552550114 ], [ 46.562955098273321, 46.336755528117692 ], [ 46.925371719336702, 46.660938760851352 ], [ 47.29333868469503, 46.978808054765736 ], [ 47.666746008933394, 47.290268398652053 ], [ 48.045482080512329, 47.595226696938234 ], [ 48.429433695128466, 47.893591797515199 ], [ 48.818486089551399, 48.185274518982254 ], [ 49.212522975926369, 48.470187677303443 ], [ 49.6114265765328, 48.748246111866884 ], [ 50.015077658988041, 49.019366710939252 ], [ 50.423355571885963, 49.283468436507945 ], [ 50.836138280859693, 49.540472348503357 ], [ 51.253302405057759, 49.790301628394062 ], [ 51.674723254022581, 50.032881602147903 ], [ 52.100274864960525, 50.268139762552089 ], [ 52.52983004039222, 50.496005790885597 ], [ 52.963260386171882, 50.716411577937492 ], [ 53.400436349864393, 50.92929124436472 ], [ 53.841227259468511, 51.134581160383547 ], [ 54.285501362474811, 51.332219964788436 ], [ 54.733125865246492, 51.522148583292974 ], [ 55.183966972711488, 51.704310246187191 ], [ 77.981780248177003, 60.472699967520086 ], [ 79.791429573887399, 61.052355493763542 ], [ 81.610783985097726, 61.600790300789683 ], [ 83.439304894477488, 62.117842034283797 ], [ 85.276451001118289, 62.603357630328702 ], [ 87.121678450776344, 63.057193360716624 ], [ 88.974440996870811, 63.479214875497348 ], [ 90.834190162190367, 63.869297242750136 ], [ 92.700375401259976, 64.227324985567591 ], [ 94.572444263320165, 64.553192116240481 ], [ 96.449842555870049, 64.846802167633584 ], [ 98.332014508726218, 65.108068221743011 ], [ 100.218402938548479, 65.336912935426682 ], [ 102.108449413784086, 65.533268563300496 ], [ 104.001594419981387, 65.697076977793031 ], [ 105.897277525424002, 65.828289686353216 ], [ 107.794937547036739, 65.926867845805688 ], [ 109.694012716513697, 65.992782273849599 ], [ 111.593940846619759, 66.026013457697573 ], [ 113.423353417142167, 66.4237977943706 ], [ 115.259422795354993, 66.789628315345666 ], [ 117.101590897533157, 67.123393824356285 ], [ 118.949297786209684, 67.424992871478608 ], [ 120.80198184037198, 67.694333783967735 ], [ 122.659079926169753, 67.931334694122185 ], [ 124.520027568082639, 68.135923564168039 ], [ 126.384259120495841, 68.308038208155153 ], [ 128.251207939631314, 68.447626310859121 ], [ 130.120306555782264, 68.554645443682574 ], [ 131.990986845799, 68.629063077551706 ], [ 133.862680205772989, 68.670856592803673 ], [ 135.734817723867309, 68.680013286061893 ], [ 137.606830353240667, 68.656530374097443 ], [ 138.897524002330812, 68.842126554858012 ], [ 140.191153704314559, 69.006011368859731 ], [ 141.487354268295604, 69.148138551517022 ], [ 142.78575977762506, 69.268467980410634 ], [ 144.086003693199189, 69.366965686614307 ], [ 145.387718956933298, 69.443603864284128 ], [ 146.690538095381982, 69.49836087850808 ], [ 147.994093323476676, 69.531221271413571 ], [ 149.298016648351108, 69.54217576653123 ], [ 150.601939973225569, 69.531221271413585 ], [ 151.905495201320264, 69.498360878508095 ], [ 153.208314339768947, 69.443603864284142 ], [ 154.510029603503057, 69.366965686614336 ], [ 155.810273519077157, 69.268467980410648 ], [ 157.108679028406613, 69.148138551517036 ], [ 158.404879592387658, 69.00601136885976 ], [ 159.698509294371405, 68.842126554858027 ], [ 160.989202943461692, 68.656530374097443 ], [ 161.818682922249366, 68.470223056402176 ], [ 162.651203406548944, 68.298010701857038 ], [ 163.486524905307334, 68.139942850766332 ], [ 164.324407121703956, 67.996064974487027 ], [ 165.164609022277034, 67.86641846234798 ], [ 166.006888906261423, 67.751040609743484 ], [ 166.851004475118884, 67.649964607404542 ], [ 167.696712902239938, 67.563219531850791 ], [ 168.543770902797775, 67.49083033702621 ], [ 169.391934803733989, 67.432817847120475 ], [ 170.240960613855947, 67.389198750578601 ], [ 171.090604094025764, 67.359985595300088 ], [ 171.940620827420418, 67.345186785029256 ], [ 172.790766289843305, 67.344806576937856 ], [ 173.640795920066239, 67.358845080400286 ], [ 174.490465190182505, 67.387298256962168 ], [ 175.33952967595016, 67.430157921502143 ], [ 176.187745127105387, 67.487411744586396 ], [ 178.06677518031529, 67.308273760280215 ], [ 179.942425317418497, 67.096658728980913 ], [ 181.814134249458675, 66.852629976560294 ], [ 183.681341866886527, 66.576260528707408 ], [ 185.543489407172586, 66.267633089075758 ], [ 187.400019622017339, 65.926840014534037 ], [ 189.250376944107757, 65.553983287528453 ], [ 191.094007653371278, 65.149174485564288 ], [ 199.567922538883437, 65.63003408819452 ], [ 208.046227781281544, 66.026013457697573 ], [ 208.510650897613857, 66.135453720109609 ], [ 208.976896357646694, 66.236849839460717 ], [ 209.444824841967744, 66.330171517444569 ], [ 209.914296528258035, 66.415390868489197 ], [ 210.385171133072419, 66.492482428089488 ], [ 210.857307953757868, 66.561423160416268 ], [ 211.330565910496944, 66.622192465199632 ], [ 211.804803588464154, 66.674772183884613 ], [ 212.279879280082156, 66.719146605057063 ], [ 212.755651027365701, 66.755302469138485 ], [ 213.231976664340237, 66.783228972348127 ], [ 213.708713859522675, 66.802917769931241 ], [ 214.185720158451772, 66.814362978652611 ], [ 214.662853026254965, 66.817561178554541 ], [ 215.139969890239513, 66.812511413978754 ], [ 215.616928182494775, 66.799215193851978 ], [ 216.09358538249316, 66.777676491235013 ], [ 216.569799059676797, 66.747901742135639 ], [ 217.045426916017533, 66.709899843585333 ], [ 217.520326828537037, 66.663682150980819 ], [ 217.994356891774828, 66.609262474690951 ], [ 218.467375460191221, 66.546657075929957 ], [ 218.939241190492595, 66.475884661898462 ], [ 219.409813083866453, 66.396966380193561 ], [ 219.878950528113336, 66.309925812489638 ], [ 220.346513339663375, 66.214788967491899 ], [ 220.812361805464832, 66.111584273164766 ], [ 221.276356724731727, 66.000342568237159 ], [ 221.738359450538866, 65.881097092987574 ], [ 222.198231931250859, 65.753883479311583 ], [ 222.655836751773705, 65.618739740074517 ], [ 223.111037174615831, 65.475706257752847 ], [ 223.563697180746885, 65.324825772367461 ], [ 224.013681510241781, 65.166143368712426 ], [ 224.460855702697785, 64.999706462883125 ], [ 224.905086137412894, 64.82556478810784 ], [ 225.346240073313169, 64.643770379886917 ], [ 225.784185688617328, 64.454377560443874 ], [ 226.218792120226482, 64.257442922493411 ], [ 226.649929502827575, 64.053025312330803 ], [ 227.077469007698596, 63.841185812248007 ], [ 227.501282881204133, 63.621987722281531 ], [ 227.921244482969428, 63.39549654129771 ], [ 228.608650993601287, 63.043410254615125 ], [ 229.290022688078153, 62.679782590520773 ], [ 229.965165807202567, 62.304716952494672 ], [ 230.633888362974432, 61.918319996591919 ], [ 231.296000193185989, 61.520701601113473 ], [ 231.951313015497533, 61.111974835360286 ], [ 232.599640480978536, 60.692255927480318 ], [ 233.240798227099106, 60.261664231417114 ], [ 233.874603930156383, 59.82032219296957 ], [ 234.500877357121368, 59.368355314972419 ], [ 235.119440416891109, 58.905892121607508 ], [ 235.730117210931752, 58.433064121855807 ], [ 236.332734083298305, 57.950005772100695 ], [ 236.927119670016396, 57.456854437893085 ], [ 237.513104947812536, 56.953750354889223 ], [ 238.090523282178623, 56.440836588972502 ], [ 238.659210474757145, 55.918258995570213 ], [ 239.219004810033738, 55.386166178177234 ], [ 239.769747101323645, 54.844709446098179 ], [ 240.311280736038981, 54.294042771420145 ], [ 240.843451720224152, 53.734322745228155 ], [ 241.366108722346524, 53.165708533076007 ], [ 242.089062826056704, 51.625989655520286 ], [ 242.835469284864303, 50.097502084022544 ], [ 243.605153671744745, 48.580603009408392 ], [ 244.397936119876249, 47.075646914398504 ], [ 245.21363136467275, 45.582985490769836 ], [ 246.05204878707832, 44.102967557169166 ], [ 246.912992458112569, 42.635938977597924 ], [ 247.796261184657311, 41.182242580587719 ], [ 248.302522139991623, 40.530943704796172 ], [ 248.79767283343358, 39.871158761585647 ], [ 249.281571047209837, 39.20307725517528 ], [ 249.754077795497665, 38.526891072733015 ], [ 250.215057364344688, 37.842794429261495 ], [ 250.664377350648721, 37.150983811815422 ], [ 251.101908700186897, 36.451657923066342 ], [ 251.527525744682549, 35.745017624230961 ], [ 251.941106237900044, 35.03126587737961 ], [ 252.342531390756278, 34.310607687141186 ], [ 252.731685905439633, 33.583250041821529 ], [ 253.108458008525702, 32.849401853951946 ], [ 253.472739483081256, 32.109273900285139 ], [ 253.8244256997462, 31.363078761255622 ], [ 254.163415646785495, 30.611030759922151 ], [ 254.489611959101836, 29.853345900409568 ], [ 254.802920946200913, 29.090241805867855 ], [ 255.103252619101397, 28.321937655966153 ], [ 255.167702279504908, 28.090031562221469 ], [ 255.236125778561728, 27.859266703937397 ], [ 255.30850292753135, 27.629711169590962 ], [ 255.384812371126458, 27.401432690841322 ], [ 255.465031593814018, 27.174498622545151 ], [ 255.549136926458516, 26.948975922883218 ], [ 255.637103553305707, 26.724931133603988 ], [ 255.728905519304647, 26.502430360390107 ], [ 255.824515737765893, 26.281539253353543 ], [ 255.923905998353575, 26.062322987665155 ], [ 256.02704697540895, 25.844846244324387 ], [ 256.133908236603247, 25.62917319107477 ], [ 256.24445825191674, 25.415367463470869 ], [ 256.35866440294194, 25.203492146102253 ], [ 256.476492992507929, 24.993609753980031 ], [ 256.597909254622607, 24.785782214091444 ], [ 256.722877364730948, 24.580070847127949 ], [ 256.851360450285085, 24.376536349392214 ], [ 256.983320601623689, 24.175238774889326 ], [ 257.118718883157499, 23.976237517607515 ], [ 257.257515344857495, 23.779591293993626 ], [ 257.399669034042404, 23.585358125628488 ], [ 257.545138007462015, 23.393595322107338 ], [ 257.693879343672677, 23.204359464130278 ], [ 257.845849155701615, 23.017706386807838 ], [ 258.001002603996028, 22.833691163186501 ], [ 258.159293909653115, 22.652368087999093 ], [ 258.320676367927661, 22.473790661644813 ], [ 258.485102362012242, 22.298011574403638 ], [ 258.65252337708705, 22.125082690889755 ], [ 258.822890014634424, 21.955055034748611 ], [ 258.996152007014075, 21.78797877360212 ], [ 259.172258232294837, 21.623903204246389 ], [ 259.351156729338584, 21.462876738106438 ], [ 259.532794713131693, 21.304946886952138 ], [ 259.717118590359405, 21.15016024887958 ], [ 259.904073975218807, 20.998562494562062 ], [ 260.093605705465961, 20.850198353774683 ], [ 260.285657858691479, 20.705111602196574 ], [ 260.480173768820976, 20.563345048494643 ], [ 260.677096042834762, 20.424940521692626 ], [ 260.876366577701731, 20.289938858829196 ], [ 261.077926577523101, 20.158379892908783 ], [ 261.281716570880633, 20.030302441148589 ], [ 261.487676428383793, 19.90574429352538 ], [ 261.695745380411381, 19.78474220162532 ], [ 261.905862035041878, 19.667331867800208 ], [ 262.117964396167736, 19.553547934633258 ], [ 262.527281686904757, 19.234201338830111 ], [ 262.941950129516613, 18.921834606527781 ], [ 263.361850713774629, 18.616537387268934 ], [ 263.78686292782055, 18.318397301639436 ], [ 264.216864792753711, 18.02749991612113 ], [ 264.651732897638965, 17.7439287185342 ], [ 265.091342434925764, 17.467765094076075 ], [ 265.535567236268093, 17.199088301963808 ], [ 265.984279808734811, 16.937975452686612 ], [ 266.437351371400382, 16.684501485875057 ], [ 266.894651892304864, 16.438739148793367 ], [ 267.356050125773493, 16.200758975460829 ], [ 267.821413650084196, 15.970629266408523 ], [ 268.290608905472709, 15.748416069076963 ], [ 268.763501232464307, 15.534183158860451 ], [ 269.239954910521419, 15.327992020803453 ], [ 269.719833196995296, 15.129901831954353 ], [ 270.202998366371446, 14.939969444381575 ], [ 270.6893117497969, 14.758249368856994 ], [ 271.178633774878335, 14.584793759211294 ], [ 271.354513583817209, 14.536932366425036 ], [ 271.529532577110103, 14.486013096020423 ], [ 271.703637594310351, 14.432051414268342 ], [ 271.876775752583171, 14.375063711544803 ], [ 272.048894462768544, 14.315067297352508 ], [ 272.219941445354664, 14.25208039506323 ], [ 272.389864746357318, 14.186122136382636 ], [ 272.558612753100476, 14.117212555539201 ], [ 272.726134209893189, 14.04537258319899 ], [ 272.892378233598151, 13.970624040108156 ], [ 273.057294329086687, 13.892989630465092 ], [ 273.22083240457647, 13.812492935024215 ], [ 273.382942786846456, 13.729158403933553 ], [ 273.543576236324384, 13.643011349308203 ], [ 273.702683962043295, 13.554077937542026 ], [ 273.860217636460902, 13.462385181359824 ], [ 274.016129410139058, 13.367960931612478 ], [ 274.170371926277198, 13.270833868817496 ], [ 274.322898335096852, 13.171033494447567 ], [ 274.473662308071766, 13.068590121969756 ], [ 274.622618051999666, 12.96353486763805 ], [ 274.76972032291161, 12.855899641042086 ], [ 274.914924439814399, 12.7457171354149 ], [ 275.058186298262171, 12.633020817702645 ], [ 275.199462383752518, 12.517844918399309 ], [ 275.338709784943774, 12.40022442114951 ], [ 275.47588620668887, 12.280195052122533 ], [ 275.610949982882232, 12.157793269160816 ], [ 275.74386008911523, 12.033056250706224 ], [ 275.87457615513722, 11.90602188450741 ], [ 276.003058477117634, 11.776728756111776 ], [ 276.129268029705486, 11.645216137145441 ], [ 276.253166477883099, 11.511523973384845 ], [ 276.374716188610023, 11.375692872623576 ], [ 276.493880242253624, 11.237764092338121 ], [ 276.610622443803265, 11.097779527156277 ], [ 276.72490733386411, 10.955781696132028 ], [ 276.836700199427526, 10.811813729830774 ], [ 276.945967084415145, 10.665919357228805 ], [ 277.052674799992189, 10.518142892431012 ], [ 277.156790934648825, 10.368529221210888 ], [ 277.258283864044643, 10.217123787376863 ], [ 277.357122760614118, 10.063972578969173 ], [ 277.453277602930484, 9.909122114291382 ], [ 277.546719184824212, 9.752619427780893 ], [ 277.63741912425445, 9.594512055722639 ], [ 277.725349871929325, 9.434848021810367 ], [ 277.810484719674378, 9.273675822559889 ], [ 277.892797808544458, 9.111044412578675 ], [ 277.972264136678348, 8.947003189696355 ], [ 278.048859566892816, 8.781601979960552 ], [ 278.122560834014166, 8.614891022502684 ], [ 278.193345551944617, 8.446920954278269 ], [ 279.156447793229518, 8.284040772818074 ], [ 280.116712146420355, 8.105188172413776 ], [ 281.073873738268958, 7.910412486635899 ], [ 282.027668551373154, 7.699767441178217 ], [ 282.977833497001825, 7.47331113903833 ], [ 283.924106487663437, 7.231106044490915 ], [ 284.866226509398757, 6.973218965858003 ], [ 285.803933693777253, 6.699721037080941 ], [ 286.736969389577553, 6.410687698099302 ], [ 287.66507623413213, 6.106198674041998 ], [ 288.587998224316607, 5.786337953236384 ], [ 289.505480787164117, 5.451193764041477 ], [ 290.41727085008506, 5.100858550511568 ], [ 291.323116910672923, 4.735428946897088 ], [ 292.222769106077294, 4.355005750989577 ], [ 292.656904748431657, 3.968080027341589 ], [ 293.084466088602937, 3.573901676878286 ], [ 293.505331980564279, 3.172582386827887 ], [ 293.919383175389839, 2.764235867745722 ], [ 294.326502355042635, 2.348977821295289 ], [ 294.726574165615773, 1.92692590746514 ], [ 295.119485250017135, 1.498199711230846 ], [ 295.505124280088069, 1.062920708671612 ], [ 295.883381988147221, 0.621212232550974 ], [ 296.254151197950932, 0.173199437371498 ], [ 296.617326855060469, -0.280990736086743 ], [ 296.97280605660859, -0.741229596733803 ], [ 297.320488080456016, -1.207386739633453 ], [ 297.660274413730292, -1.679330082952326 ], [ 297.992068780738748, -2.156925905384259 ], [ 298.315777170247316, -2.640038884039122 ], [ 298.631307862117751, -3.12853213278547 ], [ 298.938571453295935, -3.622267241036088 ], [ 299.237480883143576, -4.121104312965542 ], [ 299.892000105329998, -5.489570619272484 ], [ 300.570203709545126, -6.846455034003021 ], [ 301.271886831337838, -8.1913476841057 ],
  [ 301.996837513816956, -9.523842318872397 ], [ 302.744836771676773, -10.843536432654091 ] ]
}},


{ "type": "Feature",
    "properties": { "id": 66, "mag": 10, "place": "First Homo Sapiens 200000 ago(AFR-EAS to AMR) ", "time": -16206, "title": "*1.033", "timefinal": -68950,
        "name": "200000 years ago, First Homo Sapiens ",
        "times": [
-5000, -4993, -4986, -4980, -4973, -4966, -4960, -4953, -4946, -4940,
  -4933, -4926, -4920, -4913, -4906, -4900, -4893, -4886, -4880, -4873,
  -4866, -4860, -4853, -4846, -4840, -4833, -4826, -4820, -4813, -4806,
  -4800, -4793, -4786, -4780, -4773, -4766, -4760, -4753, -4746, -4740,
  -4733, -4726, -4720, -4713, -4706, -4700, -4693, -4686, -4680, -4673,
  -4666, -4660, -4653, -4646, -4640, -4633, -4626, -4620, -4613, -4606,
  -4600, -4593, -4586, -4580, -4573, -4566, -4560, -4553, -4546, -4540,
  -4533, -4526, -4520, -4513, -4506, -4500, -4493, -4486, -4480, -4473,
  -4466, -4460, -4453, -4446, -4440, -4433, -4426, -4420, -4413, -4406,
  -4400, -4393, -4386, -4380, -4373, -4366, -4360, -4353, -4346, -4340,
  -4333, -4326, -4320, -4313, -4306, -4300, -4293, -4286, -4280, -4273,
  -4266, -4260, -4253, -4246, -4240, -4233, -4226, -4220, -4213, -4206,
  -4200, -4193, -4186, -4180, -4173, -4166, -4160, -4153, -4146, -4140,
  -4133, -4126, -4120, -4113, -4106, -4100, -4093, -4086, -4080, -4073,
  -4066, -4060, -4053, -4046, -4040, -4033, -4026, -4020, -4013, -4006,
  -4000, -3993, -3986, -3980, -3973, -3966, -3960, -3953, -3946, -3940,
  -3933, -3926, -3920, -3913, -3906, -3900, -3893, -3886, -3880, -3873,
  -3866, -3860, -3853, -3846, -3840, -3833, -3826, -3820, -3813, -3806,
  -3800, -3793, -3786, -3780, -3773, -3766, -3760, -3753, -3746, -3740,
  -3733, -3726, -3720, -3713, -3706, -3700, -3693, -3686, -3680, -3673,
  -3666, -3660, -3653, -3646, -3640, -3633, -3626, -3620, -3613, -3606,
  -3600, -3593, -3586, -3580, -3573, -3566, -3560, -3553, -3546, -3540,
  -3533, -3526, -3520, -3513, -3506, -3500, -3493, -3486, -3480, -3473,
  -3466, -3460, -3453, -3446, -3440, -3433, -3426, -3420, -3413, -3406,
  -3400, -3393, -3386, -3380, -3373, -3366, -3360, -3353, -3346, -3340,
  -3333, -3326, -3320, -3313, -3306, -3300, -3293, -3286, -3280, -3273,
  -3266, -3260, -3253, -3246, -3240, -3233, -3226, -3220, -3213, -3206,
  -3200, -3193, -3186, -3180, -3173, -3166, -3160, -3153, -3146, -3140,
  -3133, -3126, -3120, -3113, -3106, -3100, -3093, -3086, -3080, -3073,
  -3066, -3060, -3053, -3046, -3040, -3033, -3026, -3020, -3013, -3006,
  -3000, -2993, -2986, -2980, -2973, -2966, -2960, -2953, -2946, -2940,
  -2933, -2926, -2920, -2913, -2906, -2900, -2893, -2886, -2880, -2873,
  -2866, -2860, -2853, -2846, -2840, -2833, -2826, -2820, -2813, -2806,
  -2800, -2793, -2786, -2780, -2773, -2766, -2760, -2753, -2746, -2740,
  -2733, -2726, -2720, -2713, -2706, -2700, -2693, -2686, -2680, -2673,
  -2666, -2660, -2653, -2646, -2640, -2633, -2626, -2620, -2613, -2606
]},
    "geometry": {
        "type": "Point",
        "coordinates": [35.601229928401366, 3.18588712147853]
}},
{ "type": "Feature",
    "properties": { "id": 66, "mag": 10, "place": "First Homo Sapiens 200000 ago(AFR-EAS to AMR) ", "time": -16206, "title": "*1.033", "timefinal": -68950,
        "name": "200000 years ago, First Homo Sapiens ",
        "times": [

  -2600, -2593, -2586, -2580, -2573, -2566, -2560, -2553, -2546, -2540,
  -2533, -2526, -2520, -2513, -2506, -2500, -2493, -2486, -2480, -2473,
  -2466, -2460, -2453, -2446, -2440, -2433, -2426, -2420, -2413, -2406,
  -2400, -2393, -2386, -2380, -2373, -2366, -2360, -2353, -2346, -2340,
  -2333, -2326, -2320, -2313, -2306, -2300, -2293, -2286, -2280, -2273,
  -2266, -2260, -2253, -2246, -2240, -2233, -2226, -2220, -2213, -2206,
  -2200, -2193, -2186, -2180, -2173, -2166, -2160, -2153, -2146, -2140,
  -2133, -2126, -2120, -2113, -2106, -2100, -2093, -2086, -2080, -2073,
  -2066, -2060, -2053, -2046, -2040, -2033, -2026, -2020, -2013, -2006,
  -2000
]},
    "geometry": {
        "type": "Point",
        "coordinates": [ 302.744836771676773, -10.843536432654091 ]
}},
{ "type": "Feature",
    "properties": { "id": 66, "mag": 10, "place": "First Homo Sapiens 200000 ago ", "time": -16206, "title": "*151.001", "timefinal": -68950,
        "name": "200000 years ago, First Homo Sapiens ",
        "times": [
-5000, -2000
]},
    "geometry": {
        "type": "Point",
        "coordinates": [48.827192404502063, 7.395925220835992]
}},
{ "type": "Feature",
    "properties": { "id": 66, "mag": 10, "place": "First Homo Sapiens 200000 ago ", "time": -16206, "title": "*122.001", "timefinal": -68950,
        "name": "200000 years ago, First Homo Sapiens ",
        "times": [
-5000, -2000
]},
    "geometry": {
        "type": "Point",
        "coordinates": [47.627192404502063, 7.195925220835992]
}},
{ "type": "Feature",
    "properties": { "id": 66, "mag": 10, "place": "First Homo Sapiens 200000 ago ", "time": -16206, "title": "*1.040", "timefinal": -68950,
        "name": "200000 years ago, First Homo Sapiens ",
        "times": [
-5000, -2000
]},
    "geometry": {
        "type": "Point",
        "coordinates": [47.227192404502063, 7.115925220835992]
}},
{ "type": "Feature", "properties": { "id": 3.3, "mag": "#0000FF", "place": "(AFR-EAS to SA)", "time": null, "title": "15000 years ago, South America", "timefinal": null, "name": "15000 years ago, South America",
"times": [
  -5000, -4916, -4833, -4750, -4666, -4583, -4500, -4416, -4333, -4250,
  -4166, -4083, -4000, -3916, -3833, -3750, -3666, -3583, -3500, -3416,
  -3333, -3250, -3166, -3083, -3000, -2916, -2833, -2750, -2666, -2583,
  -2500, -2416, -2333, -2250, -2166, -2083, -2000
]},
 "geometry":
 { "type": "LineString", "coordinates":[ [ 33.628342241101493, -3.682684826898907 ], [ 33.001616517680773, -1.888990126760813 ], [ 32.711664189919979, -0.984265365183106 ], [ 31.499350047426404, 3.607218012077364 ], [ 31.304886667046233, 4.53715523591393 ], [ 31.126570678084505, 5.470323310092608 ], [ 30.964455653742782, 6.406441873880565 ], [ 30.346713100740253, 18.715671019568507 ], [ 31.488043892683152, 25.514795857792183 ], [ 31.622787347469977, 25.793955329161321 ], [ 31.762328233745752, 26.070747941274355 ], [ 33.226761961009913, 28.442022455209706 ], [ 33.411762082204383, 28.690740697847875 ], [ 33.601026822026888, 28.936229327570118 ], [ 33.794499811493829, 29.178415230152638 ], [ 33.992123428272691, 29.41722627502751 ], [ 34.19383881384379, 29.652591336765418 ], [ 34.399585891030185, 29.884440316259052 ], [ 34.609303381890555, 30.112704161600831 ], [ 35.947408825595325, 31.403269571888135 ], [ 36.183106485788436, 31.60459622696013 ], [ 36.422243371208801, 31.801825431426494 ], [ 36.664748259381554, 31.994898444235915 ], [ 36.91054892473484, 32.183757762181486 ], [ 37.159572160110848, 32.368347137026973 ], [ 37.411743798569219, 32.548611592259299 ], [ 37.666988735476266, 32.724497439462269 ], [ 38.986621437119638, 33.536460609212909 ], [ 39.258679308798783, 33.685021450353503 ], [ 46.658337432779412, 35.776513964732189 ], [ 55.323922578055765, 35.347684865686645 ], [ 67.494994292681071, 30.885803857524568 ], [ 68.000218020805676, 30.57569697582964 ], [ 68.499996795800314, 30.256889087596708 ], [ 68.994180783810805, 29.929475771543849 ], [ 69.839222383850085, 29.046392014770497 ], [ 77.090606171137111, 22.496755045608019 ] ]

}},

{ "type": "Feature",
    "properties": { "id": 66, "mag": 10, "place": "First Homo Sapiens 200000 ago(AFR-EAS to SA) ", "time": -16206, "title": "*123.001", "timefinal": -68950,
        "name": "200000 years ago, First Homo Sapiens ",
        "times": [
   -5000, -4916, -4833, -4750, -4666, -4583, -4500, -4416, -4333, -4250,
   -4166, -4083, -4000, -3916, -3833, -3750, -3666, -3583, -3500, -3416,
   -3333, -3250, -3166, -3083, -3000, -2916, -2833, -2750
]},
    "geometry": {
        "type": "Point",
        "coordinates": [33.628342241101493, -3.682684826898907]
}},
{ "type": "Feature",
    "properties": { "id": 66, "mag": 10, "place": "First Homo Sapiens 200000 ago(AFR-EAS to SA)", "time": -16206, "title": "*123.001", "timefinal": -68950,
        "name": "200000 years ago, First Homo Sapiens ",
        "times": [
  -2666, -2583, -2500, -2416, -2333, -2250, -2166, -2083, -2000
]},
    "geometry": {
        "type": "Point",
        "coordinates": [ 77.090606171137111, 22.496755045608019 ]
}},
{ "type": "Feature", "properties": { "id": 3.3, "mag": "#0000FF", "place": "(AFR-EAS to AMR)", "time": null, "title": "15000 years ago, South America", "timefinal": null, "name": "15000 years ago, South America",
"times": [
  -5000, -4993, -4986, -4980, -4973, -4966, -4960, -4953, -4946, -4940,
  -4933, -4926, -4920, -4913, -4906, -4900, -4893, -4886, -4880, -4873,
  -4866, -4860, -4853, -4846, -4840, -4833, -4826, -4820, -4813, -4806,
  -4800, -4793, -4786, -4780, -4773, -4766, -4760, -4753, -4746, -4740,
  -4733, -4726, -4720, -4713, -4706, -4700, -4693, -4686, -4680, -4673,
  -4666, -4660, -4653, -4646, -4640, -4633, -4626, -4620, -4613, -4606,
  -4600, -4593, -4586, -4580, -4573, -4566, -4560, -4553, -4546, -4540,
  -4533, -4526, -4520, -4513, -4506, -4500, -4493, -4486, -4480, -4473,
  -4466, -4460, -4453, -4446, -4440, -4433, -4426, -4420, -4413, -4406,
  -4400, -4393, -4386, -4380, -4373, -4366, -4360, -4353, -4346, -4340,
  -4333, -4326, -4320, -4313, -4306, -4300, -4293, -4286, -4280, -4273,
  -4266, -4260, -4253, -4246, -4240, -4233, -4226, -4220, -4213, -4206,
  -4200, -4193, -4186, -4180, -4173, -4166, -4160, -4153, -4146, -4140,
  -4133, -4126, -4120, -4113, -4106, -4100, -4093, -4086, -4080, -4073,
  -4066, -4060, -4053, -4046, -4040, -4033, -4026, -4020, -4013, -4006,
  -4000, -3993, -3986, -3980, -3973, -3966, -3960, -3953, -3946, -3940,
  -3933, -3926, -3920, -3913, -3906, -3900, -3893, -3886, -3880, -3873,
  -3866, -3860, -3853, -3846, -3840, -3833, -3826, -3820, -3813, -3806,
  -3800, -3793, -3786, -3780, -3773, -3766, -3760, -3753, -3746, -3740,
  -3733, -3726, -3720, -3713, -3706, -3700, -3693, -3686, -3680, -3673,
  -3666, -3660, -3653, -3646, -3640, -3633, -3626, -3620, -3613, -3606,
  -3600, -3593, -3586, -3580, -3573, -3566, -3560, -3553, -3546, -3540,
  -3533, -3526, -3520, -3513, -3506, -3500, -3493, -3486, -3480, -3473,
  -3466, -3460, -3453, -3446, -3440, -3433, -3426, -3420, -3413, -3406,
  -3400, -3393, -3386, -3380, -3373, -3366, -3360, -3353, -3346, -3340,
  -3333, -3326, -3320, -3313, -3306, -3300, -3293, -3286, -3280, -3273,
  -3266, -3260, -3253, -3246, -3240, -3233, -3226, -3220, -3213, -3206,
  -3200, -3193, -3186, -3180, -3173, -3166, -3160, -3153, -3146, -3140,
  -3133, -3126, -3120, -3113, -3106, -3100, -3093, -3086, -3080, -3073,
  -3066, -3060, -3053, -3046, -3040, -3033, -3026, -3020, -3013, -3006,
  -3000, -2993, -2986, -2980, -2973, -2966, -2960, -2953, -2946, -2940,
  -2933, -2926, -2920, -2913, -2906, -2900, -2893, -2886, -2880, -2873,
  -2866, -2860, -2853, -2846, -2840, -2833, -2826, -2820, -2813, -2806,
  -2800, -2793, -2786, -2780, -2773, -2766, -2760, -2753, -2746, -2740,
  -2733, -2726, -2720, -2713, -2706, -2700, -2693, -2686, -2680, -2673,
  -2666, -2660, -2653, -2646, -2640, -2633, -2626, -2620, -2613, -2606,
  -2600, -2593, -2586, -2580, -2573, -2566, -2560, -2553, -2546, -2540,
  -2533, -2526, -2520, -2513, -2506, -2500, -2493, -2486, -2480, -2473,
  -2466, -2460, -2453, -2446, -2440, -2433, -2426, -2420, -2413, -2406,
  -2400, -2393, -2386, -2380, -2373, -2366, -2360, -2353, -2346, -2340,
  -2333, -2326, -2320, -2313, -2306, -2300, -2293, -2286, -2280, -2273,
  -2266, -2260, -2253, -2246, -2240, -2233, -2226, -2220, -2213, -2206,
  -2200, -2193, -2186, -2180, -2173, -2166, -2160, -2153, -2146, -2140,
  -2133, -2126, -2120, -2113, -2106, -2100, -2093, -2086, -2080, -2073,
  -2066, -2060, -2053, -2046, -2040, -2033, -2026, -2020, -2013, -2006,
  -2000
]},
 "geometry":
 { "type": "LineString", "coordinates":[ [ 35.601229928401366, 3.18588712147853 ], [ 35.122542236670597, 4.437533894795472 ], [ 34.665632586614421, 5.697293841394128 ], [ 34.230638401797663, 6.964788066447763 ], [ 33.817690514325946, 8.239635348909999 ], [ 33.426913125495503, 9.521452256173895 ], [ 33.058423768437578, 10.809853259396007 ], [ 32.712333272768205, 12.104450849450938 ], [ 32.388745731254247, 13.404855653481459 ], [ 32.087758468505754, 14.710676552009232 ], [ 31.8094620117038, 16.021520796570801 ], [ 31.553940063372949, 17.336994127843582 ], [ 31.321269476206155, 18.65670089422624 ], [ 31.111520229950017, 19.980244170837807 ], [ 30.924755410357161, 21.307225878899843 ], [ 30.918987620315345, 21.619794470078954 ], [ 30.918669403654462, 21.932416110935478 ], [ 30.923800857079879, 22.244995796422891 ], [ 30.934380421153897, 22.557438534244834 ], [ 30.950404880769675, 22.86964937372305 ], [ 30.971869366128285, 23.181533434652682 ], [ 30.998767354218636, 23.492995936136182 ], [ 31.031090670799809, 23.803942225387011 ], [ 31.06882949288519, 24.114277806494425 ], [ 31.111972351727637, 24.42390836914057 ], [ 31.160506136304836, 24.732739817261198 ], [ 31.214416097303687, 25.040678297641239 ], [ 31.273685851602611, 25.347630228436621 ], [ 31.338297387250332, 25.65350232761357 ], [ 31.408231068939664, 25.958201641296817 ], [ 31.483465643974654, 26.261635572018108 ], [ 31.563978248729232, 26.563711906856341 ], [ 31.649744415595393, 26.86433884546091 ], [ 31.740738080418886, 27.1634250279496 ], [ 31.836931590420026, 27.460879562672687 ], [ 31.938295712597327, 27.756612053834704 ], [ 32.044799642611345, 28.050532628965534 ], [ 32.156411014146059, 28.342551966232449 ], [ 32.273095908744914, 28.632581321584837 ], [ 32.39481886611857, 28.920532555723327 ], [ 32.521542894921204, 29.206318160885129 ], [ 32.653229483992121, 29.48985128743745 ], [ 32.789838614059192, 29.771045770270927 ], [ 32.931328769900631, 30.049816154985002 ], [ 33.077656952961377, 30.326077723857349 ], [ 33.228778694420271, 30.599746521589388 ], [ 33.384648068704038, 30.870739380820133 ], [ 33.545217707443953, 31.138973947400579 ], [ 33.710438813871022, 31.404368705420939 ], [ 33.88026117764516, 31.666843001983157 ], [ 34.05463319011406, 31.926317071711164 ], [ 34.23350185999692, 32.182712060991378 ], [ 34.4168128294884, 32.435950051936189 ], [ 34.604510390777818, 32.685954086062992 ], [ 34.796537502978651, 32.932648187681728 ], [ 34.992835809463145, 33.17595738698374 ], [ 35.193345655596744, 33.415807742824938 ], [ 35.398006106867037, 33.652126365196324 ], [ 35.606754967401599, 33.884841437375137 ], [ 35.819528798869186, 34.113882237749806 ], [ 36.036262939758529, 34.339179161312082 ], [ 36.25689152502882, 34.560663740809844 ], [ 36.481347506125935, 34.778268667554158 ], [ 36.70956267135837, 34.991927811874262 ], [ 36.941467666626629, 35.201576243214205 ], [ 37.176992016499767, 35.407150249865111 ], [ 37.416064145632731, 35.608587358327028 ], [ 37.658611400517962, 35.805826352294517 ], [ 37.904560071564646, 35.9988072912601 ], [ 38.153835415498861, 36.187471528730129 ], [ 38.406361678077943, 36.371761730047247 ], [ 38.662062117112036, 36.551621889814342 ], [ 38.92085902578583, 36.726997348914395 ], [ 39.182673756273552, 36.897834811121342 ], [ 39.447426743639838, 37.064082359296634 ], [ 39.715037530019366, 37.225689471166739 ], [ 39.985424789067814, 37.382607034676802 ], [ 40.194024336505727, 37.821841373517962 ], [ 40.410186229598565, 38.25740378188577 ], [ 40.633845857504191, 38.689164070070959 ], [ 40.864936368305749, 39.11699318481903 ], [ 41.103388688993704, 39.54076324790416 ], [ 41.349131546111764, 39.960347594352044 ], [ 41.602091487060513, 40.375620810300106 ], [ 41.862192902052463, 40.786458770483719 ], [ 42.129358046711801, 41.192738675337253 ], [ 42.403507065312198, 41.594339087698948 ], [ 42.684558014645724, 41.99113996910846 ], [ 42.972426888515685, 42.383022715686423 ], [ 43.267027642846088, 42.769870193585142 ], [ 43.56827222140025, 43.15156677399996 ], [ 43.876070582100823, 43.527998367730731 ], [ 44.190330723943376, 43.899052459283077 ], [ 44.510958714495558, 44.264618140499344 ], [ 44.837858717973475, 44.624586143709045 ], [ 45.170933023887081, 44.978848874389001 ], [ 45.510082076245794, 45.327300443323374 ], [ 45.855204503315903, 45.669836698253974 ], [ 46.20619714792052, 46.0063552550114 ], [ 46.562955098273321, 46.336755528117692 ], [ 46.925371719336702, 46.660938760851352 ], [ 47.29333868469503, 46.978808054765736 ], [ 47.666746008933394, 47.290268398652053 ], [ 48.045482080512329, 47.595226696938234 ], [ 48.429433695128466, 47.893591797515199 ], [ 48.818486089551399, 48.185274518982254 ], [ 49.212522975926369, 48.470187677303443 ], [ 49.6114265765328, 48.748246111866884 ], [ 50.015077658988041, 49.019366710939252 ], [ 50.423355571885963, 49.283468436507945 ], [ 50.836138280859693, 49.540472348503357 ], [ 51.253302405057759, 49.790301628394062 ], [ 51.674723254022581, 50.032881602147903 ], [ 52.100274864960525, 50.268139762552089 ], [ 52.52983004039222, 50.496005790885597 ], [ 52.963260386171882, 50.716411577937492 ], [ 53.400436349864393, 50.92929124436472 ], [ 53.841227259468511, 51.134581160383547 ], [ 54.285501362474811, 51.332219964788436 ], [ 54.733125865246492, 51.522148583292974 ], [ 55.183966972711488, 51.704310246187191 ], [ 77.981780248177003, 60.472699967520086 ], [ 79.791429573887399, 61.052355493763542 ], [ 81.610783985097726, 61.600790300789683 ], [ 83.439304894477488, 62.117842034283797 ], [ 85.276451001118289, 62.603357630328702 ], [ 87.121678450776344, 63.057193360716624 ], [ 88.974440996870811, 63.479214875497348 ], [ 90.834190162190367, 63.869297242750136 ], [ 92.700375401259976, 64.227324985567591 ], [ 94.572444263320165, 64.553192116240481 ], [ 96.449842555870049, 64.846802167633584 ], [ 98.332014508726218, 65.108068221743011 ], [ 100.218402938548479, 65.336912935426682 ], [ 102.108449413784086, 65.533268563300496 ], [ 104.001594419981387, 65.697076977793031 ], [ 105.897277525424002, 65.828289686353216 ], [ 107.794937547036739, 65.926867845805688 ], [ 109.694012716513697, 65.992782273849599 ], [ 111.593940846619759, 66.026013457697573 ], [ 113.423353417142167, 66.4237977943706 ], [ 115.259422795354993, 66.789628315345666 ], [ 117.101590897533157, 67.123393824356285 ], [ 118.949297786209684, 67.424992871478608 ], [ 120.80198184037198, 67.694333783967735 ], [ 122.659079926169753, 67.931334694122185 ], [ 124.520027568082639, 68.135923564168039 ], [ 126.384259120495841, 68.308038208155153 ], [ 128.251207939631314, 68.447626310859121 ], [ 130.120306555782264, 68.554645443682574 ], [ 131.990986845799, 68.629063077551706 ], [ 133.862680205772989, 68.670856592803673 ], [ 135.734817723867309, 68.680013286061893 ], [ 137.606830353240667, 68.656530374097443 ], [ 138.897524002330812, 68.842126554858012 ], [ 140.191153704314559, 69.006011368859731 ], [ 141.487354268295604, 69.148138551517022 ], [ 142.78575977762506, 69.268467980410634 ], [ 144.086003693199189, 69.366965686614307 ], [ 145.387718956933298, 69.443603864284128 ], [ 146.690538095381982, 69.49836087850808 ], [ 147.994093323476676, 69.531221271413571 ], [ 149.298016648351108, 69.54217576653123 ], [ 150.601939973225569, 69.531221271413585 ], [ 151.905495201320264, 69.498360878508095 ], [ 153.208314339768947, 69.443603864284142 ], [ 154.510029603503057, 69.366965686614336 ], [ 155.810273519077157, 69.268467980410648 ], [ 157.108679028406613, 69.148138551517036 ], [ 158.404879592387658, 69.00601136885976 ], [ 159.698509294371405, 68.842126554858027 ], [ 160.989202943461692, 68.656530374097443 ], [ 161.818682922249366, 68.470223056402176 ], [ 162.651203406548944, 68.298010701857038 ], [ 163.486524905307334, 68.139942850766332 ], [ 164.324407121703956, 67.996064974487027 ], [ 165.164609022277034, 67.86641846234798 ], [ 166.006888906261423, 67.751040609743484 ], [ 166.851004475118884, 67.649964607404542 ], [ 167.696712902239938, 67.563219531850791 ], [ 168.543770902797775, 67.49083033702621 ], [ 169.391934803733989, 67.432817847120475 ], [ 170.240960613855947, 67.389198750578601 ], [ 171.090604094025764, 67.359985595300088 ], [ 171.940620827420418, 67.345186785029256 ], [ 172.790766289843305, 67.344806576937856 ], [ 173.640795920066239, 67.358845080400286 ], [ 174.490465190182505, 67.387298256962168 ], [ 175.33952967595016, 67.430157921502143 ], [ 176.187745127105387, 67.487411744586396 ], [ 178.06677518031529, 67.308273760280215 ], [ 179.942425317418497, 67.096658728980913 ], [ 181.814134249458675, 66.852629976560294 ], [ 183.681341866886527, 66.576260528707408 ], [ 185.543489407172586, 66.267633089075758 ], [ 187.400019622017339, 65.926840014534037 ], [ 189.250376944107757, 65.553983287528453 ], [ 191.094007653371278, 65.149174485564288 ], [ 199.567922538883437, 65.63003408819452 ], [ 208.046227781281544, 66.026013457697573 ], [ 208.510650897613857, 66.135453720109609 ], [ 208.976896357646694, 66.236849839460717 ], [ 209.444824841967744, 66.330171517444569 ], [ 209.914296528258035, 66.415390868489197 ], [ 210.385171133072419, 66.492482428089488 ], [ 210.857307953757868, 66.561423160416268 ], [ 211.330565910496944, 66.622192465199632 ], [ 211.804803588464154, 66.674772183884613 ], [ 212.279879280082156, 66.719146605057063 ], [ 212.755651027365701, 66.755302469138485 ], [ 213.231976664340237, 66.783228972348127 ], [ 213.708713859522675, 66.802917769931241 ], [ 214.185720158451772, 66.814362978652611 ], [ 214.662853026254965, 66.817561178554541 ], [ 215.139969890239513, 66.812511413978754 ], [ 215.616928182494775, 66.799215193851978 ], [ 216.09358538249316, 66.777676491235013 ], [ 216.569799059676797, 66.747901742135639 ], [ 217.045426916017533, 66.709899843585333 ], [ 217.520326828537037, 66.663682150980819 ], [ 217.994356891774828, 66.609262474690951 ], [ 218.467375460191221, 66.546657075929957 ], [ 218.939241190492595, 66.475884661898462 ], [ 219.409813083866453, 66.396966380193561 ], [ 219.878950528113336, 66.309925812489638 ], [ 220.346513339663375, 66.214788967491899 ], [ 220.812361805464832, 66.111584273164766 ], [ 221.276356724731727, 66.000342568237159 ], [ 221.738359450538866, 65.881097092987574 ], [ 222.198231931250859, 65.753883479311583 ], [ 222.655836751773705, 65.618739740074517 ], [ 223.111037174615831, 65.475706257752847 ], [ 223.563697180746885, 65.324825772367461 ], [ 224.013681510241781, 65.166143368712426 ], [ 224.460855702697785, 64.999706462883125 ], [ 224.905086137412894, 64.82556478810784 ], [ 225.346240073313169, 64.643770379886917 ], [ 225.784185688617328, 64.454377560443874 ], [ 226.218792120226482, 64.257442922493411 ], [ 226.649929502827575, 64.053025312330803 ], [ 227.077469007698596, 63.841185812248007 ], [ 227.501282881204133, 63.621987722281531 ], [ 227.921244482969428, 63.39549654129771 ], [ 228.608650993601287, 63.043410254615125 ], [ 229.290022688078153, 62.679782590520773 ], [ 229.965165807202567, 62.304716952494672 ], [ 230.633888362974432, 61.918319996591919 ], [ 231.296000193185989, 61.520701601113473 ], [ 231.951313015497533, 61.111974835360286 ], [ 232.599640480978536, 60.692255927480318 ], [ 233.240798227099106, 60.261664231417114 ], [ 233.874603930156383, 59.82032219296957 ], [ 234.500877357121368, 59.368355314972419 ], [ 235.119440416891109, 58.905892121607508 ], [ 235.730117210931752, 58.433064121855807 ], [ 236.332734083298305, 57.950005772100695 ], [ 236.927119670016396, 57.456854437893085 ], [ 237.513104947812536, 56.953750354889223 ], [ 238.090523282178623, 56.440836588972502 ], [ 238.659210474757145, 55.918258995570213 ], [ 239.219004810033738, 55.386166178177234 ], [ 239.769747101323645, 54.844709446098179 ], [ 240.311280736038981, 54.294042771420145 ], [ 240.843451720224152, 53.734322745228155 ], [ 241.366108722346524, 53.165708533076007 ], [ 242.089062826056704, 51.625989655520286 ], [ 242.835469284864303, 50.097502084022544 ], [ 243.605153671744745, 48.580603009408392 ], [ 244.397936119876249, 47.075646914398504 ], [ 245.21363136467275, 45.582985490769836 ], [ 246.05204878707832, 44.102967557169166 ], [ 246.912992458112569, 42.635938977597924 ], [ 247.796261184657311, 41.182242580587719 ], [ 248.302522139991623, 40.530943704796172 ], [ 248.79767283343358, 39.871158761585647 ], [ 249.281571047209837, 39.20307725517528 ], [ 249.754077795497665, 38.526891072733015 ], [ 250.215057364344688, 37.842794429261495 ], [ 250.664377350648721, 37.150983811815422 ], [ 251.101908700186897, 36.451657923066342 ], [ 251.527525744682549, 35.745017624230961 ], [ 251.941106237900044, 35.03126587737961 ], [ 252.342531390756278, 34.310607687141186 ], [ 252.731685905439633, 33.583250041821529 ], [ 253.108458008525702, 32.849401853951946 ], [ 253.472739483081256, 32.109273900285139 ], [ 253.8244256997462, 31.363078761255622 ], [ 254.163415646785495, 30.611030759922151 ], [ 254.489611959101836, 29.853345900409568 ], [ 254.802920946200913, 29.090241805867855 ], [ 255.103252619101397, 28.321937655966153 ], [ 255.167702279504908, 28.090031562221469 ], [ 255.236125778561728, 27.859266703937397 ], [ 255.30850292753135, 27.629711169590962 ], [ 255.384812371126458, 27.401432690841322 ], [ 255.465031593814018, 27.174498622545151 ], [ 255.549136926458516, 26.948975922883218 ], [ 255.637103553305707, 26.724931133603988 ], [ 255.728905519304647, 26.502430360390107 ], [ 255.824515737765893, 26.281539253353543 ], [ 255.923905998353575, 26.062322987665155 ], [ 256.02704697540895, 25.844846244324387 ], [ 256.133908236603247, 25.62917319107477 ], [ 256.24445825191674, 25.415367463470869 ], [ 256.35866440294194, 25.203492146102253 ], [ 256.476492992507929, 24.993609753980031 ], [ 256.597909254622607, 24.785782214091444 ], [ 256.722877364730948, 24.580070847127949 ], [ 256.851360450285085, 24.376536349392214 ], [ 256.983320601623689, 24.175238774889326 ], [ 257.118718883157499, 23.976237517607515 ], [ 257.257515344857495, 23.779591293993626 ], [ 257.399669034042404, 23.585358125628488 ], [ 257.545138007462015, 23.393595322107338 ], [ 257.693879343672677, 23.204359464130278 ], [ 257.845849155701615, 23.017706386807838 ], [ 258.001002603996028, 22.833691163186501 ], [ 258.159293909653115, 22.652368087999093 ], [ 258.320676367927661, 22.473790661644813 ], [ 258.485102362012242, 22.298011574403638 ], [ 258.65252337708705, 22.125082690889755 ], [ 258.822890014634424, 21.955055034748611 ], [ 258.996152007014075, 21.78797877360212 ], [ 259.172258232294837, 21.623903204246389 ], [ 259.351156729338584, 21.462876738106438 ], [ 259.532794713131693, 21.304946886952138 ], [ 259.717118590359405, 21.15016024887958 ], [ 259.904073975218807, 20.998562494562062 ], [ 260.093605705465961, 20.850198353774683 ], [ 260.285657858691479, 20.705111602196574 ], [ 260.480173768820976, 20.563345048494643 ], [ 260.677096042834762, 20.424940521692626 ], [ 260.876366577701731, 20.289938858829196 ], [ 261.077926577523101, 20.158379892908783 ], [ 261.281716570880633, 20.030302441148589 ], [ 261.487676428383793, 19.90574429352538 ], [ 261.695745380411381, 19.78474220162532 ], [ 261.905862035041878, 19.667331867800208 ], [ 262.117964396167736, 19.553547934633258 ], [ 262.527281686904757, 19.234201338830111 ], [ 262.941950129516613, 18.921834606527781 ], [ 263.361850713774629, 18.616537387268934 ], [ 263.78686292782055, 18.318397301639436 ], [ 264.216864792753711, 18.02749991612113 ], [ 264.651732897638965, 17.7439287185342 ], [ 265.091342434925764, 17.467765094076075 ], [ 265.535567236268093, 17.199088301963808 ], [ 265.984279808734811, 16.937975452686612 ], [ 266.437351371400382, 16.684501485875057 ], [ 266.894651892304864, 16.438739148793367 ], [ 267.356050125773493, 16.200758975460829 ], [ 267.821413650084196, 15.970629266408523 ], [ 268.290608905472709, 15.748416069076963 ], [ 268.763501232464307, 15.534183158860451 ], [ 269.239954910521419, 15.327992020803453 ], [ 269.719833196995296, 15.129901831954353 ], [ 270.202998366371446, 14.939969444381575 ], [ 270.6893117497969, 14.758249368856994 ], [ 271.178633774878335, 14.584793759211294 ], [ 271.354513583817209, 14.536932366425036 ], [ 271.529532577110103, 14.486013096020423 ], [ 271.703637594310351, 14.432051414268342 ], [ 271.876775752583171, 14.375063711544803 ], [ 272.048894462768544, 14.315067297352508 ], [ 272.219941445354664, 14.25208039506323 ], [ 272.389864746357318, 14.186122136382636 ], [ 272.558612753100476, 14.117212555539201 ], [ 272.726134209893189, 14.04537258319899 ], [ 272.892378233598151, 13.970624040108156 ], [ 273.057294329086687, 13.892989630465092 ], [ 273.22083240457647, 13.812492935024215 ], [ 273.382942786846456, 13.729158403933553 ], [ 273.543576236324384, 13.643011349308203 ], [ 273.702683962043295, 13.554077937542026 ], [ 273.860217636460902, 13.462385181359824 ], [ 274.016129410139058, 13.367960931612478 ], [ 274.170371926277198, 13.270833868817496 ], [ 274.322898335096852, 13.171033494447567 ], [ 274.473662308071766, 13.068590121969756 ], [ 274.622618051999666, 12.96353486763805 ], [ 274.76972032291161, 12.855899641042086 ], [ 274.914924439814399, 12.7457171354149 ], [ 275.058186298262171, 12.633020817702645 ], [ 275.199462383752518, 12.517844918399309 ], [ 275.338709784943774, 12.40022442114951 ], [ 275.47588620668887, 12.280195052122533 ], [ 275.610949982882232, 12.157793269160816 ], [ 275.74386008911523, 12.033056250706224 ], [ 275.87457615513722, 11.90602188450741 ], [ 276.003058477117634, 11.776728756111776 ], [ 276.129268029705486, 11.645216137145441 ], [ 276.253166477883099, 11.511523973384845 ], [ 276.374716188610023, 11.375692872623576 ], [ 276.493880242253624, 11.237764092338121 ], [ 276.610622443803265, 11.097779527156277 ], [ 276.72490733386411, 10.955781696132028 ], [ 276.836700199427526, 10.811813729830774 ], [ 276.945967084415145, 10.665919357228805 ], [ 277.052674799992189, 10.518142892431012 ], [ 277.156790934648825, 10.368529221210888 ], [ 277.258283864044643, 10.217123787376863 ], [ 277.357122760614118, 10.063972578969173 ], [ 277.453277602930484, 9.909122114291382 ], [ 277.546719184824212, 9.752619427780893 ], [ 277.63741912425445, 9.594512055722639 ], [ 277.725349871929325, 9.434848021810367 ], [ 277.810484719674378, 9.273675822559889 ], [ 277.892797808544458, 9.111044412578675 ], [ 277.972264136678348, 8.947003189696355 ], [ 278.048859566892816, 8.781601979960552 ], [ 278.122560834014166, 8.614891022502684 ], [ 278.193345551944617, 8.446920954278269 ], [ 279.156447793229518, 8.284040772818074 ], [ 280.116712146420355, 8.105188172413776 ], [ 281.073873738268958, 7.910412486635899 ], [ 282.027668551373154, 7.699767441178217 ], [ 282.977833497001825, 7.47331113903833 ], [ 283.924106487663437, 7.231106044490915 ], [ 284.866226509398757, 6.973218965858003 ], [ 285.803933693777253, 6.699721037080941 ], [ 286.736969389577553, 6.410687698099302 ], [ 287.66507623413213, 6.106198674041998 ], [ 288.587998224316607, 5.786337953236384 ], [ 289.505480787164117, 5.451193764041477 ], [ 290.41727085008506, 5.100858550511568 ], [ 291.323116910672923, 4.735428946897088 ], [ 292.222769106077294, 4.355005750989577 ], [ 292.656904748431657, 3.968080027341589 ], [ 293.084466088602937, 3.573901676878286 ], [ 293.505331980564279, 3.172582386827887 ], [ 293.919383175389839, 2.764235867745722 ], [ 294.326502355042635, 2.348977821295289 ], [ 294.726574165615773, 1.92692590746514 ], [ 295.119485250017135, 1.498199711230846 ], [ 295.505124280088069, 1.062920708671612 ], [ 295.883381988147221, 0.621212232550974 ], [ 296.254151197950932, 0.173199437371498 ], [ 296.617326855060469, -0.280990736086743 ], [ 296.97280605660859, -0.741229596733803 ], [ 297.320488080456016, -1.207386739633453 ], [ 297.660274413730292, -1.679330082952326 ], [ 297.992068780738748, -2.156925905384259 ], [ 298.315777170247316, -2.640038884039122 ], [ 298.631307862117751, -3.12853213278547 ], [ 298.938571453295935, -3.622267241036088 ], [ 299.237480883143576, -4.121104312965542 ], [ 299.892000105329998, -5.489570619272484 ], [ 300.570203709545126, -6.846455034003021 ], [ 301.271886831337838, -8.1913476841057 ],
  [ 301.996837513816956, -9.523842318872397 ], [ 302.744836771676773, -10.843536432654091 ] ]
}},


{ "type": "Feature",
    "properties": { "id": 66, "mag": 10, "place": "First Homo Sapiens 200000 ago(AFR-EAS to AMR) ", "time": -16206, "title": "*172.001", "timefinal": -68950,
        "name": "200000 years ago, First Homo Sapiens ",
        "times": [
-5000, -4993, -4986, -4980, -4973, -4966, -4960, -4953, -4946, -4940,
  -4933, -4926, -4920, -4913, -4906, -4900, -4893, -4886, -4880, -4873,
  -4866, -4860, -4853, -4846, -4840, -4833, -4826, -4820, -4813, -4806,
  -4800, -4793, -4786, -4780, -4773, -4766, -4760, -4753, -4746, -4740,
  -4733, -4726, -4720, -4713, -4706, -4700, -4693, -4686, -4680, -4673,
  -4666, -4660, -4653, -4646, -4640, -4633, -4626, -4620, -4613, -4606,
  -4600, -4593, -4586, -4580, -4573, -4566, -4560, -4553, -4546, -4540,
  -4533, -4526, -4520, -4513, -4506, -4500, -4493, -4486, -4480, -4473,
  -4466, -4460, -4453, -4446, -4440, -4433, -4426, -4420, -4413, -4406,
  -4400, -4393, -4386, -4380, -4373, -4366, -4360, -4353, -4346, -4340,
  -4333, -4326, -4320, -4313, -4306, -4300, -4293, -4286, -4280, -4273,
  -4266, -4260, -4253, -4246, -4240, -4233, -4226, -4220, -4213, -4206,
  -4200, -4193, -4186, -4180, -4173, -4166, -4160, -4153, -4146, -4140,
  -4133, -4126, -4120, -4113, -4106, -4100, -4093, -4086, -4080, -4073,
  -4066, -4060, -4053, -4046, -4040, -4033, -4026, -4020, -4013, -4006,
  -4000, -3993, -3986, -3980, -3973, -3966, -3960, -3953, -3946, -3940,
  -3933, -3926, -3920, -3913, -3906, -3900, -3893, -3886, -3880, -3873,
  -3866, -3860, -3853, -3846, -3840, -3833, -3826, -3820, -3813, -3806,
  -3800, -3793, -3786, -3780, -3773, -3766, -3760, -3753, -3746, -3740,
  -3733, -3726, -3720, -3713, -3706, -3700, -3693, -3686, -3680, -3673,
  -3666, -3660, -3653, -3646, -3640, -3633, -3626, -3620, -3613, -3606,
  -3600, -3593, -3586, -3580, -3573, -3566, -3560, -3553, -3546, -3540,
  -3533, -3526, -3520, -3513, -3506, -3500, -3493, -3486, -3480, -3473,
  -3466, -3460, -3453, -3446, -3440, -3433, -3426, -3420, -3413, -3406,
  -3400, -3393, -3386, -3380, -3373, -3366, -3360, -3353, -3346, -3340,
  -3333, -3326, -3320, -3313, -3306, -3300, -3293, -3286, -3280, -3273,
  -3266, -3260, -3253, -3246, -3240, -3233, -3226, -3220, -3213, -3206,
  -3200, -3193, -3186, -3180, -3173, -3166, -3160, -3153, -3146, -3140,
  -3133, -3126, -3120, -3113, -3106, -3100, -3093, -3086, -3080, -3073,
  -3066, -3060, -3053, -3046, -3040, -3033, -3026, -3020, -3013, -3006,
  -3000, -2993, -2986, -2980, -2973, -2966, -2960, -2953, -2946, -2940,
  -2933, -2926, -2920, -2913, -2906, -2900, -2893, -2886, -2880, -2873,
  -2866, -2860, -2853, -2846, -2840, -2833, -2826, -2820, -2813, -2806,
  -2800, -2793, -2786, -2780, -2773, -2766, -2760, -2753, -2746, -2740,
  -2733, -2726, -2720, -2713, -2706, -2700, -2693, -2686, -2680, -2673,
  -2666, -2660, -2653, -2646, -2640, -2633, -2626, -2620, -2613, -2606
]},
    "geometry": {
        "type": "Point",
        "coordinates": [35.001229928401366, 3.08588712147853]
}},
{ "type": "Feature",
    "properties": { "id": 66, "mag": 10, "place": "First Homo Sapiens 200000 ago(AFR-EAS to AMR) ", "time": -16206, "title": "*172.001", "timefinal": -68950,
        "name": "200000 years ago, First Homo Sapiens ",
        "times": [

  -2600, -2593, -2586, -2580, -2573, -2566, -2560, -2553, -2546, -2540,
  -2533, -2526, -2520, -2513, -2506, -2500, -2493, -2486, -2480, -2473,
  -2466, -2460, -2453, -2446, -2440, -2433, -2426, -2420, -2413, -2406,
  -2400, -2393, -2386, -2380, -2373, -2366, -2360, -2353, -2346, -2340,
  -2333, -2326, -2320, -2313, -2306, -2300, -2293, -2286, -2280, -2273,
  -2266, -2260, -2253, -2246, -2240, -2233, -2226, -2220, -2213, -2206,
  -2200, -2193, -2186, -2180, -2173, -2166, -2160, -2153, -2146, -2140,
  -2133, -2126, -2120, -2113, -2106, -2100, -2093, -2086, -2080, -2073,
  -2066, -2060, -2053, -2046, -2040, -2033, -2026, -2020, -2013, -2006,
  -2000
]},
    "geometry": {
        "type": "Point",
        "coordinates": [ 302.144836771676773, -10.143536432654091 ]
}},

{ "type": "Feature",
    "properties": { "id": 66, "mag": 10, "place": "First Homo Sapiens 200000 ago ", "time": -16206, "title": "*21.001", "timefinal": -68950,
        "name": "200000 years ago, First Homo Sapiens ",
        "times": [
-5000, -2000
]},
    "geometry": {
        "type": "Point",
        "coordinates": [20.325896268988155, 52.325896917725387]
}},

{ "type": "Feature", "properties": { "id": 3.3, "mag": "#0000FF", "place": "(AFR-EAS to EUR)", "time": null, "title": "15000 years ago, South America", "timefinal": null, "name": "15000 years ago, South America",
"times": [
  -5000, -4985, -4970, -4955, -4939, -4924, -4909, -4894, -4879, -4864, -4848, -4833, -4818, -4803, -4788, -4773, -4758, -4742, -4727, -4712,
  -4697, -4682, -4667, -4652, -4636, -4621, -4606, -4591, -4576, -4561, -4545, -4530, -4515, -4500, -4485, -4470, -4455, -4439, -4424, -4409,
  -4394, -4379, -4364, -4348, -4333, -4318, -4303, -4288, -4273, -4258, -4242, -4227, -4212, -4197, -4182, -4167, -4152, -4136, -4121, -4106,
  -4091, -4076, -4061, -4045, -4030, -4015, -4000, -3985, -3970, -3955, -3939, -3924, -3909, -3894, -3879, -3864, -3848, -3833, -3818, -3803,
  -3788, -3773, -3758, -3742, -3727, -3712, -3697, -3682, -3667, -3652, -3636, -3621, -3606, -3591, -3576, -3561, -3545, -3530, -3515, -3500,
  -3485, -3470, -3455, -3439, -3424, -3409, -3394, -3379, -3364, -3348, -3333, -3318, -3303, -3288, -3273, -3258, -3242, -3227, -3212, -3197,
  -3182, -3167, -3152, -3136, -3121, -3106, -3091, -3076, -3061, -3045, -3030, -3015, -3000, -2985, -2970, -2955, -2939, -2924, -2909, -2894,
  -2879, -2864, -2848, -2833, -2818, -2803, -2788, -2773, -2758, -2742, -2727, -2712, -2697, -2682, -2667, -2652, -2636, -2621, -2606, -2591,
  -2576, -2561, -2545, -2530, -2515, -2500, -2485, -2470, -2455, -2439, -2424, -2409, -2394, -2379, -2364, -2348, -2333, -2318, -2303, -2288,
  -2273, -2258, -2242, -2227, -2212, -2197, -2182, -2167, -2152, -2136, -2121, -2106, -2091, -2076, -2061, -2045, -2030, -2015, -2000
]},
 "geometry":
 { "type": "LineString", "coordinates": [ [ 39.025585150166158, 10.940748900920234 ], [ 38.482587258028062, 11.46889733883221 ], [ 37.957422737560073, 12.014781676193991 ], [ 37.450670574018815, 12.577800084491207 ], [ 36.962889453339855, 13.157331845177762 ], [ 36.494617146195665, 13.752738034007823 ], [ 36.267958985628624, 14.056189569978946 ], [ 35.829911013433076, 14.674171331352737 ], [ 35.412620944890165, 15.306355230254574 ], [ 35.016548835445377, 15.952044294321203 ], [ 34.826606899680414, 16.279731366804576 ], [ 34.600373212923117, 16.63974342907014 ], [ 34.386776165772943, 17.00739362619953 ], [ 34.090633527035472, 17.572218163236457 ], [ 33.909720936223238, 17.957005117908988 ], [ 33.663671177872601, 18.545381474107092 ], [ 33.516805906295687, 18.944406483354879 ], [ 33.383884012046074, 19.34829029836812 ], [ 33.265065793475323, 19.756545851834613 ], [ 33.160494540480698, 20.168680804304906 ], [ 33.030621848242681, 20.793068747756902 ], [ 32.933436863498088, 21.423372086521312 ], [ 32.869203255603765, 22.05788076552755 ], [ 32.838095294629561, 22.694873320336001 ], [ 32.835805176160086, 23.120061656674089 ], [ 32.848279693961487, 23.54507312993826 ], [ 32.894637390774335, 24.181137736769649 ], [ 32.974051729999275, 24.81392568137893 ], [ 33.028004478747619, 25.223432293101428 ], [ 33.142494141886189, 26.017553020221339 ], [ 33.310647420715711, 26.802065663220748 ], [ 33.53168795896427, 27.57334816182799 ], [ 33.661731450355198, 27.952912463711897 ], [ 33.804595222215795, 28.327839538764536 ], [ 33.960114328001957, 28.697696506595658 ], [ 34.128109209672466, 29.062056340620039 ], [ 34.308385905001657, 29.420498361090502 ], [ 34.500736271522847, 29.772608720803085 ], [ 34.704938226843858, 30.117980882913521 ], [ 34.811410400633939, 30.288015211722978 ], [ 35.032943475985959, 30.622534965164885 ], [ 35.386229197690682, 31.109722264076574 ], [ 35.525798644832143, 31.311892203370952 ], [ 35.695268180566153, 31.592167867048008 ], [ 35.845005448963818, 31.883463458577168 ], [ 35.974297456109142, 32.184391935261999 ], [ 36.082528560916472, 32.493520386142372 ], [ 36.169183406587351, 32.809376854990603 ], [ 36.257836172272292, 33.292479608053881 ], [ 36.283300978086061, 33.536823338471777 ], [ 36.297527995571755, 33.864041863566214 ], [ 36.283532815027257, 34.273166432895508 ], [ 36.220301523228883, 34.760248958365686 ], [ 36.169873337811048, 35.000684631769474 ], [ 36.0834174035339, 35.316595604386414 ], [ 36.004386857217924, 35.549203617315172 ], [ 35.88049712537719, 35.852396139544773 ], [ 35.65993187332208, 36.405066672654883 ], [ 35.529321658030696, 36.787913374981898 ], [ 35.3792004266272, 37.163538509528344 ], [ 35.268474156088544, 37.409451755158365 ], [ 35.086742015352165, 37.770843585232747 ], [ 34.886669556811725, 38.122413830211919 ], [ 34.668786006093768, 38.463232527098796 ], [ 34.513917972619851, 38.684025469856515 ], [ 34.181936572933395, 39.109040007641582 ], [ 34.005213542164398, 39.312761881183704 ], [ 33.821609894693829, 39.510305122017691 ], [ 33.533777647055615, 39.794529017988218 ], [ 33.127998985948992, 40.149765115896287 ], [ 32.916214774195744, 40.316741398690425 ], [ 32.698830363311039, 40.476358594718924 ], [ 32.250097993901726, 40.702663887279421 ], [ 31.733819012458632, 40.904307033752616 ], [ 31.384077608618487, 41.023610635343424 ], [ 31.030387679386198, 41.130642559890603 ], [ 30.673179667065305, 41.225272549039758 ], [ 30.131723241791754, 41.343716142068345 ], [ 29.767630001203038, 41.406870801993172 ], [ 29.033945131253883, 41.494904445266158 ], [ 28.665246399822923, 41.519676291257369 ], [ 28.295907973338768, 41.531572745973968 ], [ 27.742569947579792, 41.629608649654429 ], [ 27.37567558458268, 41.732689239745156 ], [ 27.010559164017121, 41.841900416306451 ], [ 26.647323116545934, 41.957211540965005 ], [ 26.286069345307425, 42.078590264052949 ], [ 25.926899197327216, 42.20600253368341 ], [ 25.569913435086129, 42.339412605303423 ], [ 25.215212208251994, 42.478783051721848 ], [ 24.862895025583452, 42.624074773609259 ], [ 24.513060727013489, 42.775247010466991 ], [ 24.165807455920657, 42.93225735206218 ], [ 23.821232631595674, 43.095061750325613 ], [ 23.479432921911197, 43.263614531709131 ], [ 23.140504216202356, 43.437868409998941 ], [ 22.804541598365731, 43.617774499581472 ], [ 22.471639320184288, 43.803282329157796 ], [ 22.141890774885738, 43.994339855903021 ], [ 21.815388470941777, 44.190893480066492 ], [ 21.407289774069312, 44.412769663424442 ], [ 21.002903674261155, 44.641342342046343 ], [ 20.602340044611474, 44.876549411949256 ], [ 20.205707719636184, 45.118326966563302 ], [ 19.81311446570222, 45.366609314095271 ], [ 19.424666951747007, 45.621328995377382 ], [ 19.040470720296156, 45.882416802196104 ], [ 18.660630158787214, 46.14980179609632 ], [ 18.285248471207204, 46.423411327655501 ], [ 17.914427650051788, 46.703171056222828 ], [ 17.548268448613513, 46.989004970117819 ], [ 17.350408188284831, 47.210744925808378 ], [ 17.24864299736231, 47.319026070991839 ], [ 17.039593452666274, 47.530250071591603 ], [ 16.600297194870645, 47.930478948221911 ], [ 16.370571796317527, 48.119008871116385 ], [ 16.014150998499915, 48.386690683988768 ], [ 15.769059881464131, 48.554761011284036 ], [ 15.390934379078299, 48.790791607828325 ], [ 15.132294415892389, 48.937156426040133 ], [ 15.001122078144652, 49.006976038582266 ], [ 14.735267271618948, 49.139786100001444 ], [ 14.464995772868805, 49.263360399636667 ], [ 13.91249048826473, 49.48222626332165 ], [ 13.416681951584597, 49.749954041941905 ], [ 12.902807676761682, 50.034683682066607 ], [ 12.655253043302702, 50.179196415899547 ], [ 12.153256215274405, 50.456047188573521 ], [ 11.642519709396684, 50.716422662158244 ], [ 11.123584053892909, 50.960047273245713 ], [ 10.59699845439982, 51.186663186383242 ], [ 10.063320212726232, 51.396030566948646 ] ]
 }},


{ "type": "Feature",
    "properties": { "id": 66, "mag": 10, "place": "First Homo Sapiens 200000 ago(AFR-EAS to EUR) ", "time": -16206, "title": "*135.001", "timefinal": -68950,
        "name": "200000 years ago, First Homo Sapiens ",
        "times": [
-5000, -4985, -4970, -4955, -4939, -4924, -4909, -4894, -4879, -4864, -4848, -4833, -4818, -4803, -4788, -4773, -4758, -4742, -4727, -4712,
  -4697, -4682, -4667, -4652, -4636, -4621, -4606, -4591, -4576, -4561, -4545, -4530, -4515, -4500, -4485, -4470, -4455, -4439, -4424, -4409,
  -4394, -4379, -4364, -4348, -4333, -4318, -4303, -4288, -4273, -4258, -4242, -4227, -4212, -4197, -4182, -4167, -4152, -4136, -4121, -4106,
  -4091, -4076, -4061, -4045, -4030, -4015, -4000, -3985, -3970, -3955, -3939, -3924, -3909, -3894, -3879, -3864, -3848, -3833, -3818, -3803,
  -3788, -3773, -3758, -3742, -3727, -3712, -3697, -3682, -3667, -3652, -3636, -3621, -3606, -3591, -3576, -3561, -3545, -3530, -3515, -3500,
  -3485, -3470, -3455, -3439, -3424, -3409, -3394, -3379, -3364, -3348, -3333, -3318, -3303, -3288, -3273, -3258, -3242, -3227, -3212, -3197,
  -3182, -3167, -3152, -3136, -3121, -3106, -3091, -3076, -3061, -3045, -3030
]},
    "geometry": {
        "type": "Point",
        "coordinates": [39.225585150166158, 10.740748900920234]
}},
{ "type": "Feature",
    "properties": { "id": 66, "mag": 10, "place": "First Homo Sapiens 200000 ago(AFR-EAS to EUR) ", "time": -16206, "title": "*135.001", "timefinal": -68950,
        "name": "200000 years ago, First Homo Sapiens ",
        "times": [
-3030, -3288, -3273, -3258, -3242, -3227, -3212, -3197,
  -3182, -3167, -3152, -3136, -3121, -3106, -3091, -3076, -3061, -3045, -3030, -3015, -3000, -2985, -2970, -2955, -2939, -2924, -2909, -2894,
  -2879, -2864, -2848, -2833, -2818, -2803, -2788, -2773, -2758, -2742, -2727, -2712, -2697, -2682, -2667, -2652, -2636, -2621, -2606, -2591,
  -2576, -2561, -2545, -2530, -2515, -2500, -2485, -2470, -2455, -2439, -2424, -2409, -2394, -2379, -2364, -2348, -2333, -2318, -2303, -2288,
  -2273, -2258, -2242, -2227, -2212, -2197, -2182, -2167, -2152, -2136, -2121, -2106, -2091, -2076, -2061, -2045, -2030, -2015, -2000
]},
    "geometry": {
        "type": "Point",
        "coordinates": [ 10.273320212726232, 51.286030566948646 ]
}},

{ "type": "Feature", "properties": { "id": 3.3, "mag": "#0000FF", "place": "(AFR-EAS to EUR)", "time": null, "title": "15000 years ago, South America", "timefinal": null, "name": "15000 years ago, South America",
"times": [
  -5000, -4985, -4970, -4955, -4939, -4924, -4909, -4894, -4879, -4864, -4848, -4833, -4818, -4803, -4788, -4773, -4758, -4742, -4727, -4712,
  -4697, -4682, -4667, -4652, -4636, -4621, -4606, -4591, -4576, -4561, -4545, -4530, -4515, -4500, -4485, -4470, -4455, -4439, -4424, -4409,
  -4394, -4379, -4364, -4348, -4333, -4318, -4303, -4288, -4273, -4258, -4242, -4227, -4212, -4197, -4182, -4167, -4152, -4136, -4121, -4106,
  -4091, -4076, -4061, -4045, -4030, -4015, -4000, -3985, -3970, -3955, -3939, -3924, -3909, -3894, -3879, -3864, -3848, -3833, -3818, -3803,
  -3788, -3773, -3758, -3742, -3727, -3712, -3697, -3682, -3667, -3652, -3636, -3621, -3606, -3591, -3576, -3561, -3545, -3530, -3515, -3500,
  -3485, -3470, -3455, -3439, -3424, -3409, -3394, -3379, -3364, -3348, -3333, -3318, -3303, -3288, -3273, -3258, -3242, -3227, -3212, -3197,
  -3182, -3167, -3152, -3136, -3121, -3106, -3091, -3076, -3061, -3045, -3030, -3015, -3000, -2985, -2970, -2955, -2939, -2924, -2909, -2894,
  -2879, -2864, -2848, -2833, -2818, -2803, -2788, -2773, -2758, -2742, -2727, -2712, -2697, -2682, -2667, -2652, -2636, -2621, -2606, -2591,
  -2576, -2561, -2545, -2530, -2515, -2500, -2485, -2470, -2455, -2439, -2424, -2409, -2394, -2379, -2364, -2348, -2333, -2318, -2303, -2288,
  -2273, -2258, -2242, -2227, -2212, -2197, -2182, -2167, -2152, -2136, -2121, -2106, -2091, -2076, -2061, -2045, -2030, -2015, -2000
]},
 "geometry":
 { "type": "LineString", "coordinates": [ [ 39.025585150166158, 10.940748900920234 ], [ 38.482587258028062, 11.46889733883221 ], [ 37.957422737560073, 12.014781676193991 ], [ 37.450670574018815, 12.577800084491207 ], [ 36.962889453339855, 13.157331845177762 ], [ 36.494617146195665, 13.752738034007823 ], [ 36.267958985628624, 14.056189569978946 ], [ 35.829911013433076, 14.674171331352737 ], [ 35.412620944890165, 15.306355230254574 ], [ 35.016548835445377, 15.952044294321203 ], [ 34.826606899680414, 16.279731366804576 ], [ 34.600373212923117, 16.63974342907014 ], [ 34.386776165772943, 17.00739362619953 ], [ 34.090633527035472, 17.572218163236457 ], [ 33.909720936223238, 17.957005117908988 ], [ 33.663671177872601, 18.545381474107092 ], [ 33.516805906295687, 18.944406483354879 ], [ 33.383884012046074, 19.34829029836812 ], [ 33.265065793475323, 19.756545851834613 ], [ 33.160494540480698, 20.168680804304906 ], [ 33.030621848242681, 20.793068747756902 ], [ 32.933436863498088, 21.423372086521312 ], [ 32.869203255603765, 22.05788076552755 ], [ 32.838095294629561, 22.694873320336001 ], [ 32.835805176160086, 23.120061656674089 ], [ 32.848279693961487, 23.54507312993826 ], [ 32.894637390774335, 24.181137736769649 ], [ 32.974051729999275, 24.81392568137893 ], [ 33.028004478747619, 25.223432293101428 ], [ 33.142494141886189, 26.017553020221339 ], [ 33.310647420715711, 26.802065663220748 ], [ 33.53168795896427, 27.57334816182799 ], [ 33.661731450355198, 27.952912463711897 ], [ 33.804595222215795, 28.327839538764536 ], [ 33.960114328001957, 28.697696506595658 ], [ 34.128109209672466, 29.062056340620039 ], [ 34.308385905001657, 29.420498361090502 ], [ 34.500736271522847, 29.772608720803085 ], [ 34.704938226843858, 30.117980882913521 ], [ 34.811410400633939, 30.288015211722978 ], [ 35.032943475985959, 30.622534965164885 ], [ 35.386229197690682, 31.109722264076574 ], [ 35.525798644832143, 31.311892203370952 ], [ 35.695268180566153, 31.592167867048008 ], [ 35.845005448963818, 31.883463458577168 ], [ 35.974297456109142, 32.184391935261999 ], [ 36.082528560916472, 32.493520386142372 ], [ 36.169183406587351, 32.809376854990603 ], [ 36.257836172272292, 33.292479608053881 ], [ 36.283300978086061, 33.536823338471777 ], [ 36.297527995571755, 33.864041863566214 ], [ 36.283532815027257, 34.273166432895508 ], [ 36.220301523228883, 34.760248958365686 ], [ 36.169873337811048, 35.000684631769474 ], [ 36.0834174035339, 35.316595604386414 ], [ 36.004386857217924, 35.549203617315172 ], [ 35.88049712537719, 35.852396139544773 ], [ 35.65993187332208, 36.405066672654883 ], [ 35.529321658030696, 36.787913374981898 ], [ 35.3792004266272, 37.163538509528344 ], [ 35.268474156088544, 37.409451755158365 ], [ 35.086742015352165, 37.770843585232747 ], [ 34.886669556811725, 38.122413830211919 ], [ 34.668786006093768, 38.463232527098796 ], [ 34.513917972619851, 38.684025469856515 ], [ 34.181936572933395, 39.109040007641582 ], [ 34.005213542164398, 39.312761881183704 ], [ 33.821609894693829, 39.510305122017691 ], [ 33.533777647055615, 39.794529017988218 ], [ 33.127998985948992, 40.149765115896287 ], [ 32.916214774195744, 40.316741398690425 ], [ 32.698830363311039, 40.476358594718924 ], [ 32.250097993901726, 40.702663887279421 ], [ 31.733819012458632, 40.904307033752616 ], [ 31.384077608618487, 41.023610635343424 ], [ 31.030387679386198, 41.130642559890603 ], [ 30.673179667065305, 41.225272549039758 ], [ 30.131723241791754, 41.343716142068345 ], [ 29.767630001203038, 41.406870801993172 ], [ 29.033945131253883, 41.494904445266158 ], [ 28.665246399822923, 41.519676291257369 ], [ 28.295907973338768, 41.531572745973968 ], [ 27.742569947579792, 41.629608649654429 ], [ 27.37567558458268, 41.732689239745156 ], [ 27.010559164017121, 41.841900416306451 ], [ 26.647323116545934, 41.957211540965005 ], [ 26.286069345307425, 42.078590264052949 ], [ 25.926899197327216, 42.20600253368341 ], [ 25.569913435086129, 42.339412605303423 ], [ 25.215212208251994, 42.478783051721848 ], [ 24.862895025583452, 42.624074773609259 ], [ 24.513060727013489, 42.775247010466991 ], [ 24.165807455920657, 42.93225735206218 ], [ 23.821232631595674, 43.095061750325613 ], [ 23.479432921911197, 43.263614531709131 ], [ 23.140504216202356, 43.437868409998941 ], [ 22.804541598365731, 43.617774499581472 ], [ 22.471639320184288, 43.803282329157796 ], [ 22.141890774885738, 43.994339855903021 ], [ 21.815388470941777, 44.190893480066492 ], [ 21.407289774069312, 44.412769663424442 ], [ 21.002903674261155, 44.641342342046343 ], [ 20.602340044611474, 44.876549411949256 ], [ 20.205707719636184, 45.118326966563302 ], [ 19.81311446570222, 45.366609314095271 ], [ 19.424666951747007, 45.621328995377382 ], [ 19.040470720296156, 45.882416802196104 ], [ 18.660630158787214, 46.14980179609632 ], [ 18.285248471207204, 46.423411327655501 ], [ 17.914427650051788, 46.703171056222828 ], [ 17.548268448613513, 46.989004970117819 ], [ 17.350408188284831, 47.210744925808378 ], [ 17.24864299736231, 47.319026070991839 ], [ 17.039593452666274, 47.530250071591603 ], [ 16.600297194870645, 47.930478948221911 ], [ 16.370571796317527, 48.119008871116385 ], [ 16.014150998499915, 48.386690683988768 ], [ 15.769059881464131, 48.554761011284036 ], [ 15.390934379078299, 48.790791607828325 ], [ 15.132294415892389, 48.937156426040133 ], [ 15.001122078144652, 49.006976038582266 ], [ 14.735267271618948, 49.139786100001444 ], [ 14.464995772868805, 49.263360399636667 ], [ 13.91249048826473, 49.48222626332165 ], [ 13.416681951584597, 49.749954041941905 ], [ 12.902807676761682, 50.034683682066607 ], [ 12.655253043302702, 50.179196415899547 ], [ 12.153256215274405, 50.456047188573521 ], [ 11.642519709396684, 50.716422662158244 ], [ 11.123584053892909, 50.960047273245713 ], [ 10.59699845439982, 51.186663186383242 ], [ 10.063320212726232, 51.396030566948646 ] ]
 }},


{ "type": "Feature",
    "properties": { "id": 66, "mag": 10, "place": "First Homo Sapiens 200000 ago(AFR-EAS to EUR) ", "time": -16206, "title": "*126.001", "timefinal": -68950,
        "name": "200000 years ago, First Homo Sapiens ",
        "times": [
-5000, -4985, -4970, -4955, -4939, -4924, -4909, -4894, -4879, -4864, -4848, -4833, -4818, -4803, -4788, -4773, -4758, -4742, -4727, -4712,
  -4697, -4682, -4667, -4652, -4636, -4621, -4606, -4591, -4576, -4561, -4545, -4530, -4515, -4500, -4485, -4470, -4455, -4439, -4424, -4409,
  -4394, -4379, -4364, -4348, -4333, -4318, -4303, -4288, -4273, -4258, -4242, -4227, -4212, -4197, -4182, -4167, -4152, -4136, -4121, -4106,
  -4091, -4076, -4061, -4045, -4030, -4015, -4000, -3985, -3970, -3955, -3939, -3924, -3909, -3894, -3879, -3864, -3848, -3833, -3818, -3803,
  -3788, -3773, -3758, -3742, -3727, -3712, -3697, -3682, -3667, -3652, -3636, -3621, -3606, -3591, -3576, -3561, -3545, -3530, -3515, -3500,
  -3485, -3470, -3455, -3439, -3424, -3409, -3394, -3379, -3364, -3348, -3333, -3318, -3303, -3288, -3273, -3258, -3242, -3227, -3212, -3197,
  -3182, -3167, -3152, -3136, -3121, -3106, -3091, -3076, -3061, -3045, -3030
]},
    "geometry": {
        "type": "Point",
        "coordinates": [39.285585150166158, 10.710748900920234]
}},
{ "type": "Feature",
    "properties": { "id": 66, "mag": 10, "place": "First Homo Sapiens 200000 ago(AFR-EAS to EUR) ", "time": -16206, "title": "*126.001", "timefinal": -68950,
        "name": "200000 years ago, First Homo Sapiens ",
        "times": [
-3030, -3288, -3273, -3258, -3242, -3227, -3212, -3197,
  -3182, -3167, -3152, -3136, -3121, -3106, -3091, -3076, -3061, -3045, -3030, -3015, -3000, -2985, -2970, -2955, -2939, -2924, -2909, -2894,
  -2879, -2864, -2848, -2833, -2818, -2803, -2788, -2773, -2758, -2742, -2727, -2712, -2697, -2682, -2667, -2652, -2636, -2621, -2606, -2591,
  -2576, -2561, -2545, -2530, -2515, -2500, -2485, -2470, -2455, -2439, -2424, -2409, -2394, -2379, -2364, -2348, -2333, -2318, -2303, -2288,
  -2273, -2258, -2242, -2227, -2212, -2197, -2182, -2167, -2152, -2136, -2121, -2106, -2091, -2076, -2061, -2045, -2030, -2015, -2000
]},
    "geometry": {
        "type": "Point",
        "coordinates": [ 10.213320212726232, 51.216030566948646 ]
}},

{ "type": "Feature",
    "properties": { "id": 66, "mag": 10, "place": "First Homo Sapiens 200000 ago ", "time": -16206, "title": "*1.015", "timefinal": -68950,
        "name": "200000 years ago, First Homo Sapiens ",
        "times": [
-5000, -2000
]},
    "geometry": {
        "type": "Point",
        "coordinates": [21.325896268988155, 51.325896917725387]
}},

{ "type": "Feature", "properties": { "id": 3.3, "mag": "#0000FF", "place": "(EUR to AMR)", "time": null, "title": "15000 years ago, South America", "timefinal": null, "name": "15000 years ago, South America",
"times": [
  -5000, -4973, -4946, -4919, -4892, -4865, -4838, -4811, -4784, -4757,
  -4730, -4703, -4676, -4649, -4622, -4595, -4568, -4541, -4514, -4487,
  -4460, -4433, -4406, -4379, -4352, -4325, -4298, -4271, -4244, -4217,
  -4190, -4163, -4136, -4109, -4082, -4055, -4028, -4001, -3974, -3947,
  -3920, -3893, -3866, -3839, -3812, -3785, -3758, -3731, -3704, -3677,
  -3650, -3623, -3596, -3569, -3542, -3515, -3488, -3461, -3434, -3407,
  -3380, -3353, -3326, -3299, -3272, -3245, -3218, -3191, -3164, -3137,
  -3110, -3083, -3056, -3029, -3002, -2975, -2948, -2921, -2894, -2867,
  -2840, -2813, -2786, -2759, -2732, -2705, -2678, -2651, -2624, -2597,
  -2570, -2543, -2516, -2489, -2462, -2435, -2408, -2381, -2354, -2327,
  -2300, -2273, -2246, -2219, -2192, -2165, -2138, -2111, -2084, -2057,
  -2030, -2003, -2000
]},
 "geometry":
 { "type": "LineString", "coordinates":  [ [ 3.526058453254961, 47.235558399734863 ], [ 4.10774854246664, 47.526403444340701 ], [ 4.689438631678318, 47.526403444340701 ], [ 5.271128720889996, 47.817248488946539 ], [ 7.597889077736708, 48.398938578158223 ], [ 17.195775549729397, 51.016543979610773 ], [ 17.777465638941074, 51.016543979610773 ], [ 19.52253590657611, 51.59823406882245 ], [ 20.104225995787786, 51.59823406882245 ], [ 20.685916084999466, 51.59823406882245 ], [ 33.773943092262222, 53.343304336457486 ], [ 34.646478226079736, 53.343304336457486 ], [ 38.718308850561485, 53.634149381063324 ], [ 39.299998939773161, 53.924994425669162 ], [ 39.881689028984844, 53.924994425669162 ], [ 40.463379118196521, 53.924994425669162 ], [ 57.332391705335183, 58.287670094756749 ], [ 58.446213313953791, 58.639309216671549 ], [ 58.495771883758536, 58.578515139362587 ], [ 59.077461972970212, 58.869360183968425 ], [ 59.659152062181903, 58.869360183968425 ], [ 60.240842151393579, 59.160205228574263 ], [ 60.822532240605256, 59.451050273180101 ], [ 61.939221512745114, 59.925010921527701 ], [ 79.099079144489622, 61.670081189162737 ], [ 79.436615095378954, 61.777810630026813 ], [ 84.090135809072379, 62.068655674632652 ], [ 84.671825898284055, 62.359500719238497 ], [ 85.253515987495732, 62.359500719238497 ], [ 85.835206076707408, 62.359500719238497 ], [ 117.828160983349704, 65.558796209902724 ], [ 118.991541161773057, 65.558796209902724 ], [ 121.899991607831453, 65.849641254508555 ], [ 122.481681697043143, 65.849641254508555 ], [ 125.359706847923377, 66.147048970083887 ], [ 128.007737544554061, 65.849641254508555 ], [ 128.589427633765752, 65.849641254508555 ], [ 130.625342946006612, 65.267951165296893 ], [ 131.207033035218302, 65.267951165296893 ], [ 147.20351048853945, 65.558796209902724 ], [ 147.785200577751112, 65.558796209902724 ], [ 148.948580756174493, 65.849641254508555 ], [ 149.821115889992001, 65.849641254508555 ], [ 153.602101469867904, 65.849641254508555 ], [ 154.183791559079594, 65.849641254508555 ], [ 155.056326692897102, 65.849641254508555 ], [ 155.928861826714609, 65.849641254508555 ], [ 156.5105519159263, 65.849641254508555 ], [ 164.467159863296985, 66.269818018066999 ], [ 172.216184324641603, 66.1404862991144 ], [ 172.797874413853293, 66.431331343720245 ], [ 175.124634770699998, 66.722176388326076 ], [ 175.706324859911689, 66.722176388326076 ], [ 176.288014949123351, 66.722176388326076 ], [ 176.869705038335042, 66.722176388326076 ], [ 184.140831153481003, 66.722176388326076 ], [ 184.722521242692693, 66.722176388326076 ], [ 186.467591510327708, 66.722176388326076 ], [ 187.049281599539398, 66.722176388326076 ], [ 187.630971688751089, 66.722176388326076 ], [ 210.026040123400691, 64.686261076085202 ], [ 210.607730212612353, 64.686261076085202 ], [ 213.225335614064903, 64.104570986873526 ], [ 213.807025703276594, 64.104570986873526 ], [ 215.552095970911637, 63.52288089766185 ], [ 216.133786060123299, 63.232035853056011 ], [ 226.022517576721839, 61.777810630026813 ], [ 226.604207665933501, 61.486965585420975 ], [ 227.185897755145191, 61.196120540815137 ], [ 228.930968022780206, 60.905275496209299 ], [ 229.512658111991897, 60.905275496209299 ], [ 230.094348201203587, 60.614430451603461 ], [ 230.385193245809404, 60.032740362391777 ], [ 230.966883335021095, 60.032740362391777 ], [ 236.202094137926196, 57.124289916333389 ], [ 236.783784227137886, 57.124289916333389 ], [ 239.983079717802099, 53.924994425669162 ], [ 240.273924762407944, 53.052459291851648 ], [ 240.564769807013789, 52.470769202639964 ], [ 240.855614851619606, 51.889079113428288 ], [ 246.963360788342243, 43.163727775253115 ], [ 247.545050877553905, 42.2911926414356 ], [ 248.999276100583103, 39.091897150771374 ], [ 249.290121145188948, 38.51020706155969 ], [ 249.580966189794793, 37.928516972348014 ], [ 255.107022037305711, 27.167250321931974 ], [ 255.397867081911585, 26.585560232720297 ], [ 257.142937349546628, 24.549644920479423 ], [ 257.724627438758262, 24.258799875873578 ], [ 258.015472483364078, 23.677109786661902 ], [ 258.597162572575826, 23.677109786661902 ], [ 265.577443643115885, 17.278518805333448 ], [ 265.577443643115885, 16.696828716121757 ], [ 266.159133732327632, 16.696828716121757 ], [ 266.740823821539266, 16.405983671515926 ], [ 269.649274267597661, 15.533448537698405 ], [ 270.230964356809409, 14.951758448486729 ], [ 270.812654446021043, 14.660913403880883 ], [ 271.394344535232676, 14.660913403880883 ], [ 271.976034624444424, 14.370068359275052 ], [ 272.557724713656057, 14.079223314669207 ], [ 272.848569758261874, 13.497533225457531 ], [ 273.430259847473621, 13.2066881808517 ], [ 278.083780561167032, 9.134857556369951 ], [ 278.665470650378666, 9.134857556369951 ], [ 279.247160739590413, 8.844012511764106 ], [ 279.828850828802047, 8.844012511764106 ], [ 285.354906676313021, 7.098942244129077 ], [ 290.299272434612249, 1.863731441223976 ], [ 290.590117479218065, 1.2820413520123 ], [ 291.171807568429813, 0.700351262800623 ], [ 294.77215957634553, -1.727801483529984 ], [ 297.279553505152421, -4.825704584710323 ] ]

 }},

{ "type": "Feature",
    "properties": { "id": 66, "mag": 10, "place": "First Homo Sapiens 200000 ago(EUR to AMR) ", "time": -16206, "title": "*4.028", "timefinal": -68950,
        "name": "200000 years ago, First Homo Sapiens ",
        "times": [
-5000, -4973, -4946, -4919, -4892, -4865, -4838, -4811, -4784, -4757,
  -4730, -4703, -4676, -4649, -4622, -4595, -4568, -4541, -4514, -4487,
  -4460, -4433, -4406, -4379, -4352, -4325, -4298, -4271, -4244, -4217,
  -4190, -4163, -4136, -4109, -4082, -4055, -4028, -4001, -3974, -3947,
  -3920, -3893, -3866, -3839, -3812, -3785, -3758, -3731, -3704, -3677,
  -3650, -3623, -3596, -3569, -3542, -3515, -3488, -3461, -3434, -3407,
  -3380, -3353, -3326, -3299, -3272, -3245, -3218, -3191, -3164, -3137,
  -3110, -3083, -3056, -3029, -3002, -2975, -2948, -2921, -2894, -2867,
  -2840, -2813, -2786, -2759, -2732, -2705, -2678, -2651
]},
    "geometry": {
        "type": "Point",
        "coordinates": [3.526058453254961, 47.235558399734863]
}},
{ "type": "Feature",
    "properties": { "id": 66, "mag": 10, "place": "First Homo Sapiens 200000 ago(EUR to AMR) ", "time": -16206, "title": "*4.028", "timefinal": -68950,
        "name": "200000 years ago, First Homo Sapiens ",
        "times": [
  -2624, -2597, -2570, -2543, -2516, -2489, -2462, -2435, -2408, -2381, -2354, -2327,
  -2300, -2273, -2246, -2219, -2192, -2165, -2138, -2111, -2084, -2057,
  -2030, -2003, -2000
]},
    "geometry": {
        "type": "Point",
        "coordinates": [ 297.279553505152421, -4.825704584710323 ]
}},

{ "type": "Feature",
    "properties": { "id": 66, "mag": 10, "place": "First Homo Sapiens 200000 ago ", "time": -16206, "title": "*4.035", "timefinal": -68950,
        "name": "200000 years ago, First Homo Sapiens ",
        "times": [
-5000, -2000
]},
    "geometry": {
        "type": "Point",
        "coordinates": [22.325896268988155, 50.325896917725387]
}},

{ "type": "Feature",
    "properties": { "id": 66, "mag": 10, "place": "First Homo Sapiens 200000 ago ", "time": -16206, "title": "*1.013", "timefinal": -68950,
        "name": "200000 years ago, First Homo Sapiens ",
        "times": [
-5000, -2000
]},
    "geometry": {
        "type": "Point",
        "coordinates": [22.486896268988155, 50.489896917725387]
}},

{ "type": "Feature",
    "properties": { "id": 66, "mag": 10, "place": "First Homo Sapiens 200000 ago ", "time": -16206, "title": "*73.001", "timefinal": -68950,
        "name": "200000 years ago, First Homo Sapiens ",
        "times": [
-5000, -2000
]},
    "geometry": {
        "type": "Point",
        "coordinates": [46.697192404502063, 6.895925220835992]
}},
{ "type": "Feature",
    "properties": { "id": 66, "mag": 10, "place": "First Homo Sapiens 200000 ago ", "time": -16206, "title": "*132.001", "timefinal": -68950,
        "name": "200000 years ago, First Homo Sapiens ",
        "times": [
-5000, -2000
]},
    "geometry": {
        "type": "Point",
        "coordinates": [46.697192404502063, 6.195925220835992]
}},
{ "type": "Feature", "properties": { "id": 3.3, "mag": "#0000FF", "place": "(AFR-EAS to EAS)", "time": null, "title": "15000 years ago, South America", "timefinal": null, "name": "15000 years ago, South America",
"times": [
    -5000, -4926, -4853, -4780, -4707, -4634, -4561, -4487, -4414, -4341,
  -4268, -4195, -4122, -4048, -3975, -3902, -3829, -3756, -3683, -3609,
  -3536, -3463, -3390, -3317, -3244, -3170, -3097, -3024, -2951, -2878,
  -2805, -2731, -2658, -2585, -2512, -2439, -2366, -2292, -2219, -2146,
  -2073, -2000
]},
 "geometry":
 { "type": "LineString", "coordinates":  [ [ 38.854273250118922, 1.7335961478081 ], [ 37.61137502458682, 3.331608152063659 ], [ 37.433818135225096, 3.686721930787115 ], [ 37.256261245863371, 4.041835709510579 ], [ 34.237794126713979, 11.32166817334145 ], [ 34.060237237352254, 11.676781952064907 ], [ 34.060237237352254, 12.031895730788371 ], [ 33.882680347990515, 12.742123288235284 ], [ 33.70512345862879, 13.274793956320465 ], [ 33.527566569267066, 13.629907735043929 ], [ 33.350009679905341, 14.16257840312911 ], [ 31.929554565011504, 22.507752203130359 ], [ 32.284668343734964, 24.283321096747649 ], [ 32.462225233096689, 24.638434875471106 ], [ 32.639782122458428, 24.993548654194562 ], [ 33.172452790543602, 26.414003769088392 ], [ 33.350009679905341, 26.769117547811849 ], [ 33.70512345862879, 27.124231326535305 ], [ 33.882680347990515, 27.656901994620494 ], [ 41.162512811821401, 33.516279343557542 ], [ 41.695183479906589, 33.693836232919267 ], [ 42.227854147991764, 33.871393122280999 ], [ 42.582967926715227, 34.048950011642724 ], [ 42.938081705438691, 34.226506901004456 ], [ 43.470752373523865, 34.40406379036618 ], [ 44.003423041609054, 34.581620679727912 ], [ 44.358536820332517, 34.759177569089644 ], [ 44.713650599055967, 34.759177569089644 ], [ 45.068764377779431, 34.936734458451369 ], [ 67.973603105442422, 37.600087798877297 ], [ 68.328716884165885, 37.600087798877297 ], [ 69.038944441612799, 37.422530909515572 ], [ 69.394058220336262, 37.422530909515572 ], [ 69.926728888421451, 37.422530909515572 ], [ 70.2818426671449, 37.422530909515572 ], [ 70.814513335230089, 37.422530909515572 ], [ 71.169627113953538, 37.422530909515572 ], [ 79.337244024593062, 37.600087798877297 ], [ 80.047471582039975, 37.777644688239029 ], [ 100.999184526723965, 35.291848237174825 ], [ 106.325891207575822, 34.40406379036618 ], [ 108.456573879916576, 33.693836232919267 ] ]
 }},


{ "type": "Feature",
    "properties": { "id": 66, "mag": 10, "place": "First Homo Sapiens 200000 ago(AFR-EAS to EAS) ", "time": -16206, "title": "*100.001", "timefinal": -68950,
        "name": "200000 years ago, First Homo Sapiens ",
        "times": [
-5000, -4926, -4853, -4780, -4707, -4634, -4561, -4487, -4414, -4341,
  -4268, -4195, -4122, -4048, -3975, -3902, -3829, -3756, -3683, -3609,
  -3536, -3463, -3390, -3317, -3244, -3170, -3097, -3024, -2951, -2878,
  -2805, -2731, -2658, -2585, -2512, -2439, -2366
]},
    "geometry": {
        "type": "Point",
        "coordinates": [38.854273250118922, 1.7335961478081]
}},
{ "type": "Feature",
    "properties": { "id": 66, "mag": 10, "place": "First Homo Sapiens 200000 ago(AFR-EAS to EAS) ", "time": -16206, "title": "*100.001", "timefinal": -68950,
        "name": "200000 years ago, First Homo Sapiens ",
        "times": [
-2292, -2219, -2146, -2073, -2000
]},
    "geometry": {
        "type": "Point",
        "coordinates": [ 108.456573879916576, 33.693836232919267 ]
}},

{ "type": "Feature", "properties": { "id": 3.3, "mag": "#0000FF", "place": "(AFR-EAS to EAS)", "time": null, "title": "15000 years ago, South America", "timefinal": null, "name": "15000 years ago, South America",
"times": [
    -5000, -4926, -4853, -4780, -4707, -4634, -4561, -4487, -4414, -4341,
  -4268, -4195, -4122, -4048, -3975, -3902, -3829, -3756, -3683, -3609,
  -3536, -3463, -3390, -3317, -3244, -3170, -3097, -3024, -2951, -2878,
  -2805, -2731, -2658, -2585, -2512, -2439, -2366, -2292, -2219, -2146,
  -2073, -2000
]},
 "geometry":
 { "type": "LineString", "coordinates":  [ [ 38.854273250118922, 1.7335961478081 ], [ 37.61137502458682, 3.331608152063659 ], [ 37.433818135225096, 3.686721930787115 ], [ 37.256261245863371, 4.041835709510579 ], [ 34.237794126713979, 11.32166817334145 ], [ 34.060237237352254, 11.676781952064907 ], [ 34.060237237352254, 12.031895730788371 ], [ 33.882680347990515, 12.742123288235284 ], [ 33.70512345862879, 13.274793956320465 ], [ 33.527566569267066, 13.629907735043929 ], [ 33.350009679905341, 14.16257840312911 ], [ 31.929554565011504, 22.507752203130359 ], [ 32.284668343734964, 24.283321096747649 ], [ 32.462225233096689, 24.638434875471106 ], [ 32.639782122458428, 24.993548654194562 ], [ 33.172452790543602, 26.414003769088392 ], [ 33.350009679905341, 26.769117547811849 ], [ 33.70512345862879, 27.124231326535305 ], [ 33.882680347990515, 27.656901994620494 ], [ 41.162512811821401, 33.516279343557542 ], [ 41.695183479906589, 33.693836232919267 ], [ 42.227854147991764, 33.871393122280999 ], [ 42.582967926715227, 34.048950011642724 ], [ 42.938081705438691, 34.226506901004456 ], [ 43.470752373523865, 34.40406379036618 ], [ 44.003423041609054, 34.581620679727912 ], [ 44.358536820332517, 34.759177569089644 ], [ 44.713650599055967, 34.759177569089644 ], [ 45.068764377779431, 34.936734458451369 ], [ 67.973603105442422, 37.600087798877297 ], [ 68.328716884165885, 37.600087798877297 ], [ 69.038944441612799, 37.422530909515572 ], [ 69.394058220336262, 37.422530909515572 ], [ 69.926728888421451, 37.422530909515572 ], [ 70.2818426671449, 37.422530909515572 ], [ 70.814513335230089, 37.422530909515572 ], [ 71.169627113953538, 37.422530909515572 ], [ 79.337244024593062, 37.600087798877297 ], [ 80.047471582039975, 37.777644688239029 ], [ 100.999184526723965, 35.291848237174825 ], [ 106.325891207575822, 34.40406379036618 ], [ 108.456573879916576, 33.693836232919267 ] ]
 }},


{ "type": "Feature",
    "properties": { "id": 66, "mag": 10, "place": "First Homo Sapiens 200000 ago(AFR-EAS to EAS) ", "time": -16206, "title": "*101.001", "timefinal": -68950,
        "name": "200000 years ago, First Homo Sapiens ",
        "times": [
-5000, -4926, -4853, -4780, -4707, -4634, -4561, -4487, -4414, -4341,
  -4268, -4195, -4122, -4048, -3975, -3902, -3829, -3756, -3683, -3609,
  -3536, -3463, -3390, -3317, -3244, -3170, -3097, -3024, -2951, -2878,
  -2805, -2731, -2658, -2585, -2512, -2439, -2366
]},
    "geometry": {
        "type": "Point",
        "coordinates": [38.854273250118922, 1.7335961478081]
}},
{ "type": "Feature",
    "properties": { "id": 66, "mag": 10, "place": "First Homo Sapiens 200000 ago(AFR-EAS to EAS) ", "time": -16206, "title": "*101.001", "timefinal": -68950,
        "name": "200000 years ago, First Homo Sapiens ",
        "times": [
-2292, -2219, -2146, -2073, -2000
]},
    "geometry": {
        "type": "Point",
        "coordinates": [ 108.456573879916576, 33.693836232919267 ]
}},
{ "type": "Feature",
    "properties": { "id": 66, "mag": 10, "place": "First Homo Sapiens 200000 ago ", "time": -16206, "title": "*4.020", "timefinal": -68950,
        "name": "200000 years ago, First Homo Sapiens ",
        "times": [
-5000, -2000
]},
    "geometry": {
        "type": "Point",
        "coordinates": [20.987896268988155, 52.987896917725387]
}},
{ "type": "Feature",
    "properties": { "id": 66, "mag": 10, "place": "First Homo Sapiens 200000 ago ", "time": -16206, "title": "*4.023", "timefinal": -68950,
        "name": "200000 years ago, First Homo Sapiens ",
        "times": [
-5000, -2000
]},
    "geometry": {
        "type": "Point",
        "coordinates": [20.587459626898815, 52.587696917725387]
}},
{ "type": "Feature",
    "properties": { "id": 66, "mag": 10, "place": "First Homo Sapiens 200000 ago ", "time": -16206, "title": "*4.024", "timefinal": -68950,
        "name": "200000 years ago, First Homo Sapiens ",
        "times": [
-5000, -2000
]},
    "geometry": {
        "type": "Point",
        "coordinates": [21.526896268988155, 52.536896917725387]
}},
{ "type": "Feature",
    "properties": { "id": 66, "mag": 10, "place": "First Homo Sapiens 200000 ago ", "time": -16206, "title": "*4.029", "timefinal": -68950,
        "name": "200000 years ago, First Homo Sapiens ",
        "times": [
-5000, -2000
]},
    "geometry": {
        "type": "Point",
        "coordinates": [20.116896268988155, 51.116896917725387]
}},

{ "type": "Feature",
    "properties": { "id": 66, "mag": 10, "place": "First Homo Sapiens 200000 ago ", "time": -16206, "title": "*4.025", "timefinal": -68950,
        "name": "200000 years ago, First Homo Sapiens ",
        "times": [
-5000, -2000
]},
    "geometry": {
        "type": "Point",
        "coordinates": [21.985896268988155, 51.987896917725387]
}},
{ "type": "Feature",
    "properties": { "id": 66, "mag": 10, "place": "First Homo Sapiens 200000 ago ", "time": -16206, "title": "*1.039", "timefinal": -68950,
        "name": "200000 years ago, First Homo Sapiens ",
        "times": [
-5000, -2000
]},
    "geometry": {
        "type": "Point",
        "coordinates": [46.197192404502063, 6.195925220835992]
}},
{ "type": "Feature",
    "properties": { "id": 66, "mag": 10, "place": "First Homo Sapiens 200000 ago ", "time": -16206, "title": "*1.067", "timefinal": -68950,
        "name": "200000 years ago, First Homo Sapiens ",
        "times": [
-5000, -2000
]},
    "geometry": {
        "type": "Point",
        "coordinates": [46.117192404502063, 6.115925220835992]
}},
{ "type": "Feature", "properties": { "id": 3.3, "mag": "#0000FF", "place": "(AFR-EAS to SA)", "time": null, "title": "15000 years ago, South America", "timefinal": null, "name": "15000 years ago, South America",
"times": [
    -6525, -6418, -6310, -6203, -6095, -5988, -5880, -5773, -5666, -5558,
  -5451, -5343, -5236, -5129, -5021, -4914, -4806, -4699, -4592, -4484,
  -4377, -4269, -4162, -4054, -3947, -3840, -3732, -3625, -3517, -3410,
  -3303, -3195, -3088, -2980, -2873, -2765, -2658
]},
 "geometry":
 { "type": "LineString", "coordinates":[ [ 33.628342241101493, -3.682684826898907 ], [ 33.001616517680773, -1.888990126760813 ], [ 32.711664189919979, -0.984265365183106 ], [ 31.499350047426404, 3.607218012077364 ], [ 31.304886667046233, 4.53715523591393 ], [ 31.126570678084505, 5.470323310092608 ], [ 30.964455653742782, 6.406441873880565 ], [ 30.346713100740253, 18.715671019568507 ], [ 31.488043892683152, 25.514795857792183 ], [ 31.622787347469977, 25.793955329161321 ], [ 31.762328233745752, 26.070747941274355 ], [ 33.226761961009913, 28.442022455209706 ], [ 33.411762082204383, 28.690740697847875 ], [ 33.601026822026888, 28.936229327570118 ], [ 33.794499811493829, 29.178415230152638 ], [ 33.992123428272691, 29.41722627502751 ], [ 34.19383881384379, 29.652591336765418 ], [ 34.399585891030185, 29.884440316259052 ], [ 34.609303381890555, 30.112704161600831 ], [ 35.947408825595325, 31.403269571888135 ], [ 36.183106485788436, 31.60459622696013 ], [ 36.422243371208801, 31.801825431426494 ], [ 36.664748259381554, 31.994898444235915 ], [ 36.91054892473484, 32.183757762181486 ], [ 37.159572160110848, 32.368347137026973 ], [ 37.411743798569219, 32.548611592259299 ], [ 37.666988735476266, 32.724497439462269 ], [ 38.986621437119638, 33.536460609212909 ], [ 39.258679308798783, 33.685021450353503 ], [ 46.658337432779412, 35.776513964732189 ], [ 55.323922578055765, 35.347684865686645 ], [ 67.494994292681071, 30.885803857524568 ], [ 68.000218020805676, 30.57569697582964 ], [ 68.499996795800314, 30.256889087596708 ], [ 68.994180783810805, 29.929475771543849 ], [ 69.839222383850085, 29.046392014770497 ], [ 77.090606171137111, 22.496755045608019 ] ]

}},

{ "type": "Feature",
    "properties": { "id": 66, "mag": 10, "place": "First Homo Sapiens 200000 ago(AFR-EAS to SA) ", "time": -16206, "title": "*41.006", "timefinal": -68950,
        "name": "200000 years ago, First Homo Sapiens ",
        "times": [
   -6525, -6418, -6310, -6203, -6095, -5988, -5880, -5773, -5666, -5558,
  -5451, -5343, -5236, -5129, -5021, -4914, -4806, -4699, -4592, -4484,
  -4377, -4269, -4162, -4054, -3947, -3840, -3732, -3625, -3517, -3410,
  -3303, -3195
]},
    "geometry": {
        "type": "Point",
        "coordinates": [33.128342241101493, -3.182684826898907]
}},
{ "type": "Feature",
    "properties": { "id": 66, "mag": 10, "place": "First Homo Sapiens 200000 ago(AFR-EAS to SA)", "time": -16206, "title": "*41.006", "timefinal": -68950,
        "name": "200000 years ago, First Homo Sapiens ",
        "times": [
  -3088, -2980, -2873, -2765, -2658
]},
    "geometry": {
        "type": "Point",
        "coordinates": [ 77.190606171137111, 22.196755045608019 ]
}},
{ "type": "Feature",
    "properties": { "id": 66, "mag": 10, "place": "First Homo Sapiens 200000 ago ", "time": -16206, "title": "*71.001", "timefinal": -68950,
        "name": "200000 years ago, First Homo Sapiens ",
        "times": [
-8788, -3580
]},
    "geometry": {
        "type": "Point",
        "coordinates": [307.25281368938437, -23.52869537115795]
}},
{ "type": "Feature",
    "properties": { "id": 66, "mag": 10, "place": "First Homo Sapiens 200000 ago ", "time": -16206, "title": "*168.001", "timefinal": -68950,
        "name": "200000 years ago, First Homo Sapiens ",
        "times": [
-8788, -3580
]},
    "geometry": {
        "type": "Point",
        "coordinates": [305.25281368938437, -25.52869537115795]
}},
{ "type": "Feature",
    "properties": { "id": 66, "mag": 10, "place": "First Homo Sapiens 200000 ago ", "time": -16206, "title": "*36.005", "timefinal": -68950,
        "name": "200000 years ago, First Homo Sapiens ",
        "times": [
-9576, -3901
]},
    "geometry": {
        "type": "Point",
        "coordinates": [118.452225365550419, 46.213869240048069]
}},
{ "type": "Feature",
    "properties": { "id": 66, "mag": 10, "place": "First Homo Sapiens 200000 ago ", "time": -16206, "title": "*71.003", "timefinal": -68950,
        "name": "200000 years ago, First Homo Sapiens ",
        "times": [
-10044, -4092
]},
    "geometry": {
        "type": "Point",
        "coordinates": [304.25281368938437, -24.52869537115795]
}},
{ "type": "Feature",
    "properties": { "id": 66, "mag": 10, "place": "First Homo Sapiens 200000 ago ", "time": -16206, "title": "*44.001", "timefinal": -68950,
        "name": "200000 years ago, First Homo Sapiens ",
        "times": [
-10800, -4400
]},
    "geometry": {
        "type": "Point",
        "coordinates": [21.125896268989874, 51.125896917729874]
}},
{ "type": "Feature", "properties": { "id": 3.3, "mag": "#0000FF", "place": "(AFR-EAS to AMR)", "time": null, "title": "15000 years ago, South America", "timefinal": null, "name": "15000 years ago, South America",
"times": [
  -8100, -8089, -8078, -8068, -8057, -8046, -8036, -8025, -8014, -8004,
  -7993, -7982, -7972, -7961, -7950, -7940, -7929, -7918, -7908, -7897,
  -7886, -7876, -7865, -7854, -7844, -7833, -7822, -7812, -7801, -7790,
  -7780, -7769, -7758, -7748, -7737, -7726, -7716, -7705, -7694, -7684,
  -7673, -7662, -7652, -7641, -7630, -7620, -7609, -7598, -7588, -7577,
  -7566, -7556, -7545, -7534, -7524, -7513, -7502, -7492, -7481, -7470,
  -7460, -7449, -7438, -7428, -7417, -7406, -7396, -7385, -7374, -7364,
  -7353, -7342, -7332, -7321, -7310, -7300, -7289, -7278, -7268, -7257,
  -7246, -7236, -7225, -7214, -7204, -7193, -7182, -7172, -7161, -7150,
  -7140, -7129, -7118, -7108, -7097, -7086, -7076, -7065, -7054, -7044,
  -7033, -7022, -7012, -7001, -6990, -6980, -6969, -6958, -6948, -6937,
  -6926, -6916, -6905, -6894, -6884, -6873, -6862, -6852, -6841, -6830,
  -6820, -6809, -6798, -6788, -6777, -6766, -6756, -6745, -6734, -6724,
  -6713, -6702, -6692, -6681, -6670, -6660, -6649, -6638, -6628, -6617,
  -6606, -6596, -6585, -6574, -6564, -6553, -6542, -6532, -6521, -6510,
  -6500, -6489, -6478, -6468, -6457, -6446, -6436, -6425, -6414, -6404,
  -6393, -6382, -6372, -6361, -6350, -6340, -6329, -6318, -6308, -6297,
  -6286, -6276, -6265, -6254, -6244, -6233, -6222, -6212, -6201, -6190,
  -6180, -6169, -6158, -6148, -6137, -6126, -6116, -6105, -6094, -6084,
  -6073, -6062, -6052, -6041, -6030, -6020, -6009, -5998, -5988, -5977,
  -5966, -5956, -5945, -5934, -5924, -5913, -5902, -5892, -5881, -5870,
  -5860, -5849, -5838, -5828, -5817, -5806, -5796, -5785, -5774, -5764,
  -5753, -5742, -5732, -5721, -5710, -5700, -5689, -5678, -5668, -5657,
  -5646, -5636, -5625, -5614, -5604, -5593, -5582, -5572, -5561, -5550,
  -5540, -5529, -5518, -5508, -5497, -5486, -5476, -5465, -5454, -5444,
  -5433, -5422, -5412, -5401, -5390, -5380, -5369, -5358, -5348, -5337,
  -5326, -5316, -5305, -5294, -5284, -5273, -5262, -5252, -5241, -5230,
  -5220, -5209, -5198, -5188, -5177, -5166, -5156, -5145, -5134, -5124,
  -5113, -5102, -5092, -5081, -5070, -5060, -5049, -5038, -5028, -5017,
  -5006, -4996, -4985, -4974, -4964, -4953, -4942, -4932, -4921, -4910,
  -4900, -4889, -4878, -4868, -4857, -4846, -4836, -4825, -4814, -4804,
  -4793, -4782, -4772, -4761, -4750, -4740, -4729, -4718, -4708, -4697,
  -4686, -4676, -4665, -4654, -4644, -4633, -4622, -4612, -4601, -4590,
  -4580, -4569, -4558, -4548, -4537, -4526, -4516, -4505, -4494, -4484,
  -4473, -4462, -4452, -4441, -4430, -4420, -4409, -4398, -4388, -4377,
  -4366, -4356, -4345, -4334, -4324, -4313, -4302, -4292, -4281, -4270,
  -4260, -4249, -4238, -4228, -4217, -4206, -4196, -4185, -4174, -4164,
  -4153, -4142, -4132, -4121, -4110, -4100, -4089, -4078, -4068, -4057,
  -4046, -4036, -4025, -4014, -4004, -3993, -3982, -3972, -3961, -3950,
  -3940, -3929, -3918, -3908, -3897, -3886, -3876, -3865, -3854, -3844,
  -3833, -3822, -3812, -3801, -3790, -3780, -3769, -3758, -3748, -3737,
  -3726, -3716, -3705, -3694, -3684, -3673, -3662, -3652, -3641, -3630,
  -3620, -3609, -3598, -3588, -3577, -3566, -3556, -3545, -3534, -3524,
  -3513, -3502, -3492, -3481, -3470, -3460, -3449, -3438, -3428, -3417,
  -3406, -3396, -3385, -3374, -3364, -3353, -3342, -3332, -3321, -3310,
  -3300
]},
 "geometry":
 { "type": "LineString", "coordinates":[ [ 35.601229928401366, 3.18588712147853 ], [ 35.122542236670597, 4.437533894795472 ], [ 34.665632586614421, 5.697293841394128 ], [ 34.230638401797663, 6.964788066447763 ], [ 33.817690514325946, 8.239635348909999 ], [ 33.426913125495503, 9.521452256173895 ], [ 33.058423768437578, 10.809853259396007 ], [ 32.712333272768205, 12.104450849450938 ], [ 32.388745731254247, 13.404855653481459 ], [ 32.087758468505754, 14.710676552009232 ], [ 31.8094620117038, 16.021520796570801 ], [ 31.553940063372949, 17.336994127843582 ], [ 31.321269476206155, 18.65670089422624 ], [ 31.111520229950017, 19.980244170837807 ], [ 30.924755410357161, 21.307225878899843 ], [ 30.918987620315345, 21.619794470078954 ], [ 30.918669403654462, 21.932416110935478 ], [ 30.923800857079879, 22.244995796422891 ], [ 30.934380421153897, 22.557438534244834 ], [ 30.950404880769675, 22.86964937372305 ], [ 30.971869366128285, 23.181533434652682 ], [ 30.998767354218636, 23.492995936136182 ], [ 31.031090670799809, 23.803942225387011 ], [ 31.06882949288519, 24.114277806494425 ], [ 31.111972351727637, 24.42390836914057 ], [ 31.160506136304836, 24.732739817261198 ], [ 31.214416097303687, 25.040678297641239 ], [ 31.273685851602611, 25.347630228436621 ], [ 31.338297387250332, 25.65350232761357 ], [ 31.408231068939664, 25.958201641296817 ], [ 31.483465643974654, 26.261635572018108 ], [ 31.563978248729232, 26.563711906856341 ], [ 31.649744415595393, 26.86433884546091 ], [ 31.740738080418886, 27.1634250279496 ], [ 31.836931590420026, 27.460879562672687 ], [ 31.938295712597327, 27.756612053834704 ], [ 32.044799642611345, 28.050532628965534 ], [ 32.156411014146059, 28.342551966232449 ], [ 32.273095908744914, 28.632581321584837 ], [ 32.39481886611857, 28.920532555723327 ], [ 32.521542894921204, 29.206318160885129 ], [ 32.653229483992121, 29.48985128743745 ], [ 32.789838614059192, 29.771045770270927 ], [ 32.931328769900631, 30.049816154985002 ], [ 33.077656952961377, 30.326077723857349 ], [ 33.228778694420271, 30.599746521589388 ], [ 33.384648068704038, 30.870739380820133 ], [ 33.545217707443953, 31.138973947400579 ], [ 33.710438813871022, 31.404368705420939 ], [ 33.88026117764516, 31.666843001983157 ], [ 34.05463319011406, 31.926317071711164 ], [ 34.23350185999692, 32.182712060991378 ], [ 34.4168128294884, 32.435950051936189 ], [ 34.604510390777818, 32.685954086062992 ], [ 34.796537502978651, 32.932648187681728 ], [ 34.992835809463145, 33.17595738698374 ], [ 35.193345655596744, 33.415807742824938 ], [ 35.398006106867037, 33.652126365196324 ], [ 35.606754967401599, 33.884841437375137 ], [ 35.819528798869186, 34.113882237749806 ], [ 36.036262939758529, 34.339179161312082 ], [ 36.25689152502882, 34.560663740809844 ], [ 36.481347506125935, 34.778268667554158 ], [ 36.70956267135837, 34.991927811874262 ], [ 36.941467666626629, 35.201576243214205 ], [ 37.176992016499767, 35.407150249865111 ], [ 37.416064145632731, 35.608587358327028 ], [ 37.658611400517962, 35.805826352294517 ], [ 37.904560071564646, 35.9988072912601 ], [ 38.153835415498861, 36.187471528730129 ], [ 38.406361678077943, 36.371761730047247 ], [ 38.662062117112036, 36.551621889814342 ], [ 38.92085902578583, 36.726997348914395 ], [ 39.182673756273552, 36.897834811121342 ], [ 39.447426743639838, 37.064082359296634 ], [ 39.715037530019366, 37.225689471166739 ], [ 39.985424789067814, 37.382607034676802 ], [ 40.194024336505727, 37.821841373517962 ], [ 40.410186229598565, 38.25740378188577 ], [ 40.633845857504191, 38.689164070070959 ], [ 40.864936368305749, 39.11699318481903 ], [ 41.103388688993704, 39.54076324790416 ], [ 41.349131546111764, 39.960347594352044 ], [ 41.602091487060513, 40.375620810300106 ], [ 41.862192902052463, 40.786458770483719 ], [ 42.129358046711801, 41.192738675337253 ], [ 42.403507065312198, 41.594339087698948 ], [ 42.684558014645724, 41.99113996910846 ], [ 42.972426888515685, 42.383022715686423 ], [ 43.267027642846088, 42.769870193585142 ], [ 43.56827222140025, 43.15156677399996 ], [ 43.876070582100823, 43.527998367730731 ], [ 44.190330723943376, 43.899052459283077 ], [ 44.510958714495558, 44.264618140499344 ], [ 44.837858717973475, 44.624586143709045 ], [ 45.170933023887081, 44.978848874389001 ], [ 45.510082076245794, 45.327300443323374 ], [ 45.855204503315903, 45.669836698253974 ], [ 46.20619714792052, 46.0063552550114 ], [ 46.562955098273321, 46.336755528117692 ], [ 46.925371719336702, 46.660938760851352 ], [ 47.29333868469503, 46.978808054765736 ], [ 47.666746008933394, 47.290268398652053 ], [ 48.045482080512329, 47.595226696938234 ], [ 48.429433695128466, 47.893591797515199 ], [ 48.818486089551399, 48.185274518982254 ], [ 49.212522975926369, 48.470187677303443 ], [ 49.6114265765328, 48.748246111866884 ], [ 50.015077658988041, 49.019366710939252 ], [ 50.423355571885963, 49.283468436507945 ], [ 50.836138280859693, 49.540472348503357 ], [ 51.253302405057759, 49.790301628394062 ], [ 51.674723254022581, 50.032881602147903 ], [ 52.100274864960525, 50.268139762552089 ], [ 52.52983004039222, 50.496005790885597 ], [ 52.963260386171882, 50.716411577937492 ], [ 53.400436349864393, 50.92929124436472 ], [ 53.841227259468511, 51.134581160383547 ], [ 54.285501362474811, 51.332219964788436 ], [ 54.733125865246492, 51.522148583292974 ], [ 55.183966972711488, 51.704310246187191 ], [ 77.981780248177003, 60.472699967520086 ], [ 79.791429573887399, 61.052355493763542 ], [ 81.610783985097726, 61.600790300789683 ], [ 83.439304894477488, 62.117842034283797 ], [ 85.276451001118289, 62.603357630328702 ], [ 87.121678450776344, 63.057193360716624 ], [ 88.974440996870811, 63.479214875497348 ], [ 90.834190162190367, 63.869297242750136 ], [ 92.700375401259976, 64.227324985567591 ], [ 94.572444263320165, 64.553192116240481 ], [ 96.449842555870049, 64.846802167633584 ], [ 98.332014508726218, 65.108068221743011 ], [ 100.218402938548479, 65.336912935426682 ], [ 102.108449413784086, 65.533268563300496 ], [ 104.001594419981387, 65.697076977793031 ], [ 105.897277525424002, 65.828289686353216 ], [ 107.794937547036739, 65.926867845805688 ], [ 109.694012716513697, 65.992782273849599 ], [ 111.593940846619759, 66.026013457697573 ], [ 113.423353417142167, 66.4237977943706 ], [ 115.259422795354993, 66.789628315345666 ], [ 117.101590897533157, 67.123393824356285 ], [ 118.949297786209684, 67.424992871478608 ], [ 120.80198184037198, 67.694333783967735 ], [ 122.659079926169753, 67.931334694122185 ], [ 124.520027568082639, 68.135923564168039 ], [ 126.384259120495841, 68.308038208155153 ], [ 128.251207939631314, 68.447626310859121 ], [ 130.120306555782264, 68.554645443682574 ], [ 131.990986845799, 68.629063077551706 ], [ 133.862680205772989, 68.670856592803673 ], [ 135.734817723867309, 68.680013286061893 ], [ 137.606830353240667, 68.656530374097443 ], [ 138.897524002330812, 68.842126554858012 ], [ 140.191153704314559, 69.006011368859731 ], [ 141.487354268295604, 69.148138551517022 ], [ 142.78575977762506, 69.268467980410634 ], [ 144.086003693199189, 69.366965686614307 ], [ 145.387718956933298, 69.443603864284128 ], [ 146.690538095381982, 69.49836087850808 ], [ 147.994093323476676, 69.531221271413571 ], [ 149.298016648351108, 69.54217576653123 ], [ 150.601939973225569, 69.531221271413585 ], [ 151.905495201320264, 69.498360878508095 ], [ 153.208314339768947, 69.443603864284142 ], [ 154.510029603503057, 69.366965686614336 ], [ 155.810273519077157, 69.268467980410648 ], [ 157.108679028406613, 69.148138551517036 ], [ 158.404879592387658, 69.00601136885976 ], [ 159.698509294371405, 68.842126554858027 ], [ 160.989202943461692, 68.656530374097443 ], [ 161.818682922249366, 68.470223056402176 ], [ 162.651203406548944, 68.298010701857038 ], [ 163.486524905307334, 68.139942850766332 ], [ 164.324407121703956, 67.996064974487027 ], [ 165.164609022277034, 67.86641846234798 ], [ 166.006888906261423, 67.751040609743484 ], [ 166.851004475118884, 67.649964607404542 ], [ 167.696712902239938, 67.563219531850791 ], [ 168.543770902797775, 67.49083033702621 ], [ 169.391934803733989, 67.432817847120475 ], [ 170.240960613855947, 67.389198750578601 ], [ 171.090604094025764, 67.359985595300088 ], [ 171.940620827420418, 67.345186785029256 ], [ 172.790766289843305, 67.344806576937856 ], [ 173.640795920066239, 67.358845080400286 ], [ 174.490465190182505, 67.387298256962168 ], [ 175.33952967595016, 67.430157921502143 ], [ 176.187745127105387, 67.487411744586396 ], [ 178.06677518031529, 67.308273760280215 ], [ 179.942425317418497, 67.096658728980913 ], [ 181.814134249458675, 66.852629976560294 ], [ 183.681341866886527, 66.576260528707408 ], [ 185.543489407172586, 66.267633089075758 ], [ 187.400019622017339, 65.926840014534037 ], [ 189.250376944107757, 65.553983287528453 ], [ 191.094007653371278, 65.149174485564288 ], [ 199.567922538883437, 65.63003408819452 ], [ 208.046227781281544, 66.026013457697573 ], [ 208.510650897613857, 66.135453720109609 ], [ 208.976896357646694, 66.236849839460717 ], [ 209.444824841967744, 66.330171517444569 ], [ 209.914296528258035, 66.415390868489197 ], [ 210.385171133072419, 66.492482428089488 ], [ 210.857307953757868, 66.561423160416268 ], [ 211.330565910496944, 66.622192465199632 ], [ 211.804803588464154, 66.674772183884613 ], [ 212.279879280082156, 66.719146605057063 ], [ 212.755651027365701, 66.755302469138485 ], [ 213.231976664340237, 66.783228972348127 ], [ 213.708713859522675, 66.802917769931241 ], [ 214.185720158451772, 66.814362978652611 ], [ 214.662853026254965, 66.817561178554541 ], [ 215.139969890239513, 66.812511413978754 ], [ 215.616928182494775, 66.799215193851978 ], [ 216.09358538249316, 66.777676491235013 ], [ 216.569799059676797, 66.747901742135639 ], [ 217.045426916017533, 66.709899843585333 ], [ 217.520326828537037, 66.663682150980819 ], [ 217.994356891774828, 66.609262474690951 ], [ 218.467375460191221, 66.546657075929957 ], [ 218.939241190492595, 66.475884661898462 ], [ 219.409813083866453, 66.396966380193561 ], [ 219.878950528113336, 66.309925812489638 ], [ 220.346513339663375, 66.214788967491899 ], [ 220.812361805464832, 66.111584273164766 ], [ 221.276356724731727, 66.000342568237159 ], [ 221.738359450538866, 65.881097092987574 ], [ 222.198231931250859, 65.753883479311583 ], [ 222.655836751773705, 65.618739740074517 ], [ 223.111037174615831, 65.475706257752847 ], [ 223.563697180746885, 65.324825772367461 ], [ 224.013681510241781, 65.166143368712426 ], [ 224.460855702697785, 64.999706462883125 ], [ 224.905086137412894, 64.82556478810784 ], [ 225.346240073313169, 64.643770379886917 ], [ 225.784185688617328, 64.454377560443874 ], [ 226.218792120226482, 64.257442922493411 ], [ 226.649929502827575, 64.053025312330803 ], [ 227.077469007698596, 63.841185812248007 ], [ 227.501282881204133, 63.621987722281531 ], [ 227.921244482969428, 63.39549654129771 ], [ 228.608650993601287, 63.043410254615125 ], [ 229.290022688078153, 62.679782590520773 ], [ 229.965165807202567, 62.304716952494672 ], [ 230.633888362974432, 61.918319996591919 ], [ 231.296000193185989, 61.520701601113473 ], [ 231.951313015497533, 61.111974835360286 ], [ 232.599640480978536, 60.692255927480318 ], [ 233.240798227099106, 60.261664231417114 ], [ 233.874603930156383, 59.82032219296957 ], [ 234.500877357121368, 59.368355314972419 ], [ 235.119440416891109, 58.905892121607508 ], [ 235.730117210931752, 58.433064121855807 ], [ 236.332734083298305, 57.950005772100695 ], [ 236.927119670016396, 57.456854437893085 ], [ 237.513104947812536, 56.953750354889223 ], [ 238.090523282178623, 56.440836588972502 ], [ 238.659210474757145, 55.918258995570213 ], [ 239.219004810033738, 55.386166178177234 ], [ 239.769747101323645, 54.844709446098179 ], [ 240.311280736038981, 54.294042771420145 ], [ 240.843451720224152, 53.734322745228155 ], [ 241.366108722346524, 53.165708533076007 ], [ 242.089062826056704, 51.625989655520286 ], [ 242.835469284864303, 50.097502084022544 ], [ 243.605153671744745, 48.580603009408392 ], [ 244.397936119876249, 47.075646914398504 ], [ 245.21363136467275, 45.582985490769836 ], [ 246.05204878707832, 44.102967557169166 ], [ 246.912992458112569, 42.635938977597924 ], [ 247.796261184657311, 41.182242580587719 ], [ 248.302522139991623, 40.530943704796172 ], [ 248.79767283343358, 39.871158761585647 ], [ 249.281571047209837, 39.20307725517528 ], [ 249.754077795497665, 38.526891072733015 ], [ 250.215057364344688, 37.842794429261495 ], [ 250.664377350648721, 37.150983811815422 ], [ 251.101908700186897, 36.451657923066342 ], [ 251.527525744682549, 35.745017624230961 ], [ 251.941106237900044, 35.03126587737961 ], [ 252.342531390756278, 34.310607687141186 ], [ 252.731685905439633, 33.583250041821529 ], [ 253.108458008525702, 32.849401853951946 ], [ 253.472739483081256, 32.109273900285139 ], [ 253.8244256997462, 31.363078761255622 ], [ 254.163415646785495, 30.611030759922151 ], [ 254.489611959101836, 29.853345900409568 ], [ 254.802920946200913, 29.090241805867855 ], [ 255.103252619101397, 28.321937655966153 ], [ 255.167702279504908, 28.090031562221469 ], [ 255.236125778561728, 27.859266703937397 ], [ 255.30850292753135, 27.629711169590962 ], [ 255.384812371126458, 27.401432690841322 ], [ 255.465031593814018, 27.174498622545151 ], [ 255.549136926458516, 26.948975922883218 ], [ 255.637103553305707, 26.724931133603988 ], [ 255.728905519304647, 26.502430360390107 ], [ 255.824515737765893, 26.281539253353543 ], [ 255.923905998353575, 26.062322987665155 ], [ 256.02704697540895, 25.844846244324387 ], [ 256.133908236603247, 25.62917319107477 ], [ 256.24445825191674, 25.415367463470869 ], [ 256.35866440294194, 25.203492146102253 ], [ 256.476492992507929, 24.993609753980031 ], [ 256.597909254622607, 24.785782214091444 ], [ 256.722877364730948, 24.580070847127949 ], [ 256.851360450285085, 24.376536349392214 ], [ 256.983320601623689, 24.175238774889326 ], [ 257.118718883157499, 23.976237517607515 ], [ 257.257515344857495, 23.779591293993626 ], [ 257.399669034042404, 23.585358125628488 ], [ 257.545138007462015, 23.393595322107338 ], [ 257.693879343672677, 23.204359464130278 ], [ 257.845849155701615, 23.017706386807838 ], [ 258.001002603996028, 22.833691163186501 ], [ 258.159293909653115, 22.652368087999093 ], [ 258.320676367927661, 22.473790661644813 ], [ 258.485102362012242, 22.298011574403638 ], [ 258.65252337708705, 22.125082690889755 ], [ 258.822890014634424, 21.955055034748611 ], [ 258.996152007014075, 21.78797877360212 ], [ 259.172258232294837, 21.623903204246389 ], [ 259.351156729338584, 21.462876738106438 ], [ 259.532794713131693, 21.304946886952138 ], [ 259.717118590359405, 21.15016024887958 ], [ 259.904073975218807, 20.998562494562062 ], [ 260.093605705465961, 20.850198353774683 ], [ 260.285657858691479, 20.705111602196574 ], [ 260.480173768820976, 20.563345048494643 ], [ 260.677096042834762, 20.424940521692626 ], [ 260.876366577701731, 20.289938858829196 ], [ 261.077926577523101, 20.158379892908783 ], [ 261.281716570880633, 20.030302441148589 ], [ 261.487676428383793, 19.90574429352538 ], [ 261.695745380411381, 19.78474220162532 ], [ 261.905862035041878, 19.667331867800208 ], [ 262.117964396167736, 19.553547934633258 ], [ 262.527281686904757, 19.234201338830111 ], [ 262.941950129516613, 18.921834606527781 ], [ 263.361850713774629, 18.616537387268934 ], [ 263.78686292782055, 18.318397301639436 ], [ 264.216864792753711, 18.02749991612113 ], [ 264.651732897638965, 17.7439287185342 ], [ 265.091342434925764, 17.467765094076075 ], [ 265.535567236268093, 17.199088301963808 ], [ 265.984279808734811, 16.937975452686612 ], [ 266.437351371400382, 16.684501485875057 ], [ 266.894651892304864, 16.438739148793367 ], [ 267.356050125773493, 16.200758975460829 ], [ 267.821413650084196, 15.970629266408523 ], [ 268.290608905472709, 15.748416069076963 ], [ 268.763501232464307, 15.534183158860451 ], [ 269.239954910521419, 15.327992020803453 ], [ 269.719833196995296, 15.129901831954353 ], [ 270.202998366371446, 14.939969444381575 ], [ 270.6893117497969, 14.758249368856994 ], [ 271.178633774878335, 14.584793759211294 ], [ 271.354513583817209, 14.536932366425036 ], [ 271.529532577110103, 14.486013096020423 ], [ 271.703637594310351, 14.432051414268342 ], [ 271.876775752583171, 14.375063711544803 ], [ 272.048894462768544, 14.315067297352508 ], [ 272.219941445354664, 14.25208039506323 ], [ 272.389864746357318, 14.186122136382636 ], [ 272.558612753100476, 14.117212555539201 ], [ 272.726134209893189, 14.04537258319899 ], [ 272.892378233598151, 13.970624040108156 ], [ 273.057294329086687, 13.892989630465092 ], [ 273.22083240457647, 13.812492935024215 ], [ 273.382942786846456, 13.729158403933553 ], [ 273.543576236324384, 13.643011349308203 ], [ 273.702683962043295, 13.554077937542026 ], [ 273.860217636460902, 13.462385181359824 ], [ 274.016129410139058, 13.367960931612478 ], [ 274.170371926277198, 13.270833868817496 ], [ 274.322898335096852, 13.171033494447567 ], [ 274.473662308071766, 13.068590121969756 ], [ 274.622618051999666, 12.96353486763805 ], [ 274.76972032291161, 12.855899641042086 ], [ 274.914924439814399, 12.7457171354149 ], [ 275.058186298262171, 12.633020817702645 ], [ 275.199462383752518, 12.517844918399309 ], [ 275.338709784943774, 12.40022442114951 ], [ 275.47588620668887, 12.280195052122533 ], [ 275.610949982882232, 12.157793269160816 ], [ 275.74386008911523, 12.033056250706224 ], [ 275.87457615513722, 11.90602188450741 ], [ 276.003058477117634, 11.776728756111776 ], [ 276.129268029705486, 11.645216137145441 ], [ 276.253166477883099, 11.511523973384845 ], [ 276.374716188610023, 11.375692872623576 ], [ 276.493880242253624, 11.237764092338121 ], [ 276.610622443803265, 11.097779527156277 ], [ 276.72490733386411, 10.955781696132028 ], [ 276.836700199427526, 10.811813729830774 ], [ 276.945967084415145, 10.665919357228805 ], [ 277.052674799992189, 10.518142892431012 ], [ 277.156790934648825, 10.368529221210888 ], [ 277.258283864044643, 10.217123787376863 ], [ 277.357122760614118, 10.063972578969173 ], [ 277.453277602930484, 9.909122114291382 ], [ 277.546719184824212, 9.752619427780893 ], [ 277.63741912425445, 9.594512055722639 ], [ 277.725349871929325, 9.434848021810367 ], [ 277.810484719674378, 9.273675822559889 ], [ 277.892797808544458, 9.111044412578675 ], [ 277.972264136678348, 8.947003189696355 ], [ 278.048859566892816, 8.781601979960552 ], [ 278.122560834014166, 8.614891022502684 ], [ 278.193345551944617, 8.446920954278269 ], [ 279.156447793229518, 8.284040772818074 ], [ 280.116712146420355, 8.105188172413776 ], [ 281.073873738268958, 7.910412486635899 ], [ 282.027668551373154, 7.699767441178217 ], [ 282.977833497001825, 7.47331113903833 ], [ 283.924106487663437, 7.231106044490915 ], [ 284.866226509398757, 6.973218965858003 ], [ 285.803933693777253, 6.699721037080941 ], [ 286.736969389577553, 6.410687698099302 ], [ 287.66507623413213, 6.106198674041998 ], [ 288.587998224316607, 5.786337953236384 ], [ 289.505480787164117, 5.451193764041477 ], [ 290.41727085008506, 5.100858550511568 ], [ 291.323116910672923, 4.735428946897088 ], [ 292.222769106077294, 4.355005750989577 ], [ 292.656904748431657, 3.968080027341589 ], [ 293.084466088602937, 3.573901676878286 ], [ 293.505331980564279, 3.172582386827887 ], [ 293.919383175389839, 2.764235867745722 ], [ 294.326502355042635, 2.348977821295289 ], [ 294.726574165615773, 1.92692590746514 ], [ 295.119485250017135, 1.498199711230846 ], [ 295.505124280088069, 1.062920708671612 ], [ 295.883381988147221, 0.621212232550974 ], [ 296.254151197950932, 0.173199437371498 ], [ 296.617326855060469, -0.280990736086743 ], [ 296.97280605660859, -0.741229596733803 ], [ 297.320488080456016, -1.207386739633453 ], [ 297.660274413730292, -1.679330082952326 ], [ 297.992068780738748, -2.156925905384259 ], [ 298.315777170247316, -2.640038884039122 ], [ 298.631307862117751, -3.12853213278547 ], [ 298.938571453295935, -3.622267241036088 ], [ 299.237480883143576, -4.121104312965542 ], [ 299.892000105329998, -5.489570619272484 ], [ 300.570203709545126, -6.846455034003021 ], [ 301.271886831337838, -8.1913476841057 ],
  [ 301.996837513816956, -9.523842318872397 ], [ 302.744836771676773, -10.843536432654091 ] ]
}},


{ "type": "Feature",
    "properties": { "id": 66, "mag": 10, "place": "First Homo Sapiens 200000 ago(AFR-EAS to AMR) ", "time": -16206, "title": "*41.005", "timefinal": -68950,
        "name": "200000 years ago, First Homo Sapiens ",
        "times": [
-8100, -8089, -8078, -8068, -8057, -8046, -8036, -8025, -8014, -8004,
  -7993, -7982, -7972, -7961, -7950, -7940, -7929, -7918, -7908, -7897,
  -7886, -7876, -7865, -7854, -7844, -7833, -7822, -7812, -7801, -7790,
  -7780, -7769, -7758, -7748, -7737, -7726, -7716, -7705, -7694, -7684,
  -7673, -7662, -7652, -7641, -7630, -7620, -7609, -7598, -7588, -7577,
  -7566, -7556, -7545, -7534, -7524, -7513, -7502, -7492, -7481, -7470,
  -7460, -7449, -7438, -7428, -7417, -7406, -7396, -7385, -7374, -7364,
  -7353, -7342, -7332, -7321, -7310, -7300, -7289, -7278, -7268, -7257,
  -7246, -7236, -7225, -7214, -7204, -7193, -7182, -7172, -7161, -7150,
  -7140, -7129, -7118, -7108, -7097, -7086, -7076, -7065, -7054, -7044,
  -7033, -7022, -7012, -7001, -6990, -6980, -6969, -6958, -6948, -6937,
  -6926, -6916, -6905, -6894, -6884, -6873, -6862, -6852, -6841, -6830,
  -6820, -6809, -6798, -6788, -6777, -6766, -6756, -6745, -6734, -6724,
  -6713, -6702, -6692, -6681, -6670, -6660, -6649, -6638, -6628, -6617,
  -6606, -6596, -6585, -6574, -6564, -6553, -6542, -6532, -6521, -6510,
  -6500, -6489, -6478, -6468, -6457, -6446, -6436, -6425, -6414, -6404,
  -6393, -6382, -6372, -6361, -6350, -6340, -6329, -6318, -6308, -6297,
  -6286, -6276, -6265, -6254, -6244, -6233, -6222, -6212, -6201, -6190,
  -6180, -6169, -6158, -6148, -6137, -6126, -6116, -6105, -6094, -6084,
  -6073, -6062, -6052, -6041, -6030, -6020, -6009, -5998, -5988, -5977,
  -5966, -5956, -5945, -5934, -5924, -5913, -5902, -5892, -5881, -5870,
  -5860, -5849, -5838, -5828, -5817, -5806, -5796, -5785, -5774, -5764,
  -5753, -5742, -5732, -5721, -5710, -5700, -5689, -5678, -5668, -5657,
  -5646, -5636, -5625, -5614, -5604, -5593, -5582, -5572, -5561, -5550,
  -5540, -5529, -5518, -5508, -5497, -5486, -5476, -5465, -5454, -5444,
  -5433, -5422, -5412, -5401, -5390, -5380, -5369, -5358, -5348, -5337,
  -5326, -5316, -5305, -5294, -5284, -5273, -5262, -5252, -5241, -5230,
  -5220, -5209, -5198, -5188, -5177, -5166, -5156, -5145, -5134, -5124,
  -5113, -5102, -5092, -5081, -5070, -5060, -5049, -5038, -5028, -5017,
  -5006, -4996, -4985, -4974, -4964, -4953, -4942, -4932, -4921, -4910,
  -4900, -4889, -4878, -4868, -4857, -4846, -4836, -4825, -4814, -4804,
  -4793, -4782, -4772, -4761, -4750, -4740, -4729, -4718, -4708, -4697,
  -4686, -4676, -4665, -4654, -4644, -4633, -4622, -4612, -4601, -4590,
  -4580, -4569, -4558, -4548, -4537, -4526, -4516, -4505, -4494, -4484,
  -4473, -4462, -4452, -4441, -4430, -4420, -4409, -4398, -4388, -4377,
  -4366, -4356, -4345, -4334, -4324, -4313, -4302, -4292, -4281, -4270,
  -4260, -4249, -4238, -4228, -4217, -4206, -4196, -4185, -4174, -4164,
  -4153, -4142, -4132, -4121, -4110, -4100, -4089, -4078, -4068, -4057,
  -4046, -4036, -4025, -4014, -4004, -3993, -3982, -3972, -3961, -3950
]},
    "geometry": {
        "type": "Point",
        "coordinates": [35.111229928401366, 3.18588712147853]
}},
{ "type": "Feature",
    "properties": { "id": 66, "mag": 10, "place": "First Homo Sapiens 200000 ago(AFR-EAS to AMR) ", "time": -16206, "title": "*41.005", "timefinal": -68950,
        "name": "200000 years ago, First Homo Sapiens ",
        "times": [

  -3940, -3929, -3918, -3908, -3897, -3886, -3876, -3865, -3854, -3844,
  -3833, -3822, -3812, -3801, -3790, -3780, -3769, -3758, -3748, -3737,
  -3726, -3716, -3705, -3694, -3684, -3673, -3662, -3652, -3641, -3630,
  -3620, -3609, -3598, -3588, -3577, -3566, -3556, -3545, -3534, -3524,
  -3513, -3502, -3492, -3481, -3470, -3460, -3449, -3438, -3428, -3417,
  -3406, -3396, -3385, -3374, -3364, -3353, -3342, -3332, -3321, -3310,
  -3300
]},
    "geometry": {
        "type": "Point",
        "coordinates": [ 302.244836771676773, -10.243536432654091 ]
}},
{ "type": "Feature",
    "properties": { "id": 66, "mag": 10, "place": "First Homo Sapiens 200000 ago ", "time": -16206, "title": "*6.006", "timefinal": -68950,
        "name": "200000 years ago, First Homo Sapiens ",
        "times": [
-6930, -2823
]},
    "geometry": {
        "type": "Point",
        "coordinates": [23.125896268988155, 51.925896917725387]
}},
{ "type": "Feature",
    "properties": { "id": 66, "mag": 10, "place": "First Homo Sapiens 200000 ago ", "time": -16206, "title": "*6.005", "timefinal": -68950,
        "name": "200000 years ago, First Homo Sapiens ",
        "times": [
-8085, -3294
]},
    "geometry": {
        "type": "Point",
        "coordinates": [20.698569268988155, 52.698569917725387]
}},

{ "type": "Feature", "properties": { "id": 3.3, "mag": "#0000FF", "place": "(AFR-EAS to AMR)", "time": null, "title": "15000 years ago, South America", "timefinal": null, "name": "15000 years ago, South America",
"times": [
  -10800, -10786, -10772, -10758, -10743, -10729, -10715, -10701, -10686, -10672,
  -10658, -10644, -10630, -10615, -10601, -10587, -10573, -10558, -10544, -10530,
  -10516, -10502, -10487, -10473, -10459, -10445, -10430, -10416, -10402, -10388,
  -10374, -10359, -10345, -10331, -10317, -10302, -10288, -10274, -10260, -10246,
  -10231, -10217, -10203, -10189, -10174, -10160, -10146, -10132, -10118, -10103,
  -10089, -10075, -10061, -10046, -10032, -10018, -10004,  -9990,  -9975,  -9961,
   -9947,  -9933,  -9918,  -9904,  -9890,  -9876,  -9862,  -9847,  -9833,  -9819,
   -9805,  -9790,  -9776,  -9762,  -9748,  -9734,  -9719,  -9705,  -9691,  -9677,
   -9662,  -9648,  -9634,  -9620,  -9606,  -9591,  -9577,  -9563,  -9549,  -9534,
   -9520,  -9506,  -9492,  -9478,  -9463,  -9449,  -9435,  -9421,  -9406,  -9392,
   -9378,  -9364,  -9350,  -9335,  -9321,  -9307,  -9293,  -9278,  -9264,  -9250,
   -9236,  -9222,  -9207,  -9193,  -9179,  -9165,  -9150,  -9136,  -9122,  -9108,
   -9094,  -9079,  -9065,  -9051,  -9037,  -9022,  -9008,  -8994,  -8980,  -8966,
   -8951,  -8937,  -8923,  -8909,  -8894,  -8880,  -8866,  -8852,  -8838,  -8823,
   -8809,  -8795,  -8781,  -8766,  -8752,  -8738,  -8724,  -8710,  -8695,  -8681,
   -8667,  -8653,  -8638,  -8624,  -8610,  -8596,  -8582,  -8567,  -8553,  -8539,
   -8525,  -8510,  -8496,  -8482,  -8468,  -8454,  -8439,  -8425,  -8411,  -8397,
   -8382,  -8368,  -8354,  -8340,  -8326,  -8311,  -8297,  -8283,  -8269,  -8254,
   -8240,  -8226,  -8212,  -8198,  -8183,  -8169,  -8155,  -8141,  -8126,  -8112,
   -8098,  -8084,  -8070,  -8055,  -8041,  -8027,  -8013,  -7998,  -7984,  -7970,
   -7956,  -7942,  -7927,  -7913,  -7899,  -7885,  -7870,  -7856,  -7842,  -7828,
   -7814,  -7799,  -7785,  -7771,  -7757,  -7742,  -7728,  -7714,  -7700,  -7686,
   -7671,  -7657,  -7643,  -7629,  -7614,  -7600,  -7586,  -7572,  -7558,  -7543,
   -7529,  -7515,  -7501,  -7486,  -7472,  -7458,  -7444,  -7430,  -7415,  -7401,
   -7387,  -7373,  -7358,  -7344,  -7330,  -7316,  -7302,  -7287,  -7273,  -7259,
   -7245,  -7230,  -7216,  -7202,  -7188,  -7174,  -7159,  -7145,  -7131,  -7117,
   -7102,  -7088,  -7074,  -7060,  -7046,  -7031,  -7017,  -7003,  -6989,  -6974,
   -6960,  -6946,  -6932,  -6918,  -6903,  -6889,  -6875,  -6861,  -6846,  -6832,
   -6818,  -6804,  -6790,  -6775,  -6761,  -6747,  -6733,  -6718,  -6704,  -6690,
   -6676,  -6662,  -6647,  -6633,  -6619,  -6605,  -6590,  -6576,  -6562,  -6548,
   -6534,  -6519,  -6505,  -6491,  -6477,  -6462,  -6448,  -6434,  -6420,  -6406,
   -6391,  -6377,  -6363,  -6349,  -6334,  -6320,  -6306,  -6292,  -6278,  -6263,
   -6249,  -6235,  -6221,  -6206,  -6192,  -6178,  -6164,  -6150,  -6135,  -6121,
   -6107,  -6093,  -6078,  -6064,  -6050,  -6036,  -6022,  -6007,  -5993,  -5979,
   -5965,  -5950,  -5936,  -5922,  -5908,  -5894,  -5879,  -5865,  -5851,  -5837,
   -5822,  -5808,  -5794,  -5780,  -5766,  -5751,  -5737,  -5723,  -5709,  -5694,
   -5680,  -5666,  -5652,  -5638,  -5623,  -5609,  -5595,  -5581,  -5566,  -5552,
   -5538,  -5524,  -5510,  -5495,  -5481,  -5467,  -5453,  -5438,  -5424,  -5410,
   -5396,  -5382,  -5367,  -5353,  -5339,  -5325,  -5310,  -5296,  -5282,  -5268,
   -5254,  -5239,  -5225,  -5211,  -5197,  -5182,  -5168,  -5154,  -5140,  -5126,
   -5111,  -5097,  -5083,  -5069,  -5054,  -5040,  -5026,  -5012,  -4998,  -4983,
   -4969,  -4955,  -4941,  -4926,  -4912,  -4898,  -4884,  -4870,  -4855,  -4841,
   -4827,  -4813,  -4798,  -4784,  -4770,  -4756,  -4742,  -4727,  -4713,  -4699,
   -4685,  -4670,  -4656,  -4642,  -4628,  -4614,  -4599,  -4585,  -4571,  -4557,
   -4542,  -4528,  -4514,  -4500,  -4486,  -4471,  -4457,  -4443,  -4429,  -4414,
   -4400
]},
 "geometry":
 { "type": "LineString", "coordinates":[ [ 35.601229928401366, 3.18588712147853 ], [ 35.122542236670597, 4.437533894795472 ], [ 34.665632586614421, 5.697293841394128 ], [ 34.230638401797663, 6.964788066447763 ], [ 33.817690514325946, 8.239635348909999 ], [ 33.426913125495503, 9.521452256173895 ], [ 33.058423768437578, 10.809853259396007 ], [ 32.712333272768205, 12.104450849450938 ], [ 32.388745731254247, 13.404855653481459 ], [ 32.087758468505754, 14.710676552009232 ], [ 31.8094620117038, 16.021520796570801 ], [ 31.553940063372949, 17.336994127843582 ], [ 31.321269476206155, 18.65670089422624 ], [ 31.111520229950017, 19.980244170837807 ], [ 30.924755410357161, 21.307225878899843 ], [ 30.918987620315345, 21.619794470078954 ], [ 30.918669403654462, 21.932416110935478 ], [ 30.923800857079879, 22.244995796422891 ], [ 30.934380421153897, 22.557438534244834 ], [ 30.950404880769675, 22.86964937372305 ], [ 30.971869366128285, 23.181533434652682 ], [ 30.998767354218636, 23.492995936136182 ], [ 31.031090670799809, 23.803942225387011 ], [ 31.06882949288519, 24.114277806494425 ], [ 31.111972351727637, 24.42390836914057 ], [ 31.160506136304836, 24.732739817261198 ], [ 31.214416097303687, 25.040678297641239 ], [ 31.273685851602611, 25.347630228436621 ], [ 31.338297387250332, 25.65350232761357 ], [ 31.408231068939664, 25.958201641296817 ], [ 31.483465643974654, 26.261635572018108 ], [ 31.563978248729232, 26.563711906856341 ], [ 31.649744415595393, 26.86433884546091 ], [ 31.740738080418886, 27.1634250279496 ], [ 31.836931590420026, 27.460879562672687 ], [ 31.938295712597327, 27.756612053834704 ], [ 32.044799642611345, 28.050532628965534 ], [ 32.156411014146059, 28.342551966232449 ], [ 32.273095908744914, 28.632581321584837 ], [ 32.39481886611857, 28.920532555723327 ], [ 32.521542894921204, 29.206318160885129 ], [ 32.653229483992121, 29.48985128743745 ], [ 32.789838614059192, 29.771045770270927 ], [ 32.931328769900631, 30.049816154985002 ], [ 33.077656952961377, 30.326077723857349 ], [ 33.228778694420271, 30.599746521589388 ], [ 33.384648068704038, 30.870739380820133 ], [ 33.545217707443953, 31.138973947400579 ], [ 33.710438813871022, 31.404368705420939 ], [ 33.88026117764516, 31.666843001983157 ], [ 34.05463319011406, 31.926317071711164 ], [ 34.23350185999692, 32.182712060991378 ], [ 34.4168128294884, 32.435950051936189 ], [ 34.604510390777818, 32.685954086062992 ], [ 34.796537502978651, 32.932648187681728 ], [ 34.992835809463145, 33.17595738698374 ], [ 35.193345655596744, 33.415807742824938 ], [ 35.398006106867037, 33.652126365196324 ], [ 35.606754967401599, 33.884841437375137 ], [ 35.819528798869186, 34.113882237749806 ], [ 36.036262939758529, 34.339179161312082 ], [ 36.25689152502882, 34.560663740809844 ], [ 36.481347506125935, 34.778268667554158 ], [ 36.70956267135837, 34.991927811874262 ], [ 36.941467666626629, 35.201576243214205 ], [ 37.176992016499767, 35.407150249865111 ], [ 37.416064145632731, 35.608587358327028 ], [ 37.658611400517962, 35.805826352294517 ], [ 37.904560071564646, 35.9988072912601 ], [ 38.153835415498861, 36.187471528730129 ], [ 38.406361678077943, 36.371761730047247 ], [ 38.662062117112036, 36.551621889814342 ], [ 38.92085902578583, 36.726997348914395 ], [ 39.182673756273552, 36.897834811121342 ], [ 39.447426743639838, 37.064082359296634 ], [ 39.715037530019366, 37.225689471166739 ], [ 39.985424789067814, 37.382607034676802 ], [ 40.194024336505727, 37.821841373517962 ], [ 40.410186229598565, 38.25740378188577 ], [ 40.633845857504191, 38.689164070070959 ], [ 40.864936368305749, 39.11699318481903 ], [ 41.103388688993704, 39.54076324790416 ], [ 41.349131546111764, 39.960347594352044 ], [ 41.602091487060513, 40.375620810300106 ], [ 41.862192902052463, 40.786458770483719 ], [ 42.129358046711801, 41.192738675337253 ], [ 42.403507065312198, 41.594339087698948 ], [ 42.684558014645724, 41.99113996910846 ], [ 42.972426888515685, 42.383022715686423 ], [ 43.267027642846088, 42.769870193585142 ], [ 43.56827222140025, 43.15156677399996 ], [ 43.876070582100823, 43.527998367730731 ], [ 44.190330723943376, 43.899052459283077 ], [ 44.510958714495558, 44.264618140499344 ], [ 44.837858717973475, 44.624586143709045 ], [ 45.170933023887081, 44.978848874389001 ], [ 45.510082076245794, 45.327300443323374 ], [ 45.855204503315903, 45.669836698253974 ], [ 46.20619714792052, 46.0063552550114 ], [ 46.562955098273321, 46.336755528117692 ], [ 46.925371719336702, 46.660938760851352 ], [ 47.29333868469503, 46.978808054765736 ], [ 47.666746008933394, 47.290268398652053 ], [ 48.045482080512329, 47.595226696938234 ], [ 48.429433695128466, 47.893591797515199 ], [ 48.818486089551399, 48.185274518982254 ], [ 49.212522975926369, 48.470187677303443 ], [ 49.6114265765328, 48.748246111866884 ], [ 50.015077658988041, 49.019366710939252 ], [ 50.423355571885963, 49.283468436507945 ], [ 50.836138280859693, 49.540472348503357 ], [ 51.253302405057759, 49.790301628394062 ], [ 51.674723254022581, 50.032881602147903 ], [ 52.100274864960525, 50.268139762552089 ], [ 52.52983004039222, 50.496005790885597 ], [ 52.963260386171882, 50.716411577937492 ], [ 53.400436349864393, 50.92929124436472 ], [ 53.841227259468511, 51.134581160383547 ], [ 54.285501362474811, 51.332219964788436 ], [ 54.733125865246492, 51.522148583292974 ], [ 55.183966972711488, 51.704310246187191 ], [ 77.981780248177003, 60.472699967520086 ], [ 79.791429573887399, 61.052355493763542 ], [ 81.610783985097726, 61.600790300789683 ], [ 83.439304894477488, 62.117842034283797 ], [ 85.276451001118289, 62.603357630328702 ], [ 87.121678450776344, 63.057193360716624 ], [ 88.974440996870811, 63.479214875497348 ], [ 90.834190162190367, 63.869297242750136 ], [ 92.700375401259976, 64.227324985567591 ], [ 94.572444263320165, 64.553192116240481 ], [ 96.449842555870049, 64.846802167633584 ], [ 98.332014508726218, 65.108068221743011 ], [ 100.218402938548479, 65.336912935426682 ], [ 102.108449413784086, 65.533268563300496 ], [ 104.001594419981387, 65.697076977793031 ], [ 105.897277525424002, 65.828289686353216 ], [ 107.794937547036739, 65.926867845805688 ], [ 109.694012716513697, 65.992782273849599 ], [ 111.593940846619759, 66.026013457697573 ], [ 113.423353417142167, 66.4237977943706 ], [ 115.259422795354993, 66.789628315345666 ], [ 117.101590897533157, 67.123393824356285 ], [ 118.949297786209684, 67.424992871478608 ], [ 120.80198184037198, 67.694333783967735 ], [ 122.659079926169753, 67.931334694122185 ], [ 124.520027568082639, 68.135923564168039 ], [ 126.384259120495841, 68.308038208155153 ], [ 128.251207939631314, 68.447626310859121 ], [ 130.120306555782264, 68.554645443682574 ], [ 131.990986845799, 68.629063077551706 ], [ 133.862680205772989, 68.670856592803673 ], [ 135.734817723867309, 68.680013286061893 ], [ 137.606830353240667, 68.656530374097443 ], [ 138.897524002330812, 68.842126554858012 ], [ 140.191153704314559, 69.006011368859731 ], [ 141.487354268295604, 69.148138551517022 ], [ 142.78575977762506, 69.268467980410634 ], [ 144.086003693199189, 69.366965686614307 ], [ 145.387718956933298, 69.443603864284128 ], [ 146.690538095381982, 69.49836087850808 ], [ 147.994093323476676, 69.531221271413571 ], [ 149.298016648351108, 69.54217576653123 ], [ 150.601939973225569, 69.531221271413585 ], [ 151.905495201320264, 69.498360878508095 ], [ 153.208314339768947, 69.443603864284142 ], [ 154.510029603503057, 69.366965686614336 ], [ 155.810273519077157, 69.268467980410648 ], [ 157.108679028406613, 69.148138551517036 ], [ 158.404879592387658, 69.00601136885976 ], [ 159.698509294371405, 68.842126554858027 ], [ 160.989202943461692, 68.656530374097443 ], [ 161.818682922249366, 68.470223056402176 ], [ 162.651203406548944, 68.298010701857038 ], [ 163.486524905307334, 68.139942850766332 ], [ 164.324407121703956, 67.996064974487027 ], [ 165.164609022277034, 67.86641846234798 ], [ 166.006888906261423, 67.751040609743484 ], [ 166.851004475118884, 67.649964607404542 ], [ 167.696712902239938, 67.563219531850791 ], [ 168.543770902797775, 67.49083033702621 ], [ 169.391934803733989, 67.432817847120475 ], [ 170.240960613855947, 67.389198750578601 ], [ 171.090604094025764, 67.359985595300088 ], [ 171.940620827420418, 67.345186785029256 ], [ 172.790766289843305, 67.344806576937856 ], [ 173.640795920066239, 67.358845080400286 ], [ 174.490465190182505, 67.387298256962168 ], [ 175.33952967595016, 67.430157921502143 ], [ 176.187745127105387, 67.487411744586396 ], [ 178.06677518031529, 67.308273760280215 ], [ 179.942425317418497, 67.096658728980913 ], [ 181.814134249458675, 66.852629976560294 ], [ 183.681341866886527, 66.576260528707408 ], [ 185.543489407172586, 66.267633089075758 ], [ 187.400019622017339, 65.926840014534037 ], [ 189.250376944107757, 65.553983287528453 ], [ 191.094007653371278, 65.149174485564288 ], [ 199.567922538883437, 65.63003408819452 ], [ 208.046227781281544, 66.026013457697573 ], [ 208.510650897613857, 66.135453720109609 ], [ 208.976896357646694, 66.236849839460717 ], [ 209.444824841967744, 66.330171517444569 ], [ 209.914296528258035, 66.415390868489197 ], [ 210.385171133072419, 66.492482428089488 ], [ 210.857307953757868, 66.561423160416268 ], [ 211.330565910496944, 66.622192465199632 ], [ 211.804803588464154, 66.674772183884613 ], [ 212.279879280082156, 66.719146605057063 ], [ 212.755651027365701, 66.755302469138485 ], [ 213.231976664340237, 66.783228972348127 ], [ 213.708713859522675, 66.802917769931241 ], [ 214.185720158451772, 66.814362978652611 ], [ 214.662853026254965, 66.817561178554541 ], [ 215.139969890239513, 66.812511413978754 ], [ 215.616928182494775, 66.799215193851978 ], [ 216.09358538249316, 66.777676491235013 ], [ 216.569799059676797, 66.747901742135639 ], [ 217.045426916017533, 66.709899843585333 ], [ 217.520326828537037, 66.663682150980819 ], [ 217.994356891774828, 66.609262474690951 ], [ 218.467375460191221, 66.546657075929957 ], [ 218.939241190492595, 66.475884661898462 ], [ 219.409813083866453, 66.396966380193561 ], [ 219.878950528113336, 66.309925812489638 ], [ 220.346513339663375, 66.214788967491899 ], [ 220.812361805464832, 66.111584273164766 ], [ 221.276356724731727, 66.000342568237159 ], [ 221.738359450538866, 65.881097092987574 ], [ 222.198231931250859, 65.753883479311583 ], [ 222.655836751773705, 65.618739740074517 ], [ 223.111037174615831, 65.475706257752847 ], [ 223.563697180746885, 65.324825772367461 ], [ 224.013681510241781, 65.166143368712426 ], [ 224.460855702697785, 64.999706462883125 ], [ 224.905086137412894, 64.82556478810784 ], [ 225.346240073313169, 64.643770379886917 ], [ 225.784185688617328, 64.454377560443874 ], [ 226.218792120226482, 64.257442922493411 ], [ 226.649929502827575, 64.053025312330803 ], [ 227.077469007698596, 63.841185812248007 ], [ 227.501282881204133, 63.621987722281531 ], [ 227.921244482969428, 63.39549654129771 ], [ 228.608650993601287, 63.043410254615125 ], [ 229.290022688078153, 62.679782590520773 ], [ 229.965165807202567, 62.304716952494672 ], [ 230.633888362974432, 61.918319996591919 ], [ 231.296000193185989, 61.520701601113473 ], [ 231.951313015497533, 61.111974835360286 ], [ 232.599640480978536, 60.692255927480318 ], [ 233.240798227099106, 60.261664231417114 ], [ 233.874603930156383, 59.82032219296957 ], [ 234.500877357121368, 59.368355314972419 ], [ 235.119440416891109, 58.905892121607508 ], [ 235.730117210931752, 58.433064121855807 ], [ 236.332734083298305, 57.950005772100695 ], [ 236.927119670016396, 57.456854437893085 ], [ 237.513104947812536, 56.953750354889223 ], [ 238.090523282178623, 56.440836588972502 ], [ 238.659210474757145, 55.918258995570213 ], [ 239.219004810033738, 55.386166178177234 ], [ 239.769747101323645, 54.844709446098179 ], [ 240.311280736038981, 54.294042771420145 ], [ 240.843451720224152, 53.734322745228155 ], [ 241.366108722346524, 53.165708533076007 ], [ 242.089062826056704, 51.625989655520286 ], [ 242.835469284864303, 50.097502084022544 ], [ 243.605153671744745, 48.580603009408392 ], [ 244.397936119876249, 47.075646914398504 ], [ 245.21363136467275, 45.582985490769836 ], [ 246.05204878707832, 44.102967557169166 ], [ 246.912992458112569, 42.635938977597924 ], [ 247.796261184657311, 41.182242580587719 ], [ 248.302522139991623, 40.530943704796172 ], [ 248.79767283343358, 39.871158761585647 ], [ 249.281571047209837, 39.20307725517528 ], [ 249.754077795497665, 38.526891072733015 ], [ 250.215057364344688, 37.842794429261495 ], [ 250.664377350648721, 37.150983811815422 ], [ 251.101908700186897, 36.451657923066342 ], [ 251.527525744682549, 35.745017624230961 ], [ 251.941106237900044, 35.03126587737961 ], [ 252.342531390756278, 34.310607687141186 ], [ 252.731685905439633, 33.583250041821529 ], [ 253.108458008525702, 32.849401853951946 ], [ 253.472739483081256, 32.109273900285139 ], [ 253.8244256997462, 31.363078761255622 ], [ 254.163415646785495, 30.611030759922151 ], [ 254.489611959101836, 29.853345900409568 ], [ 254.802920946200913, 29.090241805867855 ], [ 255.103252619101397, 28.321937655966153 ], [ 255.167702279504908, 28.090031562221469 ], [ 255.236125778561728, 27.859266703937397 ], [ 255.30850292753135, 27.629711169590962 ], [ 255.384812371126458, 27.401432690841322 ], [ 255.465031593814018, 27.174498622545151 ], [ 255.549136926458516, 26.948975922883218 ], [ 255.637103553305707, 26.724931133603988 ], [ 255.728905519304647, 26.502430360390107 ], [ 255.824515737765893, 26.281539253353543 ], [ 255.923905998353575, 26.062322987665155 ], [ 256.02704697540895, 25.844846244324387 ], [ 256.133908236603247, 25.62917319107477 ], [ 256.24445825191674, 25.415367463470869 ], [ 256.35866440294194, 25.203492146102253 ], [ 256.476492992507929, 24.993609753980031 ], [ 256.597909254622607, 24.785782214091444 ], [ 256.722877364730948, 24.580070847127949 ], [ 256.851360450285085, 24.376536349392214 ], [ 256.983320601623689, 24.175238774889326 ], [ 257.118718883157499, 23.976237517607515 ], [ 257.257515344857495, 23.779591293993626 ], [ 257.399669034042404, 23.585358125628488 ], [ 257.545138007462015, 23.393595322107338 ], [ 257.693879343672677, 23.204359464130278 ], [ 257.845849155701615, 23.017706386807838 ], [ 258.001002603996028, 22.833691163186501 ], [ 258.159293909653115, 22.652368087999093 ], [ 258.320676367927661, 22.473790661644813 ], [ 258.485102362012242, 22.298011574403638 ], [ 258.65252337708705, 22.125082690889755 ], [ 258.822890014634424, 21.955055034748611 ], [ 258.996152007014075, 21.78797877360212 ], [ 259.172258232294837, 21.623903204246389 ], [ 259.351156729338584, 21.462876738106438 ], [ 259.532794713131693, 21.304946886952138 ], [ 259.717118590359405, 21.15016024887958 ], [ 259.904073975218807, 20.998562494562062 ], [ 260.093605705465961, 20.850198353774683 ], [ 260.285657858691479, 20.705111602196574 ], [ 260.480173768820976, 20.563345048494643 ], [ 260.677096042834762, 20.424940521692626 ], [ 260.876366577701731, 20.289938858829196 ], [ 261.077926577523101, 20.158379892908783 ], [ 261.281716570880633, 20.030302441148589 ], [ 261.487676428383793, 19.90574429352538 ], [ 261.695745380411381, 19.78474220162532 ], [ 261.905862035041878, 19.667331867800208 ], [ 262.117964396167736, 19.553547934633258 ], [ 262.527281686904757, 19.234201338830111 ], [ 262.941950129516613, 18.921834606527781 ], [ 263.361850713774629, 18.616537387268934 ], [ 263.78686292782055, 18.318397301639436 ], [ 264.216864792753711, 18.02749991612113 ], [ 264.651732897638965, 17.7439287185342 ], [ 265.091342434925764, 17.467765094076075 ], [ 265.535567236268093, 17.199088301963808 ], [ 265.984279808734811, 16.937975452686612 ], [ 266.437351371400382, 16.684501485875057 ], [ 266.894651892304864, 16.438739148793367 ], [ 267.356050125773493, 16.200758975460829 ], [ 267.821413650084196, 15.970629266408523 ], [ 268.290608905472709, 15.748416069076963 ], [ 268.763501232464307, 15.534183158860451 ], [ 269.239954910521419, 15.327992020803453 ], [ 269.719833196995296, 15.129901831954353 ], [ 270.202998366371446, 14.939969444381575 ], [ 270.6893117497969, 14.758249368856994 ], [ 271.178633774878335, 14.584793759211294 ], [ 271.354513583817209, 14.536932366425036 ], [ 271.529532577110103, 14.486013096020423 ], [ 271.703637594310351, 14.432051414268342 ], [ 271.876775752583171, 14.375063711544803 ], [ 272.048894462768544, 14.315067297352508 ], [ 272.219941445354664, 14.25208039506323 ], [ 272.389864746357318, 14.186122136382636 ], [ 272.558612753100476, 14.117212555539201 ], [ 272.726134209893189, 14.04537258319899 ], [ 272.892378233598151, 13.970624040108156 ], [ 273.057294329086687, 13.892989630465092 ], [ 273.22083240457647, 13.812492935024215 ], [ 273.382942786846456, 13.729158403933553 ], [ 273.543576236324384, 13.643011349308203 ], [ 273.702683962043295, 13.554077937542026 ], [ 273.860217636460902, 13.462385181359824 ], [ 274.016129410139058, 13.367960931612478 ], [ 274.170371926277198, 13.270833868817496 ], [ 274.322898335096852, 13.171033494447567 ], [ 274.473662308071766, 13.068590121969756 ], [ 274.622618051999666, 12.96353486763805 ], [ 274.76972032291161, 12.855899641042086 ], [ 274.914924439814399, 12.7457171354149 ], [ 275.058186298262171, 12.633020817702645 ], [ 275.199462383752518, 12.517844918399309 ], [ 275.338709784943774, 12.40022442114951 ], [ 275.47588620668887, 12.280195052122533 ], [ 275.610949982882232, 12.157793269160816 ], [ 275.74386008911523, 12.033056250706224 ], [ 275.87457615513722, 11.90602188450741 ], [ 276.003058477117634, 11.776728756111776 ], [ 276.129268029705486, 11.645216137145441 ], [ 276.253166477883099, 11.511523973384845 ], [ 276.374716188610023, 11.375692872623576 ], [ 276.493880242253624, 11.237764092338121 ], [ 276.610622443803265, 11.097779527156277 ], [ 276.72490733386411, 10.955781696132028 ], [ 276.836700199427526, 10.811813729830774 ], [ 276.945967084415145, 10.665919357228805 ], [ 277.052674799992189, 10.518142892431012 ], [ 277.156790934648825, 10.368529221210888 ], [ 277.258283864044643, 10.217123787376863 ], [ 277.357122760614118, 10.063972578969173 ], [ 277.453277602930484, 9.909122114291382 ], [ 277.546719184824212, 9.752619427780893 ], [ 277.63741912425445, 9.594512055722639 ], [ 277.725349871929325, 9.434848021810367 ], [ 277.810484719674378, 9.273675822559889 ], [ 277.892797808544458, 9.111044412578675 ], [ 277.972264136678348, 8.947003189696355 ], [ 278.048859566892816, 8.781601979960552 ], [ 278.122560834014166, 8.614891022502684 ], [ 278.193345551944617, 8.446920954278269 ], [ 279.156447793229518, 8.284040772818074 ], [ 280.116712146420355, 8.105188172413776 ], [ 281.073873738268958, 7.910412486635899 ], [ 282.027668551373154, 7.699767441178217 ], [ 282.977833497001825, 7.47331113903833 ], [ 283.924106487663437, 7.231106044490915 ], [ 284.866226509398757, 6.973218965858003 ], [ 285.803933693777253, 6.699721037080941 ], [ 286.736969389577553, 6.410687698099302 ], [ 287.66507623413213, 6.106198674041998 ], [ 288.587998224316607, 5.786337953236384 ], [ 289.505480787164117, 5.451193764041477 ], [ 290.41727085008506, 5.100858550511568 ], [ 291.323116910672923, 4.735428946897088 ], [ 292.222769106077294, 4.355005750989577 ], [ 292.656904748431657, 3.968080027341589 ], [ 293.084466088602937, 3.573901676878286 ], [ 293.505331980564279, 3.172582386827887 ], [ 293.919383175389839, 2.764235867745722 ], [ 294.326502355042635, 2.348977821295289 ], [ 294.726574165615773, 1.92692590746514 ], [ 295.119485250017135, 1.498199711230846 ], [ 295.505124280088069, 1.062920708671612 ], [ 295.883381988147221, 0.621212232550974 ], [ 296.254151197950932, 0.173199437371498 ], [ 296.617326855060469, -0.280990736086743 ], [ 296.97280605660859, -0.741229596733803 ], [ 297.320488080456016, -1.207386739633453 ], [ 297.660274413730292, -1.679330082952326 ], [ 297.992068780738748, -2.156925905384259 ], [ 298.315777170247316, -2.640038884039122 ], [ 298.631307862117751, -3.12853213278547 ], [ 298.938571453295935, -3.622267241036088 ], [ 299.237480883143576, -4.121104312965542 ], [ 299.892000105329998, -5.489570619272484 ], [ 300.570203709545126, -6.846455034003021 ], [ 301.271886831337838, -8.1913476841057 ],
  [ 301.996837513816956, -9.523842318872397 ], [ 302.744836771676773, -10.843536432654091 ] ]
}},


{ "type": "Feature",
    "properties": { "id": 66, "mag": 10, "place": "First Homo Sapiens 200000 ago(AFR-EAS to AMR) ", "time": -16206, "title": "*41.004", "timefinal": -68950,
        "name": "200000 years ago, First Homo Sapiens ",
        "times": [
-10800, -10786, -10772, -10758, -10743, -10729, -10715, -10701, -10686, -10672,
  -10658, -10644, -10630, -10615, -10601, -10587, -10573, -10558, -10544, -10530,
  -10516, -10502, -10487, -10473, -10459, -10445, -10430, -10416, -10402, -10388,
  -10374, -10359, -10345, -10331, -10317, -10302, -10288, -10274, -10260, -10246,
  -10231, -10217, -10203, -10189, -10174, -10160, -10146, -10132, -10118, -10103,
  -10089, -10075, -10061, -10046, -10032, -10018, -10004,  -9990,  -9975,  -9961,
   -9947,  -9933,  -9918,  -9904,  -9890,  -9876,  -9862,  -9847,  -9833,  -9819,
   -9805,  -9790,  -9776,  -9762,  -9748,  -9734,  -9719,  -9705,  -9691,  -9677,
   -9662,  -9648,  -9634,  -9620,  -9606,  -9591,  -9577,  -9563,  -9549,  -9534,
   -9520,  -9506,  -9492,  -9478,  -9463,  -9449,  -9435,  -9421,  -9406,  -9392,
   -9378,  -9364,  -9350,  -9335,  -9321,  -9307,  -9293,  -9278,  -9264,  -9250,
   -9236,  -9222,  -9207,  -9193,  -9179,  -9165,  -9150,  -9136,  -9122,  -9108,
   -9094,  -9079,  -9065,  -9051,  -9037,  -9022,  -9008,  -8994,  -8980,  -8966,
   -8951,  -8937,  -8923,  -8909,  -8894,  -8880,  -8866,  -8852,  -8838,  -8823,
   -8809,  -8795,  -8781,  -8766,  -8752,  -8738,  -8724,  -8710,  -8695,  -8681,
   -8667,  -8653,  -8638,  -8624,  -8610,  -8596,  -8582,  -8567,  -8553,  -8539,
   -8525,  -8510,  -8496,  -8482,  -8468,  -8454,  -8439,  -8425,  -8411,  -8397,
   -8382,  -8368,  -8354,  -8340,  -8326,  -8311,  -8297,  -8283,  -8269,  -8254,
   -8240,  -8226,  -8212,  -8198,  -8183,  -8169,  -8155,  -8141,  -8126,  -8112,
   -8098,  -8084,  -8070,  -8055,  -8041,  -8027,  -8013,  -7998,  -7984,  -7970,
   -7956,  -7942,  -7927,  -7913,  -7899,  -7885,  -7870,  -7856,  -7842,  -7828,
   -7814,  -7799,  -7785,  -7771,  -7757,  -7742,  -7728,  -7714,  -7700,  -7686,
   -7671,  -7657,  -7643,  -7629,  -7614,  -7600,  -7586,  -7572,  -7558,  -7543,
   -7529,  -7515,  -7501,  -7486,  -7472,  -7458,  -7444,  -7430,  -7415,  -7401,
   -7387,  -7373,  -7358,  -7344,  -7330,  -7316,  -7302,  -7287,  -7273,  -7259,
   -7245,  -7230,  -7216,  -7202,  -7188,  -7174,  -7159,  -7145,  -7131,  -7117,
   -7102,  -7088,  -7074,  -7060,  -7046,  -7031,  -7017,  -7003,  -6989,  -6974,
   -6960,  -6946,  -6932,  -6918,  -6903,  -6889,  -6875,  -6861,  -6846,  -6832,
   -6818,  -6804,  -6790,  -6775,  -6761,  -6747,  -6733,  -6718,  -6704,  -6690,
   -6676,  -6662,  -6647,  -6633,  -6619,  -6605,  -6590,  -6576,  -6562,  -6548,
   -6534,  -6519,  -6505,  -6491,  -6477,  -6462,  -6448,  -6434,  -6420,  -6406,
   -6391,  -6377,  -6363,  -6349,  -6334,  -6320,  -6306,  -6292,  -6278,  -6263,
   -6249,  -6235,  -6221,  -6206,  -6192,  -6178,  -6164,  -6150,  -6135,  -6121,
   -6107,  -6093,  -6078,  -6064,  -6050,  -6036,  -6022,  -6007,  -5993,  -5979,
   -5965,  -5950,  -5936,  -5922,  -5908,  -5894,  -5879,  -5865,  -5851,  -5837,
   -5822,  -5808,  -5794,  -5780,  -5766,  -5751,  -5737,  -5723,  -5709,  -5694,
   -5680,  -5666,  -5652,  -5638,  -5623,  -5609,  -5595,  -5581,  -5566,  -5552,
   -5538,  -5524,  -5510,  -5495,  -5481,  -5467,  -5453,  -5438,  -5424,  -5410
]},
    "geometry": {
        "type": "Point",
        "coordinates": [35.211229928401366, 3.28588712147853]
}},
{ "type": "Feature",
    "properties": { "id": 66, "mag": 10, "place": "First Homo Sapiens 200000 ago(AFR-EAS to AMR) ", "time": -16206, "title": "*41.004", "timefinal": -68950,
        "name": "200000 years ago, First Homo Sapiens ",
        "times": [

  -5396,  -5382,  -5367,  -5353,  -5339,  -5325,  -5310,  -5296,  -5282,  -5268,
   -5254,  -5239,  -5225,  -5211,  -5197,  -5182,  -5168,  -5154,  -5140,  -5126,
   -5111,  -5097,  -5083,  -5069,  -5054,  -5040,  -5026,  -5012,  -4998,  -4983,
   -4969,  -4955,  -4941,  -4926,  -4912,  -4898,  -4884,  -4870,  -4855,  -4841,
   -4827,  -4813,  -4798,  -4784,  -4770,  -4756,  -4742,  -4727,  -4713,  -4699,
   -4685,  -4670,  -4656,  -4642,  -4628,  -4614,  -4599,  -4585,  -4571,  -4557,
   -4542,  -4528,  -4514,  -4500,  -4486,  -4471,  -4457,  -4443,  -4429,  -4414,
   -4400
]},
    "geometry": {
        "type": "Point",
        "coordinates": [ 302.344836771676773, -10.343536432654091 ]
}},

{ "type": "Feature", "properties": { "id": 3.3, "mag": "#0000FF", "place": "(AFR-EAS to EUR)", "time": null, "title": "15000 years ago, South America", "timefinal": null, "name": "15000 years ago, South America",
  "times": [
  -11025, -10992, -10959, -10926, -10893, -10860, -10827, -10794, -10761, -10728, -10695, -10662, -10629, -10596, -10563, -10530, -10497, -10464, -10431, -10398,
  -10365, -10332, -10299, -10266, -10233, -10200, -10167, -10134, -10101, -10068, -10035, -10002,  -9969,  -9936,  -9903,  -9870,  -9837,  -9804,  -9771,  -9738,
   -9705,  -9672,  -9639,  -9606,  -9573,  -9540,  -9507,  -9474,  -9441,  -9408, -9375,  -9342,  -9309,  -9276,  -9243,  -9210,  -9177,  -9144,  -9111,  -9078,
   -9045,  -9012,  -8979,  -8946,  -8913,  -8880,  -8847,  -8814,  -8781,  -8748, -8715,  -8682,  -8649,  -8616,  -8583,  -8550,  -8517,  -8484,  -8451,  -8418,
   -8385,  -8352,  -8319,  -8286,  -8253,  -8220,  -8187,  -8154,  -8121,  -8088, -8055,  -8022,  -7989,  -7956,  -7923,  -7890,  -7857,  -7824,  -7791,  -7758,
   -7726,  -7693,  -7660,  -7627,  -7594,  -7561,  -7528,  -7495,  -7462,  -7429, -7396,  -7363,  -7330,  -7297,  -7264,  -7231,  -7198,  -7165,  -7132,  -7099,
   -7066,  -7033,  -7000,  -6967,  -6934,  -6901,  -6868,  -6835,  -6802,  -6769, -6736,  -6703,  -6670,  -6637,  -6604,  -6571,  -6538,  -6505,  -6472,  -6439,
   -6406,  -6373,  -6340,  -6307,  -6274,  -6241,  -6208,  -6175,  -6142,  -6109, -6076,  -6043,  -6010,  -5977,  -5944,  -5911,  -5878,  -5845,  -5812,  -5779,
   -5746,  -5713,  -5680,  -5647,  -5614,  -5581,  -5548,  -5515,  -5482,  -5449, -5416,  -5383,  -5350,  -5317,  -5284,  -5251,  -5218,  -5185,  -5152,  -5119,
   -5086,  -5053,  -5020,  -4987,  -4954,  -4921,  -4888,  -4855,  -4822,  -4789, -4756,  -4723,  -4690,  -4657,  -4624,  -4591,  -4558,  -4525,  -4492

]},
 "geometry":
 { "type": "LineString", "coordinates": [ [ 39.025585150166158, 10.940748900920234 ], [ 38.482587258028062, 11.46889733883221 ], [ 37.957422737560073, 12.014781676193991 ], [ 37.450670574018815, 12.577800084491207 ], [ 36.962889453339855, 13.157331845177762 ], [ 36.494617146195665, 13.752738034007823 ], [ 36.267958985628624, 14.056189569978946 ], [ 35.829911013433076, 14.674171331352737 ], [ 35.412620944890165, 15.306355230254574 ], [ 35.016548835445377, 15.952044294321203 ], [ 34.826606899680414, 16.279731366804576 ], [ 34.600373212923117, 16.63974342907014 ], [ 34.386776165772943, 17.00739362619953 ], [ 34.090633527035472, 17.572218163236457 ], [ 33.909720936223238, 17.957005117908988 ], [ 33.663671177872601, 18.545381474107092 ], [ 33.516805906295687, 18.944406483354879 ], [ 33.383884012046074, 19.34829029836812 ], [ 33.265065793475323, 19.756545851834613 ], [ 33.160494540480698, 20.168680804304906 ], [ 33.030621848242681, 20.793068747756902 ], [ 32.933436863498088, 21.423372086521312 ], [ 32.869203255603765, 22.05788076552755 ], [ 32.838095294629561, 22.694873320336001 ], [ 32.835805176160086, 23.120061656674089 ], [ 32.848279693961487, 23.54507312993826 ], [ 32.894637390774335, 24.181137736769649 ], [ 32.974051729999275, 24.81392568137893 ], [ 33.028004478747619, 25.223432293101428 ], [ 33.142494141886189, 26.017553020221339 ], [ 33.310647420715711, 26.802065663220748 ], [ 33.53168795896427, 27.57334816182799 ], [ 33.661731450355198, 27.952912463711897 ], [ 33.804595222215795, 28.327839538764536 ], [ 33.960114328001957, 28.697696506595658 ], [ 34.128109209672466, 29.062056340620039 ], [ 34.308385905001657, 29.420498361090502 ], [ 34.500736271522847, 29.772608720803085 ], [ 34.704938226843858, 30.117980882913521 ], [ 34.811410400633939, 30.288015211722978 ], [ 35.032943475985959, 30.622534965164885 ], [ 35.386229197690682, 31.109722264076574 ], [ 35.525798644832143, 31.311892203370952 ], [ 35.695268180566153, 31.592167867048008 ], [ 35.845005448963818, 31.883463458577168 ], [ 35.974297456109142, 32.184391935261999 ], [ 36.082528560916472, 32.493520386142372 ], [ 36.169183406587351, 32.809376854990603 ], [ 36.257836172272292, 33.292479608053881 ], [ 36.283300978086061, 33.536823338471777 ], [ 36.297527995571755, 33.864041863566214 ], [ 36.283532815027257, 34.273166432895508 ], [ 36.220301523228883, 34.760248958365686 ], [ 36.169873337811048, 35.000684631769474 ], [ 36.0834174035339, 35.316595604386414 ], [ 36.004386857217924, 35.549203617315172 ], [ 35.88049712537719, 35.852396139544773 ], [ 35.65993187332208, 36.405066672654883 ], [ 35.529321658030696, 36.787913374981898 ], [ 35.3792004266272, 37.163538509528344 ], [ 35.268474156088544, 37.409451755158365 ], [ 35.086742015352165, 37.770843585232747 ], [ 34.886669556811725, 38.122413830211919 ], [ 34.668786006093768, 38.463232527098796 ], [ 34.513917972619851, 38.684025469856515 ], [ 34.181936572933395, 39.109040007641582 ], [ 34.005213542164398, 39.312761881183704 ], [ 33.821609894693829, 39.510305122017691 ], [ 33.533777647055615, 39.794529017988218 ], [ 33.127998985948992, 40.149765115896287 ], [ 32.916214774195744, 40.316741398690425 ], [ 32.698830363311039, 40.476358594718924 ], [ 32.250097993901726, 40.702663887279421 ], [ 31.733819012458632, 40.904307033752616 ], [ 31.384077608618487, 41.023610635343424 ], [ 31.030387679386198, 41.130642559890603 ], [ 30.673179667065305, 41.225272549039758 ], [ 30.131723241791754, 41.343716142068345 ], [ 29.767630001203038, 41.406870801993172 ], [ 29.033945131253883, 41.494904445266158 ], [ 28.665246399822923, 41.519676291257369 ], [ 28.295907973338768, 41.531572745973968 ], [ 27.742569947579792, 41.629608649654429 ], [ 27.37567558458268, 41.732689239745156 ], [ 27.010559164017121, 41.841900416306451 ], [ 26.647323116545934, 41.957211540965005 ], [ 26.286069345307425, 42.078590264052949 ], [ 25.926899197327216, 42.20600253368341 ], [ 25.569913435086129, 42.339412605303423 ], [ 25.215212208251994, 42.478783051721848 ], [ 24.862895025583452, 42.624074773609259 ], [ 24.513060727013489, 42.775247010466991 ], [ 24.165807455920657, 42.93225735206218 ], [ 23.821232631595674, 43.095061750325613 ], [ 23.479432921911197, 43.263614531709131 ], [ 23.140504216202356, 43.437868409998941 ], [ 22.804541598365731, 43.617774499581472 ], [ 22.471639320184288, 43.803282329157796 ], [ 22.141890774885738, 43.994339855903021 ], [ 21.815388470941777, 44.190893480066492 ], [ 21.407289774069312, 44.412769663424442 ], [ 21.002903674261155, 44.641342342046343 ], [ 20.602340044611474, 44.876549411949256 ], [ 20.205707719636184, 45.118326966563302 ], [ 19.81311446570222, 45.366609314095271 ], [ 19.424666951747007, 45.621328995377382 ], [ 19.040470720296156, 45.882416802196104 ], [ 18.660630158787214, 46.14980179609632 ], [ 18.285248471207204, 46.423411327655501 ], [ 17.914427650051788, 46.703171056222828 ], [ 17.548268448613513, 46.989004970117819 ], [ 17.350408188284831, 47.210744925808378 ], [ 17.24864299736231, 47.319026070991839 ], [ 17.039593452666274, 47.530250071591603 ], [ 16.600297194870645, 47.930478948221911 ], [ 16.370571796317527, 48.119008871116385 ], [ 16.014150998499915, 48.386690683988768 ], [ 15.769059881464131, 48.554761011284036 ], [ 15.390934379078299, 48.790791607828325 ], [ 15.132294415892389, 48.937156426040133 ], [ 15.001122078144652, 49.006976038582266 ], [ 14.735267271618948, 49.139786100001444 ], [ 14.464995772868805, 49.263360399636667 ], [ 13.91249048826473, 49.48222626332165 ], [ 13.416681951584597, 49.749954041941905 ], [ 12.902807676761682, 50.034683682066607 ], [ 12.655253043302702, 50.179196415899547 ], [ 12.153256215274405, 50.456047188573521 ], [ 11.642519709396684, 50.716422662158244 ], [ 11.123584053892909, 50.960047273245713 ], [ 10.59699845439982, 51.186663186383242 ], [ 10.063320212726232, 51.396030566948646 ] ]
 }},


{ "type": "Feature",
    "properties": { "id": 66, "mag": 10, "place": "First Homo Sapiens 200000 ago(AFR-EAS to EUR) ", "time": -16206, "title": "*185.001", "timefinal": -68950,
        "name": "200000 years ago, First Homo Sapiens ",
        "times": [
-11025, -10992, -10959, -10926, -10893, -10860, -10827, -10794, -10761, -10728, -10695, -10662, -10629, -10596, -10563, -10530, -10497, -10464, -10431, -10398,
  -10365, -10332, -10299, -10266, -10233, -10200, -10167, -10134, -10101, -10068, -10035, -10002,  -9969,  -9936,  -9903,  -9870,  -9837,  -9804,  -9771,  -9738,
   -9705,  -9672,  -9639,  -9606,  -9573,  -9540,  -9507,  -9474,  -9441,  -9408, -9375,  -9342,  -9309,  -9276,  -9243,  -9210,  -9177,  -9144,  -9111,  -9078,
   -9045,  -9012,  -8979,  -8946,  -8913,  -8880,  -8847,  -8814,  -8781,  -8748, -8715,  -8682,  -8649,  -8616,  -8583,  -8550,  -8517,  -8484,  -8451,  -8418,
   -8385,  -8352,  -8319,  -8286,  -8253,  -8220,  -8187,  -8154,  -8121,  -8088, -8055,  -8022,  -7989,  -7956,  -7923,  -7890,  -7857,  -7824,  -7791,  -7758,
   -7726,  -7693,  -7660,  -7627,  -7594,  -7561,  -7528,  -7495,  -7462,  -7429, -7396,  -7363,  -7330,  -7297,  -7264,  -7231,  -7198,  -7165,  -7132,  -7099,
   -7066,  -7033,  -7000,  -6967,  -6934,  -6901,  -6868,  -6835,  -6802,  -6769, -6736,  -6703
]},
    "geometry": {
        "type": "Point",
        "coordinates": [39.125585150166158, 10.890748900920234]
}},
{ "type": "Feature",
    "properties": { "id": 66, "mag": 10, "place": "First Homo Sapiens 200000 ago(AFR-EAS to EUR) ", "time": -16206, "title": "*185.001", "timefinal": -68950,
        "name": "200000 years ago, First Homo Sapiens ",
        "times": [
-6670,  -6637,  -6604,  -6571,  -6538,  -6505,  -6472,  -6439,
   -6406,  -6373,  -6340,  -6307,  -6274,  -6241,  -6208,  -6175,  -6142,  -6109, -6076,  -6043,  -6010,  -5977,  -5944,  -5911,  -5878,  -5845,  -5812,  -5779,
   -5746,  -5713,  -5680,  -5647,  -5614,  -5581,  -5548,  -5515,  -5482,  -5449, -5416,  -5383,  -5350,  -5317,  -5284,  -5251,  -5218,  -5185,  -5152,  -5119,
   -5086,  -5053,  -5020,  -4987,  -4954,  -4921,  -4888,  -4855,  -4822,  -4789, -4756,  -4723,  -4690,  -4657,  -4624,  -4591,  -4558,  -4525,  -4492
]},
    "geometry": {
        "type": "Point",
        "coordinates": [ 10.123320212726232, 51.126030566948646 ]
}},
{ "type": "Feature", "properties": { "id": 3.3, "mag": "#0000FF", "place": "(AFR-EAS to SA)", "time": null, "title": "15000 years ago, South America", "timefinal": null, "name": "15000 years ago, South America",
"times": [
    -11880, -11685, -11489, -11294, -11098, -10903, -10707, -10512, -10316, -10120,
  -9925, -9729, -9534, -9338, -9143, -8947, -8752, -8556, -8360, -8165,
  -7969, -7774, -7578, -7383, -7187, -6992, -6796, -6600, -6405, -6209,
  -6014, -5818, -5623, -5427, -5232, -5036, -4840
]},
 "geometry":
 { "type": "LineString", "coordinates":[ [ 33.628342241101493, -3.682684826898907 ], [ 33.001616517680773, -1.888990126760813 ], [ 32.711664189919979, -0.984265365183106 ], [ 31.499350047426404, 3.607218012077364 ], [ 31.304886667046233, 4.53715523591393 ], [ 31.126570678084505, 5.470323310092608 ], [ 30.964455653742782, 6.406441873880565 ], [ 30.346713100740253, 18.715671019568507 ], [ 31.488043892683152, 25.514795857792183 ], [ 31.622787347469977, 25.793955329161321 ], [ 31.762328233745752, 26.070747941274355 ], [ 33.226761961009913, 28.442022455209706 ], [ 33.411762082204383, 28.690740697847875 ], [ 33.601026822026888, 28.936229327570118 ], [ 33.794499811493829, 29.178415230152638 ], [ 33.992123428272691, 29.41722627502751 ], [ 34.19383881384379, 29.652591336765418 ], [ 34.399585891030185, 29.884440316259052 ], [ 34.609303381890555, 30.112704161600831 ], [ 35.947408825595325, 31.403269571888135 ], [ 36.183106485788436, 31.60459622696013 ], [ 36.422243371208801, 31.801825431426494 ], [ 36.664748259381554, 31.994898444235915 ], [ 36.91054892473484, 32.183757762181486 ], [ 37.159572160110848, 32.368347137026973 ], [ 37.411743798569219, 32.548611592259299 ], [ 37.666988735476266, 32.724497439462269 ], [ 38.986621437119638, 33.536460609212909 ], [ 39.258679308798783, 33.685021450353503 ], [ 46.658337432779412, 35.776513964732189 ], [ 55.323922578055765, 35.347684865686645 ], [ 67.494994292681071, 30.885803857524568 ], [ 68.000218020805676, 30.57569697582964 ], [ 68.499996795800314, 30.256889087596708 ], [ 68.994180783810805, 29.929475771543849 ], [ 69.839222383850085, 29.046392014770497 ], [ 77.090606171137111, 22.496755045608019 ] ]

}},

{ "type": "Feature",
    "properties": { "id": 66, "mag": 10, "place": "First Homo Sapiens 200000 ago(AFR-EAS to SA) ", "time": -16206, "title": "*71.002", "timefinal": -68950,
        "name": "200000 years ago, First Homo Sapiens ",
        "times": [
   -11880, -11685, -11489, -11294, -11098, -10903, -10707, -10512, -10316, -10120,
  -9925, -9729, -9534, -9338, -9143, -8947, -8752, -8556, -8360, -8165,
  -7969, -7774, -7578, -7383, -7187, -6992, -6796, -6600, -6405
]},
    "geometry": {
        "type": "Point",
        "coordinates": [33.228342241101493, -3.282684826898907]
}},
{ "type": "Feature",
    "properties": { "id": 66, "mag": 10, "place": "First Homo Sapiens 200000 ago(AFR-EAS to SA)", "time": -16206, "title": "*71.002", "timefinal": -68950,
        "name": "200000 years ago, First Homo Sapiens ",
        "times": [
  -6209, -6014, -5818, -5623, -5427, -5232, -5036, -4840
]},
    "geometry": {
        "type": "Point",
        "coordinates": [ 77.290606171137111, 22.296755045608019 ]
}},

{ "type": "Feature",
    "properties": { "id": 66, "mag": 10, "place": "First Homo Sapiens 200000 ago ", "time": -16206, "title": "*52.002", "timefinal": -68950,
        "name": "200000 years ago, First Homo Sapiens ",
        "times": [
-12008, -4892
]},
    "geometry": {
        "type": "Point",
        "coordinates": [46.779112404502063, 6.866625220835992]
}},
{ "type": "Feature", "properties": { "id": 3.3, "mag": "#0000FF", "place": "(AFR-EAS to EUR)", "time": null, "title": "15000 years ago, South America", "timefinal": null, "name": "15000 years ago, South America",
  "times": [
  -12150, -12113, -12077, -12041, -12004, -11968, -11932, -11895, -11859, -11823, -11786, -11750, -11713, -11677, -11641, -11604, -11568, -11532, -11495, -11459,
  -11423, -11386, -11350, -11313, -11277, -11241, -11204, -11168, -11132, -11095, -11059, -11023, -10986, -10950, -10913, -10877, -10841, -10804, -10768, -10732,
  -10695, -10659, -10623, -10586, -10550, -10513, -10477, -10441, -10404, -10368, -10332, -10295, -10259, -10223, -10186, -10150, -10113, -10077, -10041, -10004,
  -9968,  -9932, -9895, -9859, -9823, -9786, -9750, -9713, -9677, -9641, -9604, -9568, -9532, -9495, -9459, -9423, -9386,  -9350,  -9313, -9277,
  -9241,  -9204,  -9168,  -9132,  -9095,  -9059,  -9023,  -8986,  -8950,  -8913, -8877, -8841, -8804, -8768, -8732, -8695,  -8659,  -8623, -8586,  -8550,
  -8513,  -8477,  -8441,  -8404,  -8368,  -8332,  -8295,  -8259,  -8223,  -8186, -8150, -8113, -8077, -8041, -8004, -7968,  -7932,  -7895,  -7859,  -7823,
  -7786,  -7750,  -7713,  -7677,  -7641,  -7604,  -7568,  -7532,  -7495,  -7459, -7423,  -7386,  -7350,  -7313,  -7277,  -7241,  -7204,  -7168,  -7132,  -7095,
  -7059,  -7023,  -6986,  -6950,  -6913,  -6877,  -6841,  -6804,  -6768,  -6732, -6695,  -6659,  -6623,  -6586,  -6550,  -6513,  -6477,  -6441,  -6404,  -6368,
  -6332,  -6295,  -6259,  -6223,  -6186,  -6150,  -6113,  -6077,  -6041,  -6004, -5968,  -5932,  -5895,  -5859,  -5823,  -5786,  -5750,  -5713,  -5677,  -5641,
  -5604,  -5568,  -5532,  -5495,  -5459,  -5423,  -5386,  -5350,  -5313,  -5277, -5241,  -5204,  -5168,  -5132,  -5095,  -5059,  -5023,  -4986,  -4950
]},
 "geometry":
 { "type": "LineString", "coordinates": [ [ 39.025585150166158, 10.940748900920234 ], [ 38.482587258028062, 11.46889733883221 ], [ 37.957422737560073, 12.014781676193991 ], [ 37.450670574018815, 12.577800084491207 ], [ 36.962889453339855, 13.157331845177762 ], [ 36.494617146195665, 13.752738034007823 ], [ 36.267958985628624, 14.056189569978946 ], [ 35.829911013433076, 14.674171331352737 ], [ 35.412620944890165, 15.306355230254574 ], [ 35.016548835445377, 15.952044294321203 ], [ 34.826606899680414, 16.279731366804576 ], [ 34.600373212923117, 16.63974342907014 ], [ 34.386776165772943, 17.00739362619953 ], [ 34.090633527035472, 17.572218163236457 ], [ 33.909720936223238, 17.957005117908988 ], [ 33.663671177872601, 18.545381474107092 ], [ 33.516805906295687, 18.944406483354879 ], [ 33.383884012046074, 19.34829029836812 ], [ 33.265065793475323, 19.756545851834613 ], [ 33.160494540480698, 20.168680804304906 ], [ 33.030621848242681, 20.793068747756902 ], [ 32.933436863498088, 21.423372086521312 ], [ 32.869203255603765, 22.05788076552755 ], [ 32.838095294629561, 22.694873320336001 ], [ 32.835805176160086, 23.120061656674089 ], [ 32.848279693961487, 23.54507312993826 ], [ 32.894637390774335, 24.181137736769649 ], [ 32.974051729999275, 24.81392568137893 ], [ 33.028004478747619, 25.223432293101428 ], [ 33.142494141886189, 26.017553020221339 ], [ 33.310647420715711, 26.802065663220748 ], [ 33.53168795896427, 27.57334816182799 ], [ 33.661731450355198, 27.952912463711897 ], [ 33.804595222215795, 28.327839538764536 ], [ 33.960114328001957, 28.697696506595658 ], [ 34.128109209672466, 29.062056340620039 ], [ 34.308385905001657, 29.420498361090502 ], [ 34.500736271522847, 29.772608720803085 ], [ 34.704938226843858, 30.117980882913521 ], [ 34.811410400633939, 30.288015211722978 ], [ 35.032943475985959, 30.622534965164885 ], [ 35.386229197690682, 31.109722264076574 ], [ 35.525798644832143, 31.311892203370952 ], [ 35.695268180566153, 31.592167867048008 ], [ 35.845005448963818, 31.883463458577168 ], [ 35.974297456109142, 32.184391935261999 ], [ 36.082528560916472, 32.493520386142372 ], [ 36.169183406587351, 32.809376854990603 ], [ 36.257836172272292, 33.292479608053881 ], [ 36.283300978086061, 33.536823338471777 ], [ 36.297527995571755, 33.864041863566214 ], [ 36.283532815027257, 34.273166432895508 ], [ 36.220301523228883, 34.760248958365686 ], [ 36.169873337811048, 35.000684631769474 ], [ 36.0834174035339, 35.316595604386414 ], [ 36.004386857217924, 35.549203617315172 ], [ 35.88049712537719, 35.852396139544773 ], [ 35.65993187332208, 36.405066672654883 ], [ 35.529321658030696, 36.787913374981898 ], [ 35.3792004266272, 37.163538509528344 ], [ 35.268474156088544, 37.409451755158365 ], [ 35.086742015352165, 37.770843585232747 ], [ 34.886669556811725, 38.122413830211919 ], [ 34.668786006093768, 38.463232527098796 ], [ 34.513917972619851, 38.684025469856515 ], [ 34.181936572933395, 39.109040007641582 ], [ 34.005213542164398, 39.312761881183704 ], [ 33.821609894693829, 39.510305122017691 ], [ 33.533777647055615, 39.794529017988218 ], [ 33.127998985948992, 40.149765115896287 ], [ 32.916214774195744, 40.316741398690425 ], [ 32.698830363311039, 40.476358594718924 ], [ 32.250097993901726, 40.702663887279421 ], [ 31.733819012458632, 40.904307033752616 ], [ 31.384077608618487, 41.023610635343424 ], [ 31.030387679386198, 41.130642559890603 ], [ 30.673179667065305, 41.225272549039758 ], [ 30.131723241791754, 41.343716142068345 ], [ 29.767630001203038, 41.406870801993172 ], [ 29.033945131253883, 41.494904445266158 ], [ 28.665246399822923, 41.519676291257369 ], [ 28.295907973338768, 41.531572745973968 ], [ 27.742569947579792, 41.629608649654429 ], [ 27.37567558458268, 41.732689239745156 ], [ 27.010559164017121, 41.841900416306451 ], [ 26.647323116545934, 41.957211540965005 ], [ 26.286069345307425, 42.078590264052949 ], [ 25.926899197327216, 42.20600253368341 ], [ 25.569913435086129, 42.339412605303423 ], [ 25.215212208251994, 42.478783051721848 ], [ 24.862895025583452, 42.624074773609259 ], [ 24.513060727013489, 42.775247010466991 ], [ 24.165807455920657, 42.93225735206218 ], [ 23.821232631595674, 43.095061750325613 ], [ 23.479432921911197, 43.263614531709131 ], [ 23.140504216202356, 43.437868409998941 ], [ 22.804541598365731, 43.617774499581472 ], [ 22.471639320184288, 43.803282329157796 ], [ 22.141890774885738, 43.994339855903021 ], [ 21.815388470941777, 44.190893480066492 ], [ 21.407289774069312, 44.412769663424442 ], [ 21.002903674261155, 44.641342342046343 ], [ 20.602340044611474, 44.876549411949256 ], [ 20.205707719636184, 45.118326966563302 ], [ 19.81311446570222, 45.366609314095271 ], [ 19.424666951747007, 45.621328995377382 ], [ 19.040470720296156, 45.882416802196104 ], [ 18.660630158787214, 46.14980179609632 ], [ 18.285248471207204, 46.423411327655501 ], [ 17.914427650051788, 46.703171056222828 ], [ 17.548268448613513, 46.989004970117819 ], [ 17.350408188284831, 47.210744925808378 ], [ 17.24864299736231, 47.319026070991839 ], [ 17.039593452666274, 47.530250071591603 ], [ 16.600297194870645, 47.930478948221911 ], [ 16.370571796317527, 48.119008871116385 ], [ 16.014150998499915, 48.386690683988768 ], [ 15.769059881464131, 48.554761011284036 ], [ 15.390934379078299, 48.790791607828325 ], [ 15.132294415892389, 48.937156426040133 ], [ 15.001122078144652, 49.006976038582266 ], [ 14.735267271618948, 49.139786100001444 ], [ 14.464995772868805, 49.263360399636667 ], [ 13.91249048826473, 49.48222626332165 ], [ 13.416681951584597, 49.749954041941905 ], [ 12.902807676761682, 50.034683682066607 ], [ 12.655253043302702, 50.179196415899547 ], [ 12.153256215274405, 50.456047188573521 ], [ 11.642519709396684, 50.716422662158244 ], [ 11.123584053892909, 50.960047273245713 ], [ 10.59699845439982, 51.186663186383242 ], [ 10.063320212726232, 51.396030566948646 ] ]
 }},


{ "type": "Feature",
    "properties": { "id": 66, "mag": 10, "place": "First Homo Sapiens 200000 ago(AFR-EAS to EUR) ", "time": -16206, "title": "*142.001", "timefinal": -68950,
        "name": "200000 years ago, First Homo Sapiens ",
        "times": [
-12150, -12113, -12077, -12041, -12004, -11968, -11932, -11895, -11859, -11823, -11786, -11750, -11713, -11677, -11641, -11604, -11568, -11532, -11495, -11459,
  -11423, -11386, -11350, -11313, -11277, -11241, -11204, -11168, -11132, -11095, -11059, -11023, -10986, -10950, -10913, -10877, -10841, -10804, -10768, -10732,
  -10695, -10659, -10623, -10586, -10550, -10513, -10477, -10441, -10404, -10368, -10332, -10295, -10259, -10223, -10186, -10150, -10113, -10077, -10041, -10004,
  -9968,  -9932, -9895, -9859, -9823, -9786, -9750, -9713, -9677, -9641, -9604, -9568, -9532, -9495, -9459, -9423, -9386,  -9350,  -9313, -9277,
  -9241,  -9204,  -9168,  -9132,  -9095,  -9059,  -9023,  -8986,  -8950,  -8913, -8877, -8841, -8804, -8768, -8732, -8695,  -8659,  -8623, -8586,  -8550,
  -8513,  -8477,  -8441,  -8404,  -8368,  -8332,  -8295,  -8259,  -8223,  -8186, -8150, -8113, -8077, -8041, -8004, -7968,  -7932,  -7895,  -7859,  -7823,
  -7786,  -7750,  -7713,  -7677,  -7641,  -7604,  -7568,  -7532,  -7495,  -7459, -7423,  -7386,  -7350,  -7313,  -7277,  -7241,  -7204,  -7168,  -7132,  -7095,
  -7059,  -7023,  -6986,  -6950,  -6913,  -6877,  -6841,  -6804,  -6768,  -6732, -6695,  -6659
]},
    "geometry": {
        "type": "Point",
        "coordinates": [39.235585150166158, 10.780748900920234]
}},
{ "type": "Feature",
    "properties": { "id": 66, "mag": 10, "place": "First Homo Sapiens 200000 ago(AFR-EAS to EUR) ", "time": -16206, "title": "*142.001", "timefinal": -68950,
        "name": "200000 years ago, First Homo Sapiens ",
        "times": [
   -6623,  -6586,  -6550,  -6513,  -6477,  -6441,  -6404,  -6368, -6332,  -6295,  -6259, -6223, -6186, -6150, -6113,  -6077,  -6041,
   -6004, -5968,  -5932,  -5895,  -5859,  -5823,  -5786,  -5750,  -5713,  -5677,  -5641, -5604,  -5568,  -5532,  -5495,  -5459,  -5423,
     -5386,  -5350, -5313,  -5277, -5241,  -5204,  -5168,  -5132,  -5095,  -5059,  -5023,  -4986,  -4950
]},
    "geometry": {
        "type": "Point",
        "coordinates": [ 10.233320212726232, 51.236030566948646 ]
}},
{ "type": "Feature",
    "properties": { "id": 66, "mag": 10, "place": "First Homo Sapiens 200000 ago ", "time": -16206, "title": "*1.007", "timefinal": -68950,
        "name": "200000 years ago, First Homo Sapiens ",
        "times": [
-12510, -5097
]},
    "geometry": {
        "type": "Point",
        "coordinates": [47.179112404502063, 6.166625220835992]
}},
{ "type": "Feature", "properties": { "id": 3.3, "mag": "#0000FF", "place": "(AFR-EAS to SA)", "time": null, "title": "15000 years ago, South America", "timefinal": null, "name": "15000 years ago, South America",
"times": [
      -12555, -12348, -12141, -11935, -11728, -11521, -11315, -11108, -10901, -10695,
  -10488, -10281, -10075,  -9868,  -9661,  -9455,  -9248,  -9041,  -8835,  -8628,
   -8421,  -8215,  -8008,  -7801,  -7595,  -7388,  -7181,  -6975,  -6768,  -6561,
   -6355,  -6148,  -5941,  -5735,  -5528,  -5321,  -5115
]},
 "geometry":
 { "type": "LineString", "coordinates":[ [ 33.628342241101493, -3.682684826898907 ], [ 33.001616517680773, -1.888990126760813 ], [ 32.711664189919979, -0.984265365183106 ], [ 31.499350047426404, 3.607218012077364 ], [ 31.304886667046233, 4.53715523591393 ], [ 31.126570678084505, 5.470323310092608 ], [ 30.964455653742782, 6.406441873880565 ], [ 30.346713100740253, 18.715671019568507 ], [ 31.488043892683152, 25.514795857792183 ], [ 31.622787347469977, 25.793955329161321 ], [ 31.762328233745752, 26.070747941274355 ], [ 33.226761961009913, 28.442022455209706 ], [ 33.411762082204383, 28.690740697847875 ], [ 33.601026822026888, 28.936229327570118 ], [ 33.794499811493829, 29.178415230152638 ], [ 33.992123428272691, 29.41722627502751 ], [ 34.19383881384379, 29.652591336765418 ], [ 34.399585891030185, 29.884440316259052 ], [ 34.609303381890555, 30.112704161600831 ], [ 35.947408825595325, 31.403269571888135 ], [ 36.183106485788436, 31.60459622696013 ], [ 36.422243371208801, 31.801825431426494 ], [ 36.664748259381554, 31.994898444235915 ], [ 36.91054892473484, 32.183757762181486 ], [ 37.159572160110848, 32.368347137026973 ], [ 37.411743798569219, 32.548611592259299 ], [ 37.666988735476266, 32.724497439462269 ], [ 38.986621437119638, 33.536460609212909 ], [ 39.258679308798783, 33.685021450353503 ], [ 46.658337432779412, 35.776513964732189 ], [ 55.323922578055765, 35.347684865686645 ], [ 67.494994292681071, 30.885803857524568 ], [ 68.000218020805676, 30.57569697582964 ], [ 68.499996795800314, 30.256889087596708 ], [ 68.994180783810805, 29.929475771543849 ], [ 69.839222383850085, 29.046392014770497 ], [ 77.090606171137111, 22.496755045608019 ] ]

}},

{ "type": "Feature",
    "properties": { "id": 66, "mag": 10, "place": "First Homo Sapiens 200000 ago(AFR-EAS to SA) ", "time": -16206, "title": "*41.007", "timefinal": -68950,
        "name": "200000 years ago, First Homo Sapiens ",
        "times": [
   -12555, -12348, -12141, -11935, -11728, -11521, -11315, -11108, -10901, -10695,
  -10488, -10281, -10075,  -9868,  -9661,  -9455,  -9248,  -9041,  -8835,  -8628,
   -8421,  -8215,  -8008,  -7801,  -7595,  -7388,  -7181,  -6975,  -6768
]},
    "geometry": {
        "type": "Point",
        "coordinates": [33.328342241101493, -3.382684826898907]
}},
{ "type": "Feature",
    "properties": { "id": 66, "mag": 10, "place": "First Homo Sapiens 200000 ago(AFR-EAS to SA)", "time": -16206, "title": "*41.007", "timefinal": -68950,
        "name": "200000 years ago, First Homo Sapiens ",
        "times": [
  -6561,  -6355,  -6148,  -5941,  -5735,  -5528,  -5321,  -5115
]},
    "geometry": {
        "type": "Point",
        "coordinates": [ 77.390606171137111, 22.396755045608019 ]
}},
{ "type": "Feature", "properties": { "id": 3.3, "mag": "#0000FF", "place": "(AFR-EAS to EAS)", "time": null, "title": "15000 years ago, South America", "timefinal": null, "name": "15000 years ago, South America",
"times": [
      -12600, -12418, -12236, -12054, -11872, -11690, -11508, -11326, -11143, -10961,
  -10779, -10597, -10415, -10233, -10051,  -9869,  -9686,  -9504,  -9322,  -9140,
   -8958,  -8776,  -8594,  -8412,  -8229,  -8047,  -7865,  -7683,  -7501,  -7319,
   -7137,  -6955,  -6772,  -6590,  -6408,  -6226,  -6044,  -5862,  -5680,  -5498,
   -5315,  -5133
]},
 "geometry":
 { "type": "LineString", "coordinates":  [ [ 38.854273250118922, 1.7335961478081 ], [ 37.61137502458682, 3.331608152063659 ], [ 37.433818135225096, 3.686721930787115 ], [ 37.256261245863371, 4.041835709510579 ], [ 34.237794126713979, 11.32166817334145 ], [ 34.060237237352254, 11.676781952064907 ], [ 34.060237237352254, 12.031895730788371 ], [ 33.882680347990515, 12.742123288235284 ], [ 33.70512345862879, 13.274793956320465 ], [ 33.527566569267066, 13.629907735043929 ], [ 33.350009679905341, 14.16257840312911 ], [ 31.929554565011504, 22.507752203130359 ], [ 32.284668343734964, 24.283321096747649 ], [ 32.462225233096689, 24.638434875471106 ], [ 32.639782122458428, 24.993548654194562 ], [ 33.172452790543602, 26.414003769088392 ], [ 33.350009679905341, 26.769117547811849 ], [ 33.70512345862879, 27.124231326535305 ], [ 33.882680347990515, 27.656901994620494 ], [ 41.162512811821401, 33.516279343557542 ], [ 41.695183479906589, 33.693836232919267 ], [ 42.227854147991764, 33.871393122280999 ], [ 42.582967926715227, 34.048950011642724 ], [ 42.938081705438691, 34.226506901004456 ], [ 43.470752373523865, 34.40406379036618 ], [ 44.003423041609054, 34.581620679727912 ], [ 44.358536820332517, 34.759177569089644 ], [ 44.713650599055967, 34.759177569089644 ], [ 45.068764377779431, 34.936734458451369 ], [ 67.973603105442422, 37.600087798877297 ], [ 68.328716884165885, 37.600087798877297 ], [ 69.038944441612799, 37.422530909515572 ], [ 69.394058220336262, 37.422530909515572 ], [ 69.926728888421451, 37.422530909515572 ], [ 70.2818426671449, 37.422530909515572 ], [ 70.814513335230089, 37.422530909515572 ], [ 71.169627113953538, 37.422530909515572 ], [ 79.337244024593062, 37.600087798877297 ], [ 80.047471582039975, 37.777644688239029 ], [ 100.999184526723965, 35.291848237174825 ], [ 106.325891207575822, 34.40406379036618 ], [ 108.456573879916576, 33.693836232919267 ] ]
 }},

{ "type": "Feature",
    "properties": { "id": 66, "mag": 10, "place": "First Homo Sapiens 200000 ago(AFR-EAS to EAS) ", "time": -16206, "title": "*25.001", "timefinal": -68950,
        "name": "200000 years ago, First Homo Sapiens ",
        "times": [
-12600, -12418, -12236, -12054, -11872, -11690, -11508, -11326, -11143, -10961,
  -10779, -10597, -10415, -10233, -10051,  -9869,  -9686,  -9504,  -9322,  -9140,
   -8958,  -8776,  -8594,  -8412,  -8229,  -8047,  -7865,  -7683,  -7501,  -7319,
   -7137,  -6955,  -6772,  -6590,  -6408,  -6226,  -6044
]},
    "geometry": {
        "type": "Point",
        "coordinates": [38.123473250118922, 1.123496147808156]
}},
{ "type": "Feature",
    "properties": { "id": 66, "mag": 10, "place": "First Homo Sapiens 200000 ago(AFR-EAS to EAS) ", "time": -16206, "title": "*25.001", "timefinal": -68950,
        "name": "200000 years ago, First Homo Sapiens ",
        "times": [
-5862,  -5680,  -5498, -5315,  -5133
]},
    "geometry": {
        "type": "Point",
        "coordinates": [ 108.123473879916576, 33.123436232919267 ]
}},

{ "type": "Feature", "properties": { "id": 3.3, "mag": "#0000FF", "place": "(AFR-EAS to EUR)", "time": null, "title": "15000 years ago, South America", "timefinal": null, "name": "15000 years ago, South America",
  "times": [
  -12600, -12563, -12525, -12487, -12450, -12412, -12374, -12337, -12299, -12261,
  -12223, -12186, -12148, -12110, -12073, -12035, -11997, -11959, -11922, -11884,
  -11846, -11809, -11771, -11733, -11695, -11658, -11620, -11582, -11545, -11507,
  -11469, -11431, -11394, -11356, -11318, -11281, -11243, -11205, -11167, -11130,
  -11092, -11054, -11017, -10979, -10941, -10903, -10866, -10828, -10790, -10753,
  -10715, -10677, -10639, -10602, -10564, -10526, -10489, -10451, -10413, -10375,
  -10338, -10300, -10262, -10225, -10187, -10149, -10111, -10074, -10036,  -9998,
  -9961,  -9923,  -9885,  -9848,  -9810,  -9772,  -9734,  -9697,  -9659,  -9621,
  -9584,  -9546,  -9508,  -9470,  -9433,  -9395,  -9357,  -9320,  -9282,  -9244,
  -9206,  -9169,  -9131,  -9093,  -9056,  -9018,  -8980,  -8942,  -8905,  -8867,
  -8829,  -8792,  -8754,  -8716,  -8678,  -8641,  -8603,  -8565,  -8528,  -8490,
  -8452,  -8414,  -8377,  -8339,  -8301,  -8264,  -8226,  -8188,  -8150,  -8113,
  -8075,  -8037,  -8000,  -7962,  -7924,  -7886,  -7849,  -7811,  -7773,  -7736,
  -7698,  -7660,  -7622,  -7585,  -7547,  -7509,  -7472,  -7434,  -7396,  -7359,
  -7321,  -7283,  -7245,  -7208,  -7170,  -7132,  -7095,  -7057,  -7019,  -6981,
  -6944,  -6906,  -6868,  -6831,  -6793,  -6755,  -6717,  -6680,  -6642,  -6604,
  -6567,  -6529,  -6491,  -6453,  -6416,  -6378,  -6340,  -6303,  -6265,  -6227,
  -6189,  -6152,  -6114,  -6076,  -6039,  -6001,  -5963,  -5925,  -5888,  -5850,
  -5812,  -5775,  -5737,  -5699,  -5661,  -5624,  -5586,  -5548,  -5511,  -5473,
  -5435,  -5397,  -5360,  -5322,  -5284,  -5247,  -5209,  -5171,  -5133
]},
 "geometry":
 { "type": "LineString", "coordinates": [ [ 39.025585150166158, 10.940748900920234 ], [ 38.482587258028062, 11.46889733883221 ], [ 37.957422737560073, 12.014781676193991 ], [ 37.450670574018815, 12.577800084491207 ], [ 36.962889453339855, 13.157331845177762 ], [ 36.494617146195665, 13.752738034007823 ], [ 36.267958985628624, 14.056189569978946 ], [ 35.829911013433076, 14.674171331352737 ], [ 35.412620944890165, 15.306355230254574 ], [ 35.016548835445377, 15.952044294321203 ], [ 34.826606899680414, 16.279731366804576 ], [ 34.600373212923117, 16.63974342907014 ], [ 34.386776165772943, 17.00739362619953 ], [ 34.090633527035472, 17.572218163236457 ], [ 33.909720936223238, 17.957005117908988 ], [ 33.663671177872601, 18.545381474107092 ], [ 33.516805906295687, 18.944406483354879 ], [ 33.383884012046074, 19.34829029836812 ], [ 33.265065793475323, 19.756545851834613 ], [ 33.160494540480698, 20.168680804304906 ], [ 33.030621848242681, 20.793068747756902 ], [ 32.933436863498088, 21.423372086521312 ], [ 32.869203255603765, 22.05788076552755 ], [ 32.838095294629561, 22.694873320336001 ], [ 32.835805176160086, 23.120061656674089 ], [ 32.848279693961487, 23.54507312993826 ], [ 32.894637390774335, 24.181137736769649 ], [ 32.974051729999275, 24.81392568137893 ], [ 33.028004478747619, 25.223432293101428 ], [ 33.142494141886189, 26.017553020221339 ], [ 33.310647420715711, 26.802065663220748 ], [ 33.53168795896427, 27.57334816182799 ], [ 33.661731450355198, 27.952912463711897 ], [ 33.804595222215795, 28.327839538764536 ], [ 33.960114328001957, 28.697696506595658 ], [ 34.128109209672466, 29.062056340620039 ], [ 34.308385905001657, 29.420498361090502 ], [ 34.500736271522847, 29.772608720803085 ], [ 34.704938226843858, 30.117980882913521 ], [ 34.811410400633939, 30.288015211722978 ], [ 35.032943475985959, 30.622534965164885 ], [ 35.386229197690682, 31.109722264076574 ], [ 35.525798644832143, 31.311892203370952 ], [ 35.695268180566153, 31.592167867048008 ], [ 35.845005448963818, 31.883463458577168 ], [ 35.974297456109142, 32.184391935261999 ], [ 36.082528560916472, 32.493520386142372 ], [ 36.169183406587351, 32.809376854990603 ], [ 36.257836172272292, 33.292479608053881 ], [ 36.283300978086061, 33.536823338471777 ], [ 36.297527995571755, 33.864041863566214 ], [ 36.283532815027257, 34.273166432895508 ], [ 36.220301523228883, 34.760248958365686 ], [ 36.169873337811048, 35.000684631769474 ], [ 36.0834174035339, 35.316595604386414 ], [ 36.004386857217924, 35.549203617315172 ], [ 35.88049712537719, 35.852396139544773 ], [ 35.65993187332208, 36.405066672654883 ], [ 35.529321658030696, 36.787913374981898 ], [ 35.3792004266272, 37.163538509528344 ], [ 35.268474156088544, 37.409451755158365 ], [ 35.086742015352165, 37.770843585232747 ], [ 34.886669556811725, 38.122413830211919 ], [ 34.668786006093768, 38.463232527098796 ], [ 34.513917972619851, 38.684025469856515 ], [ 34.181936572933395, 39.109040007641582 ], [ 34.005213542164398, 39.312761881183704 ], [ 33.821609894693829, 39.510305122017691 ], [ 33.533777647055615, 39.794529017988218 ], [ 33.127998985948992, 40.149765115896287 ], [ 32.916214774195744, 40.316741398690425 ], [ 32.698830363311039, 40.476358594718924 ], [ 32.250097993901726, 40.702663887279421 ], [ 31.733819012458632, 40.904307033752616 ], [ 31.384077608618487, 41.023610635343424 ], [ 31.030387679386198, 41.130642559890603 ], [ 30.673179667065305, 41.225272549039758 ], [ 30.131723241791754, 41.343716142068345 ], [ 29.767630001203038, 41.406870801993172 ], [ 29.033945131253883, 41.494904445266158 ], [ 28.665246399822923, 41.519676291257369 ], [ 28.295907973338768, 41.531572745973968 ], [ 27.742569947579792, 41.629608649654429 ], [ 27.37567558458268, 41.732689239745156 ], [ 27.010559164017121, 41.841900416306451 ], [ 26.647323116545934, 41.957211540965005 ], [ 26.286069345307425, 42.078590264052949 ], [ 25.926899197327216, 42.20600253368341 ], [ 25.569913435086129, 42.339412605303423 ], [ 25.215212208251994, 42.478783051721848 ], [ 24.862895025583452, 42.624074773609259 ], [ 24.513060727013489, 42.775247010466991 ], [ 24.165807455920657, 42.93225735206218 ], [ 23.821232631595674, 43.095061750325613 ], [ 23.479432921911197, 43.263614531709131 ], [ 23.140504216202356, 43.437868409998941 ], [ 22.804541598365731, 43.617774499581472 ], [ 22.471639320184288, 43.803282329157796 ], [ 22.141890774885738, 43.994339855903021 ], [ 21.815388470941777, 44.190893480066492 ], [ 21.407289774069312, 44.412769663424442 ], [ 21.002903674261155, 44.641342342046343 ], [ 20.602340044611474, 44.876549411949256 ], [ 20.205707719636184, 45.118326966563302 ], [ 19.81311446570222, 45.366609314095271 ], [ 19.424666951747007, 45.621328995377382 ], [ 19.040470720296156, 45.882416802196104 ], [ 18.660630158787214, 46.14980179609632 ], [ 18.285248471207204, 46.423411327655501 ], [ 17.914427650051788, 46.703171056222828 ], [ 17.548268448613513, 46.989004970117819 ], [ 17.350408188284831, 47.210744925808378 ], [ 17.24864299736231, 47.319026070991839 ], [ 17.039593452666274, 47.530250071591603 ], [ 16.600297194870645, 47.930478948221911 ], [ 16.370571796317527, 48.119008871116385 ], [ 16.014150998499915, 48.386690683988768 ], [ 15.769059881464131, 48.554761011284036 ], [ 15.390934379078299, 48.790791607828325 ], [ 15.132294415892389, 48.937156426040133 ], [ 15.001122078144652, 49.006976038582266 ], [ 14.735267271618948, 49.139786100001444 ], [ 14.464995772868805, 49.263360399636667 ], [ 13.91249048826473, 49.48222626332165 ], [ 13.416681951584597, 49.749954041941905 ], [ 12.902807676761682, 50.034683682066607 ], [ 12.655253043302702, 50.179196415899547 ], [ 12.153256215274405, 50.456047188573521 ], [ 11.642519709396684, 50.716422662158244 ], [ 11.123584053892909, 50.960047273245713 ], [ 10.59699845439982, 51.186663186383242 ], [ 10.063320212726232, 51.396030566948646 ] ]
 }},


{ "type": "Feature",
    "properties": { "id": 66, "mag": 10, "place": "First Homo Sapiens 200000 ago(AFR-EAS to EUR) ", "time": -16206, "title": "*1.037", "timefinal": -68950,
        "name": "200000 years ago, First Homo Sapiens ",
        "times": [
-12600, -12563, -12525, -12487, -12450, -12412, -12374, -12337, -12299, -12261,
  -12223, -12186, -12148, -12110, -12073, -12035, -11997, -11959, -11922, -11884,
  -11846, -11809, -11771, -11733, -11695, -11658, -11620, -11582, -11545, -11507,
  -11469, -11431, -11394, -11356, -11318, -11281, -11243, -11205, -11167, -11130,
  -11092, -11054, -11017, -10979, -10941, -10903, -10866, -10828, -10790, -10753,
  -10715, -10677, -10639, -10602, -10564, -10526, -10489, -10451, -10413, -10375,
  -10338, -10300, -10262, -10225, -10187, -10149, -10111, -10074, -10036,  -9998,
  -9961,  -9923,  -9885,  -9848,  -9810,  -9772,  -9734,  -9697,  -9659,  -9621,
  -9584,  -9546,  -9508,  -9470,  -9433,  -9395,  -9357,  -9320,  -9282,  -9244,
  -9206,  -9169,  -9131,  -9093,  -9056,  -9018,  -8980,  -8942,  -8905,  -8867,
  -8829,  -8792,  -8754,  -8716,  -8678,  -8641,  -8603,  -8565,  -8528,  -8490,
  -8452,  -8414,  -8377,  -8339,  -8301,  -8264,  -8226,  -8188,  -8150,  -8113,
  -8075,  -8037,  -8000,  -7962,  -7924,  -7886,  -7849,  -7811,  -7773,  -7736,
  -7698,  -7660,  -7622,  -7585,  -7547,  -7509,  -7472,  -7434,  -7396,  -7359,
  -7321,  -7283,  -7245,  -7208,  -7170,  -7132,  -7095,  -7057,  -7019,  -6981
]},
    "geometry": {
        "type": "Point",
        "coordinates": [39.015585150166158, 10.770748900920234]
}},
{ "type": "Feature",
    "properties": { "id": 66, "mag": 10, "place": "First Homo Sapiens 200000 ago(AFR-EAS to EUR) ", "time": -16206, "title": "*1.037", "timefinal": -68950,
        "name": "200000 years ago, First Homo Sapiens ",
        "times": [
   -6944,  -6906,  -6868,  -6831,  -6793,  -6755,  -6717,  -6680,  -6642,  -6604,
  -6567,  -6529,  -6491,  -6453,  -6416,  -6378,  -6340,  -6303,  -6265,  -6227,
  -6189,  -6152,  -6114,  -6076,  -6039,  -6001,  -5963,  -5925,  -5888,  -5850,
  -5812,  -5775,  -5737,  -5699,  -5661,  -5624,  -5586,  -5548,  -5511,  -5473,
  -5435,  -5397,  -5360,  -5322,  -5284,  -5247,  -5209,  -5171,  -5133
]},
    "geometry": {
        "type": "Point",
        "coordinates": [ 10.013320212726232, 51.016030566948646 ]
}},
{ "type": "Feature",
    "properties": { "id": 66, "mag": 10, "place": "First Homo Sapiens 200000 ago ", "time": -16206, "title": "*1.035", "timefinal": -68950,
        "name": "200000 years ago, First Homo Sapiens ",
        "times": [
-12600, -5133

]},
    "geometry": {
        "type": "Point",
        "coordinates": [117.452225365550419, 45.213869240048069]
}},
{ "type": "Feature", "properties": { "id": 3.3, "mag": "#0000FF", "place": "(EUR to AMR)", "time": null, "title": "15000 years ago, South America", "timefinal": null, "name": "15000 years ago, South America",
"times": [
  -12600, -12533, -12467, -12400, -12333, -12267, -12200, -12133, -12067, -12000,
  -11933, -11867, -11800, -11733, -11667, -11600, -11533, -11467, -11400, -11333,
  -11267, -11200, -11133, -11067, -11000, -10933, -10867, -10800, -10733, -10667,
  -10600, -10533, -10467, -10400, -10333, -10267, -10200, -10133, -10067, -10000,
  -9933, -9867, -9800, -9733, -9667, -9600, -9533, -9467, -9400, -9333,
  -9267, -9200, -9133, -9067, -9000, -8933, -8867, -8800, -8733, -8667,
  -8600, -8533, -8467, -8400, -8333, -8267, -8200, -8133, -8067, -8000,
  -7933, -7867, -7800, -7733, -7667, -7600, -7533, -7467, -7400, -7333,
  -7267, -7200, -7133, -7067, -7000, -6933, -6867, -6800, -6733, -6667,
  -6600, -6533, -6467, -6400, -6333, -6267, -6200, -6133, -6067, -6000,
  -5933, -5867, -5800, -5733, -5667, -5600, -5533, -5467, -5400, -5333,
  -5267, -5200, -5133
]},
 "geometry":
 { "type": "LineString", "coordinates":  [ [ 3.526058453254961, 47.235558399734863 ], [ 4.10774854246664, 47.526403444340701 ], [ 4.689438631678318, 47.526403444340701 ], [ 5.271128720889996, 47.817248488946539 ], [ 7.597889077736708, 48.398938578158223 ], [ 17.195775549729397, 51.016543979610773 ], [ 17.777465638941074, 51.016543979610773 ], [ 19.52253590657611, 51.59823406882245 ], [ 20.104225995787786, 51.59823406882245 ], [ 20.685916084999466, 51.59823406882245 ], [ 33.773943092262222, 53.343304336457486 ], [ 34.646478226079736, 53.343304336457486 ], [ 38.718308850561485, 53.634149381063324 ], [ 39.299998939773161, 53.924994425669162 ], [ 39.881689028984844, 53.924994425669162 ], [ 40.463379118196521, 53.924994425669162 ], [ 57.332391705335183, 58.287670094756749 ], [ 58.446213313953791, 58.639309216671549 ], [ 58.495771883758536, 58.578515139362587 ], [ 59.077461972970212, 58.869360183968425 ], [ 59.659152062181903, 58.869360183968425 ], [ 60.240842151393579, 59.160205228574263 ], [ 60.822532240605256, 59.451050273180101 ], [ 61.939221512745114, 59.925010921527701 ], [ 79.099079144489622, 61.670081189162737 ], [ 79.436615095378954, 61.777810630026813 ], [ 84.090135809072379, 62.068655674632652 ], [ 84.671825898284055, 62.359500719238497 ], [ 85.253515987495732, 62.359500719238497 ], [ 85.835206076707408, 62.359500719238497 ], [ 117.828160983349704, 65.558796209902724 ], [ 118.991541161773057, 65.558796209902724 ], [ 121.899991607831453, 65.849641254508555 ], [ 122.481681697043143, 65.849641254508555 ], [ 125.359706847923377, 66.147048970083887 ], [ 128.007737544554061, 65.849641254508555 ], [ 128.589427633765752, 65.849641254508555 ], [ 130.625342946006612, 65.267951165296893 ], [ 131.207033035218302, 65.267951165296893 ], [ 147.20351048853945, 65.558796209902724 ], [ 147.785200577751112, 65.558796209902724 ], [ 148.948580756174493, 65.849641254508555 ], [ 149.821115889992001, 65.849641254508555 ], [ 153.602101469867904, 65.849641254508555 ], [ 154.183791559079594, 65.849641254508555 ], [ 155.056326692897102, 65.849641254508555 ], [ 155.928861826714609, 65.849641254508555 ], [ 156.5105519159263, 65.849641254508555 ], [ 164.467159863296985, 66.269818018066999 ], [ 172.216184324641603, 66.1404862991144 ], [ 172.797874413853293, 66.431331343720245 ], [ 175.124634770699998, 66.722176388326076 ], [ 175.706324859911689, 66.722176388326076 ], [ 176.288014949123351, 66.722176388326076 ], [ 176.869705038335042, 66.722176388326076 ], [ 184.140831153481003, 66.722176388326076 ], [ 184.722521242692693, 66.722176388326076 ], [ 186.467591510327708, 66.722176388326076 ], [ 187.049281599539398, 66.722176388326076 ], [ 187.630971688751089, 66.722176388326076 ], [ 210.026040123400691, 64.686261076085202 ], [ 210.607730212612353, 64.686261076085202 ], [ 213.225335614064903, 64.104570986873526 ], [ 213.807025703276594, 64.104570986873526 ], [ 215.552095970911637, 63.52288089766185 ], [ 216.133786060123299, 63.232035853056011 ], [ 226.022517576721839, 61.777810630026813 ], [ 226.604207665933501, 61.486965585420975 ], [ 227.185897755145191, 61.196120540815137 ], [ 228.930968022780206, 60.905275496209299 ], [ 229.512658111991897, 60.905275496209299 ], [ 230.094348201203587, 60.614430451603461 ], [ 230.385193245809404, 60.032740362391777 ], [ 230.966883335021095, 60.032740362391777 ], [ 236.202094137926196, 57.124289916333389 ], [ 236.783784227137886, 57.124289916333389 ], [ 239.983079717802099, 53.924994425669162 ], [ 240.273924762407944, 53.052459291851648 ], [ 240.564769807013789, 52.470769202639964 ], [ 240.855614851619606, 51.889079113428288 ], [ 246.963360788342243, 43.163727775253115 ], [ 247.545050877553905, 42.2911926414356 ], [ 248.999276100583103, 39.091897150771374 ], [ 249.290121145188948, 38.51020706155969 ], [ 249.580966189794793, 37.928516972348014 ], [ 255.107022037305711, 27.167250321931974 ], [ 255.397867081911585, 26.585560232720297 ], [ 257.142937349546628, 24.549644920479423 ], [ 257.724627438758262, 24.258799875873578 ], [ 258.015472483364078, 23.677109786661902 ], [ 258.597162572575826, 23.677109786661902 ], [ 265.577443643115885, 17.278518805333448 ], [ 265.577443643115885, 16.696828716121757 ], [ 266.159133732327632, 16.696828716121757 ], [ 266.740823821539266, 16.405983671515926 ], [ 269.649274267597661, 15.533448537698405 ], [ 270.230964356809409, 14.951758448486729 ], [ 270.812654446021043, 14.660913403880883 ], [ 271.394344535232676, 14.660913403880883 ], [ 271.976034624444424, 14.370068359275052 ], [ 272.557724713656057, 14.079223314669207 ], [ 272.848569758261874, 13.497533225457531 ], [ 273.430259847473621, 13.2066881808517 ], [ 278.083780561167032, 9.134857556369951 ], [ 278.665470650378666, 9.134857556369951 ], [ 279.247160739590413, 8.844012511764106 ], [ 279.828850828802047, 8.844012511764106 ], [ 285.354906676313021, 7.098942244129077 ], [ 290.299272434612249, 1.863731441223976 ], [ 290.590117479218065, 1.2820413520123 ], [ 291.171807568429813, 0.700351262800623 ], [ 294.77215957634553, -1.727801483529984 ], [ 297.279553505152421, -4.825704584710323 ] ]

 }},

{ "type": "Feature",
    "properties": { "id": 66, "mag": 10, "place": "First Homo Sapiens 200000 ago(EUR to AMR) ", "time": -16206, "title": "*144.001", "timefinal": -68950,
        "name": "200000 years ago, First Homo Sapiens ",
        "times": [
-12600, -12533, -12467, -12400, -12333, -12267, -12200, -12133, -12067, -12000,
  -11933, -11867, -11800, -11733, -11667, -11600, -11533, -11467, -11400, -11333,
  -11267, -11200, -11133, -11067, -11000, -10933, -10867, -10800, -10733, -10667,
  -10600, -10533, -10467, -10400, -10333, -10267, -10200, -10133, -10067, -10000,
  -9933, -9867, -9800, -9733, -9667, -9600, -9533, -9467, -9400, -9333,
  -9267, -9200, -9133, -9067, -9000, -8933, -8867, -8800, -8733, -8667,
  -8600, -8533, -8467, -8400, -8333, -8267, -8200, -8133, -8067, -8000,
  -7933, -7867, -7800, -7733, -7667, -7600, -7533, -7467, -7400, -7333,
  -7267, -7200, -7133, -7067, -7000, -6933, -6867, -6800, -6733, -6667
]},
    "geometry": {
        "type": "Point",
        "coordinates": [3.116058453254961, 47.115558399734863]
}},
{ "type": "Feature",
    "properties": { "id": 66, "mag": 10, "place": "First Homo Sapiens 200000 ago(EUR to AMR) ", "time": -16206, "title": "*144.001", "timefinal": -68950,
        "name": "200000 years ago, First Homo Sapiens ",
        "times": [
-6600, -6533, -6467, -6400, -6333, -6267, -6200, -6133, -6067, -6000,
  -5933, -5867, -5800, -5733, -5667, -5600, -5533, -5467, -5400, -5333,
  -5267, -5200, -5133
]},
    "geometry": {
        "type": "Point",
        "coordinates": [ 297.119553505152421, -4.115704584710323 ]
}},

{ "type": "Feature",
    "properties": { "id": 66, "mag": 10, "place": "First Homo Sapiens 200000 ago ", "time": -16206, "title": "*90.001", "timefinal": -68950,
        "name": "200000 years ago, First Homo Sapiens ",
        "times": [
-12600, -5133
]},
    "geometry": {
        "type": "Point",
        "coordinates": [303.25281368938437, -25.52869537115795]
}},

{ "type": "Feature", "properties": { "id": 3.3, "mag": "#0000FF", "place": "(AFR-EAS to EUR)", "time": null, "title": "15000 years ago, South America", "timefinal": null, "name": "15000 years ago, South America",
  "times": [
  -12600, -12563, -12525, -12487, -12450, -12412, -12374, -12337, -12299, -12261,
  -12223, -12186, -12148, -12110, -12073, -12035, -11997, -11959, -11922, -11884,
  -11846, -11809, -11771, -11733, -11695, -11658, -11620, -11582, -11545, -11507,
  -11469, -11431, -11394, -11356, -11318, -11281, -11243, -11205, -11167, -11130,
  -11092, -11054, -11017, -10979, -10941, -10903, -10866, -10828, -10790, -10753,
  -10715, -10677, -10639, -10602, -10564, -10526, -10489, -10451, -10413, -10375,
  -10338, -10300, -10262, -10225, -10187, -10149, -10111, -10074, -10036,  -9998,
  -9961,  -9923,  -9885,  -9848,  -9810,  -9772,  -9734,  -9697,  -9659,  -9621,
  -9584,  -9546,  -9508,  -9470,  -9433,  -9395,  -9357,  -9320,  -9282,  -9244,
  -9206,  -9169,  -9131,  -9093,  -9056,  -9018,  -8980,  -8942,  -8905,  -8867,
  -8829,  -8792,  -8754,  -8716,  -8678,  -8641,  -8603,  -8565,  -8528,  -8490,
  -8452,  -8414,  -8377,  -8339,  -8301,  -8264,  -8226,  -8188,  -8150,  -8113,
  -8075,  -8037,  -8000,  -7962,  -7924,  -7886,  -7849,  -7811,  -7773,  -7736,
  -7698,  -7660,  -7622,  -7585,  -7547,  -7509,  -7472,  -7434,  -7396,  -7359,
  -7321,  -7283,  -7245,  -7208,  -7170,  -7132,  -7095,  -7057,  -7019,  -6981,
  -6944,  -6906,  -6868,  -6831,  -6793,  -6755,  -6717,  -6680,  -6642,  -6604,
  -6567,  -6529,  -6491,  -6453,  -6416,  -6378,  -6340,  -6303,  -6265,  -6227,
  -6189,  -6152,  -6114,  -6076,  -6039,  -6001,  -5963,  -5925,  -5888,  -5850,
  -5812,  -5775,  -5737,  -5699,  -5661,  -5624,  -5586,  -5548,  -5511,  -5473,
  -5435,  -5397,  -5360,  -5322,  -5284,  -5247,  -5209,  -5171,  -5133
]},
 "geometry":
 { "type": "LineString", "coordinates": [ [ 39.025585150166158, 10.940748900920234 ], [ 38.482587258028062, 11.46889733883221 ], [ 37.957422737560073, 12.014781676193991 ], [ 37.450670574018815, 12.577800084491207 ], [ 36.962889453339855, 13.157331845177762 ], [ 36.494617146195665, 13.752738034007823 ], [ 36.267958985628624, 14.056189569978946 ], [ 35.829911013433076, 14.674171331352737 ], [ 35.412620944890165, 15.306355230254574 ], [ 35.016548835445377, 15.952044294321203 ], [ 34.826606899680414, 16.279731366804576 ], [ 34.600373212923117, 16.63974342907014 ], [ 34.386776165772943, 17.00739362619953 ], [ 34.090633527035472, 17.572218163236457 ], [ 33.909720936223238, 17.957005117908988 ], [ 33.663671177872601, 18.545381474107092 ], [ 33.516805906295687, 18.944406483354879 ], [ 33.383884012046074, 19.34829029836812 ], [ 33.265065793475323, 19.756545851834613 ], [ 33.160494540480698, 20.168680804304906 ], [ 33.030621848242681, 20.793068747756902 ], [ 32.933436863498088, 21.423372086521312 ], [ 32.869203255603765, 22.05788076552755 ], [ 32.838095294629561, 22.694873320336001 ], [ 32.835805176160086, 23.120061656674089 ], [ 32.848279693961487, 23.54507312993826 ], [ 32.894637390774335, 24.181137736769649 ], [ 32.974051729999275, 24.81392568137893 ], [ 33.028004478747619, 25.223432293101428 ], [ 33.142494141886189, 26.017553020221339 ], [ 33.310647420715711, 26.802065663220748 ], [ 33.53168795896427, 27.57334816182799 ], [ 33.661731450355198, 27.952912463711897 ], [ 33.804595222215795, 28.327839538764536 ], [ 33.960114328001957, 28.697696506595658 ], [ 34.128109209672466, 29.062056340620039 ], [ 34.308385905001657, 29.420498361090502 ], [ 34.500736271522847, 29.772608720803085 ], [ 34.704938226843858, 30.117980882913521 ], [ 34.811410400633939, 30.288015211722978 ], [ 35.032943475985959, 30.622534965164885 ], [ 35.386229197690682, 31.109722264076574 ], [ 35.525798644832143, 31.311892203370952 ], [ 35.695268180566153, 31.592167867048008 ], [ 35.845005448963818, 31.883463458577168 ], [ 35.974297456109142, 32.184391935261999 ], [ 36.082528560916472, 32.493520386142372 ], [ 36.169183406587351, 32.809376854990603 ], [ 36.257836172272292, 33.292479608053881 ], [ 36.283300978086061, 33.536823338471777 ], [ 36.297527995571755, 33.864041863566214 ], [ 36.283532815027257, 34.273166432895508 ], [ 36.220301523228883, 34.760248958365686 ], [ 36.169873337811048, 35.000684631769474 ], [ 36.0834174035339, 35.316595604386414 ], [ 36.004386857217924, 35.549203617315172 ], [ 35.88049712537719, 35.852396139544773 ], [ 35.65993187332208, 36.405066672654883 ], [ 35.529321658030696, 36.787913374981898 ], [ 35.3792004266272, 37.163538509528344 ], [ 35.268474156088544, 37.409451755158365 ], [ 35.086742015352165, 37.770843585232747 ], [ 34.886669556811725, 38.122413830211919 ], [ 34.668786006093768, 38.463232527098796 ], [ 34.513917972619851, 38.684025469856515 ], [ 34.181936572933395, 39.109040007641582 ], [ 34.005213542164398, 39.312761881183704 ], [ 33.821609894693829, 39.510305122017691 ], [ 33.533777647055615, 39.794529017988218 ], [ 33.127998985948992, 40.149765115896287 ], [ 32.916214774195744, 40.316741398690425 ], [ 32.698830363311039, 40.476358594718924 ], [ 32.250097993901726, 40.702663887279421 ], [ 31.733819012458632, 40.904307033752616 ], [ 31.384077608618487, 41.023610635343424 ], [ 31.030387679386198, 41.130642559890603 ], [ 30.673179667065305, 41.225272549039758 ], [ 30.131723241791754, 41.343716142068345 ], [ 29.767630001203038, 41.406870801993172 ], [ 29.033945131253883, 41.494904445266158 ], [ 28.665246399822923, 41.519676291257369 ], [ 28.295907973338768, 41.531572745973968 ], [ 27.742569947579792, 41.629608649654429 ], [ 27.37567558458268, 41.732689239745156 ], [ 27.010559164017121, 41.841900416306451 ], [ 26.647323116545934, 41.957211540965005 ], [ 26.286069345307425, 42.078590264052949 ], [ 25.926899197327216, 42.20600253368341 ], [ 25.569913435086129, 42.339412605303423 ], [ 25.215212208251994, 42.478783051721848 ], [ 24.862895025583452, 42.624074773609259 ], [ 24.513060727013489, 42.775247010466991 ], [ 24.165807455920657, 42.93225735206218 ], [ 23.821232631595674, 43.095061750325613 ], [ 23.479432921911197, 43.263614531709131 ], [ 23.140504216202356, 43.437868409998941 ], [ 22.804541598365731, 43.617774499581472 ], [ 22.471639320184288, 43.803282329157796 ], [ 22.141890774885738, 43.994339855903021 ], [ 21.815388470941777, 44.190893480066492 ], [ 21.407289774069312, 44.412769663424442 ], [ 21.002903674261155, 44.641342342046343 ], [ 20.602340044611474, 44.876549411949256 ], [ 20.205707719636184, 45.118326966563302 ], [ 19.81311446570222, 45.366609314095271 ], [ 19.424666951747007, 45.621328995377382 ], [ 19.040470720296156, 45.882416802196104 ], [ 18.660630158787214, 46.14980179609632 ], [ 18.285248471207204, 46.423411327655501 ], [ 17.914427650051788, 46.703171056222828 ], [ 17.548268448613513, 46.989004970117819 ], [ 17.350408188284831, 47.210744925808378 ], [ 17.24864299736231, 47.319026070991839 ], [ 17.039593452666274, 47.530250071591603 ], [ 16.600297194870645, 47.930478948221911 ], [ 16.370571796317527, 48.119008871116385 ], [ 16.014150998499915, 48.386690683988768 ], [ 15.769059881464131, 48.554761011284036 ], [ 15.390934379078299, 48.790791607828325 ], [ 15.132294415892389, 48.937156426040133 ], [ 15.001122078144652, 49.006976038582266 ], [ 14.735267271618948, 49.139786100001444 ], [ 14.464995772868805, 49.263360399636667 ], [ 13.91249048826473, 49.48222626332165 ], [ 13.416681951584597, 49.749954041941905 ], [ 12.902807676761682, 50.034683682066607 ], [ 12.655253043302702, 50.179196415899547 ], [ 12.153256215274405, 50.456047188573521 ], [ 11.642519709396684, 50.716422662158244 ], [ 11.123584053892909, 50.960047273245713 ], [ 10.59699845439982, 51.186663186383242 ], [ 10.063320212726232, 51.396030566948646 ] ]
 }},


{ "type": "Feature",
    "properties": { "id": 66, "mag": 10, "place": "First Homo Sapiens 200000 ago(AFR-EAS to EUR) ", "time": -16206, "title": "*183.001", "timefinal": -68950,
        "name": "200000 years ago, First Homo Sapiens ",
        "times": [
-12600, -12563, -12525, -12487, -12450, -12412, -12374, -12337, -12299, -12261,
  -12223, -12186, -12148, -12110, -12073, -12035, -11997, -11959, -11922, -11884,
  -11846, -11809, -11771, -11733, -11695, -11658, -11620, -11582, -11545, -11507,
  -11469, -11431, -11394, -11356, -11318, -11281, -11243, -11205, -11167, -11130,
  -11092, -11054, -11017, -10979, -10941, -10903, -10866, -10828, -10790, -10753,
  -10715, -10677, -10639, -10602, -10564, -10526, -10489, -10451, -10413, -10375,
  -10338, -10300, -10262, -10225, -10187, -10149, -10111, -10074, -10036,  -9998,
  -9961,  -9923,  -9885,  -9848,  -9810,  -9772,  -9734,  -9697,  -9659,  -9621,
  -9584,  -9546,  -9508,  -9470,  -9433,  -9395,  -9357,  -9320,  -9282,  -9244,
  -9206,  -9169,  -9131,  -9093,  -9056,  -9018,  -8980,  -8942,  -8905,  -8867,
  -8829,  -8792,  -8754,  -8716,  -8678,  -8641,  -8603,  -8565,  -8528,  -8490,
  -8452,  -8414,  -8377,  -8339,  -8301,  -8264,  -8226,  -8188,  -8150,  -8113,
  -8075,  -8037,  -8000,  -7962,  -7924,  -7886,  -7849,  -7811,  -7773,  -7736,
  -7698,  -7660,  -7622,  -7585,  -7547,  -7509,  -7472,  -7434,  -7396,  -7359,
  -7321,  -7283,  -7245,  -7208,  -7170,  -7132,  -7095,  -7057,  -7019,  -6981
]},
    "geometry": {
        "type": "Point",
        "coordinates": [39.115585150166158, 10.110748900920234]
}},
{ "type": "Feature",
    "properties": { "id": 66, "mag": 10, "place": "First Homo Sapiens 200000 ago(AFR-EAS to EUR) ", "time": -16206, "title": "*183.001", "timefinal": -68950,
        "name": "200000 years ago, First Homo Sapiens ",
        "times": [
   -6944,  -6906,  -6868,  -6831,  -6793,  -6755,  -6717,  -6680,  -6642,  -6604,
  -6567,  -6529,  -6491,  -6453,  -6416,  -6378,  -6340,  -6303,  -6265,  -6227,
  -6189,  -6152,  -6114,  -6076,  -6039,  -6001,  -5963,  -5925,  -5888,  -5850,
  -5812,  -5775,  -5737,  -5699,  -5661,  -5624,  -5586,  -5548,  -5511,  -5473,
  -5435,  -5397,  -5360,  -5322,  -5284,  -5247,  -5209,  -5171,  -5133
]},
    "geometry": {
        "type": "Point",
        "coordinates": [ 10.113320212726232, 51.116030566948646 ]
}},
{ "type": "Feature", "properties": { "id": 3.3, "mag": "#0000FF", "place": "(AFR-EAS to EAS)", "time": null, "title": "15000 years ago, South America", "timefinal": null, "name": "15000 years ago, South America",
"times": [
      -12600, -12418, -12236, -12054, -11872, -11690, -11508, -11326, -11143, -10961,
  -10779, -10597, -10415, -10233, -10051,  -9869,  -9686,  -9504,  -9322,  -9140,
   -8958,  -8776,  -8594,  -8412,  -8229,  -8047,  -7865,  -7683,  -7501,  -7319,
   -7137,  -6955,  -6772,  -6590,  -6408,  -6226,  -6044,  -5862,  -5680,  -5498,
   -5315,  -5133
]},
 "geometry":
 { "type": "LineString", "coordinates":  [ [ 38.854273250118922, 1.7335961478081 ], [ 37.61137502458682, 3.331608152063659 ], [ 37.433818135225096, 3.686721930787115 ], [ 37.256261245863371, 4.041835709510579 ], [ 34.237794126713979, 11.32166817334145 ], [ 34.060237237352254, 11.676781952064907 ], [ 34.060237237352254, 12.031895730788371 ], [ 33.882680347990515, 12.742123288235284 ], [ 33.70512345862879, 13.274793956320465 ], [ 33.527566569267066, 13.629907735043929 ], [ 33.350009679905341, 14.16257840312911 ], [ 31.929554565011504, 22.507752203130359 ], [ 32.284668343734964, 24.283321096747649 ], [ 32.462225233096689, 24.638434875471106 ], [ 32.639782122458428, 24.993548654194562 ], [ 33.172452790543602, 26.414003769088392 ], [ 33.350009679905341, 26.769117547811849 ], [ 33.70512345862879, 27.124231326535305 ], [ 33.882680347990515, 27.656901994620494 ], [ 41.162512811821401, 33.516279343557542 ], [ 41.695183479906589, 33.693836232919267 ], [ 42.227854147991764, 33.871393122280999 ], [ 42.582967926715227, 34.048950011642724 ], [ 42.938081705438691, 34.226506901004456 ], [ 43.470752373523865, 34.40406379036618 ], [ 44.003423041609054, 34.581620679727912 ], [ 44.358536820332517, 34.759177569089644 ], [ 44.713650599055967, 34.759177569089644 ], [ 45.068764377779431, 34.936734458451369 ], [ 67.973603105442422, 37.600087798877297 ], [ 68.328716884165885, 37.600087798877297 ], [ 69.038944441612799, 37.422530909515572 ], [ 69.394058220336262, 37.422530909515572 ], [ 69.926728888421451, 37.422530909515572 ], [ 70.2818426671449, 37.422530909515572 ], [ 70.814513335230089, 37.422530909515572 ], [ 71.169627113953538, 37.422530909515572 ], [ 79.337244024593062, 37.600087798877297 ], [ 80.047471582039975, 37.777644688239029 ], [ 100.999184526723965, 35.291848237174825 ], [ 106.325891207575822, 34.40406379036618 ], [ 108.456573879916576, 33.693836232919267 ] ]
 }},

{ "type": "Feature",
    "properties": { "id": 66, "mag": 10, "place": "First Homo Sapiens 200000 ago(AFR-EAS to EAS) ", "time": -16206, "title": "*182.001", "timefinal": -68950,
        "name": "200000 years ago, First Homo Sapiens ",
        "times": [
-12600, -12418, -12236, -12054, -11872, -11690, -11508, -11326, -11143, -10961,
  -10779, -10597, -10415, -10233, -10051,  -9869,  -9686,  -9504,  -9322,  -9140,
   -8958,  -8776,  -8594,  -8412,  -8229,  -8047,  -7865,  -7683,  -7501,  -7319,
   -7137,  -6955,  -6772,  -6590,  -6408,  -6226,  -6044
]},
    "geometry": {
        "type": "Point",
        "coordinates": [38.425673250118922, 1.425696147808156]
}},
{ "type": "Feature",
    "properties": { "id": 66, "mag": 10, "place": "First Homo Sapiens 200000 ago(AFR-EAS to EAS) ", "time": -16206, "title": "*182.001", "timefinal": -68950,
        "name": "200000 years ago, First Homo Sapiens ",
        "times": [
-5862,  -5680,  -5498, -5315,  -5133
]},
    "geometry": {
        "type": "Point",
        "coordinates": [ 108.425673879916576, 33.425636232919267 ]
}},
{ "type": "Feature", "properties": { "id": 3.3, "mag": "#0000FF", "place": "(AFR-EAS to EAS)", "time": null, "title": "15000 years ago, South America", "timefinal": null, "name": "15000 years ago, South America",
"times": [
      -12600, -12418, -12236, -12054, -11872, -11690, -11508, -11326, -11143, -10961,
  -10779, -10597, -10415, -10233, -10051,  -9869,  -9686,  -9504,  -9322,  -9140,
   -8958,  -8776,  -8594,  -8412,  -8229,  -8047,  -7865,  -7683,  -7501,  -7319,
   -7137,  -6955,  -6772,  -6590,  -6408,  -6226,  -6044,  -5862,  -5680,  -5498,
   -5315,  -5133
]},
 "geometry":
 { "type": "LineString", "coordinates":  [ [ 38.854273250118922, 1.7335961478081 ], [ 37.61137502458682, 3.331608152063659 ], [ 37.433818135225096, 3.686721930787115 ], [ 37.256261245863371, 4.041835709510579 ], [ 34.237794126713979, 11.32166817334145 ], [ 34.060237237352254, 11.676781952064907 ], [ 34.060237237352254, 12.031895730788371 ], [ 33.882680347990515, 12.742123288235284 ], [ 33.70512345862879, 13.274793956320465 ], [ 33.527566569267066, 13.629907735043929 ], [ 33.350009679905341, 14.16257840312911 ], [ 31.929554565011504, 22.507752203130359 ], [ 32.284668343734964, 24.283321096747649 ], [ 32.462225233096689, 24.638434875471106 ], [ 32.639782122458428, 24.993548654194562 ], [ 33.172452790543602, 26.414003769088392 ], [ 33.350009679905341, 26.769117547811849 ], [ 33.70512345862879, 27.124231326535305 ], [ 33.882680347990515, 27.656901994620494 ], [ 41.162512811821401, 33.516279343557542 ], [ 41.695183479906589, 33.693836232919267 ], [ 42.227854147991764, 33.871393122280999 ], [ 42.582967926715227, 34.048950011642724 ], [ 42.938081705438691, 34.226506901004456 ], [ 43.470752373523865, 34.40406379036618 ], [ 44.003423041609054, 34.581620679727912 ], [ 44.358536820332517, 34.759177569089644 ], [ 44.713650599055967, 34.759177569089644 ], [ 45.068764377779431, 34.936734458451369 ], [ 67.973603105442422, 37.600087798877297 ], [ 68.328716884165885, 37.600087798877297 ], [ 69.038944441612799, 37.422530909515572 ], [ 69.394058220336262, 37.422530909515572 ], [ 69.926728888421451, 37.422530909515572 ], [ 70.2818426671449, 37.422530909515572 ], [ 70.814513335230089, 37.422530909515572 ], [ 71.169627113953538, 37.422530909515572 ], [ 79.337244024593062, 37.600087798877297 ], [ 80.047471582039975, 37.777644688239029 ], [ 100.999184526723965, 35.291848237174825 ], [ 106.325891207575822, 34.40406379036618 ], [ 108.456573879916576, 33.693836232919267 ] ]
 }},

{ "type": "Feature",
    "properties": { "id": 66, "mag": 10, "place": "First Homo Sapiens 200000 ago(AFR-EAS to EAS) ", "time": -16206, "title": "*10.007", "timefinal": -68950,
        "name": "200000 years ago, First Homo Sapiens ",
        "times": [
-12600, -12418, -12236, -12054, -11872, -11690, -11508, -11326, -11143, -10961,
  -10779, -10597, -10415, -10233, -10051,  -9869,  -9686,  -9504,  -9322,  -9140,
   -8958,  -8776,  -8594,  -8412,  -8229,  -8047,  -7865,  -7683,  -7501,  -7319,
   -7137,  -6955,  -6772,  -6590,  -6408,  -6226,  -6044
]},
    "geometry": {
        "type": "Point",
        "coordinates": [38.321473250118922, 1.321496147808156]
}},
{ "type": "Feature",
    "properties": { "id": 66, "mag": 10, "place": "First Homo Sapiens 200000 ago(AFR-EAS to EAS) ", "time": -16206, "title": "*10.007", "timefinal": -68950,
        "name": "200000 years ago, First Homo Sapiens ",
        "times": [
-5862,  -5680,  -5498, -5315,  -5133
]},
    "geometry": {
        "type": "Point",
        "coordinates": [ 108.321473879916576, 33.321436232919267 ]
}},

{ "type": "Feature",
    "properties": { "id": 66, "mag": 10, "place": "First Homo Sapiens 200000 ago ", "time": -16206, "title": "*10.006", "timefinal": -68950,
        "name": "200000 years ago, First Homo Sapiens ",
        "times": [
-12600, -5133
]},
    "geometry": {
        "type": "Point",
        "coordinates": [41.311192404502063, 7.321925220835992]
}},
{ "type": "Feature",
    "properties": { "id": 66, "mag": 10, "place": "First Homo Sapiens 200000 ago ", "time": -16206, "title": "*81.001", "timefinal": -68950,
        "name": "200000 years ago, First Homo Sapiens ",
        "times": [
-12690, -5170
]},
    "geometry": {
        "type": "Point",
        "coordinates": [116.452225365550419, 44.213869240048069]
}},
{ "type": "Feature",
    "properties": { "id": 66, "mag": 10, "place": "First Homo Sapiens 200000 ago ", "time": -16206, "title": "*6.004", "timefinal": -68950,
        "name": "200000 years ago, First Homo Sapiens ",
        "times": [
-12870, -5243
]},
    "geometry": {
        "type": "Point",
        "coordinates": [19.685996268988155, 50.398756691772538]
}},

 { "type": "Feature",
    "properties": { "id": 66, "mag": 10, "place": "First Homo Sapiens 200000 ago ", "time": -16206, "title": "*107.001", "timefinal": -68950,
        "name": "200000 years ago, First Homo Sapiens ",
        "times": [
-91931, -84221,
 -77338, -70910, -58601, -57187, -56189, -54568, -50068, -49769, -48828,
 -47621, -47273, -46775, -46251, -44692, -44508, -44324, -43872, -43458, -40054, -39815, -39445, -38677, -37908, -37819, -37453
]},
    "geometry": {
        "type": "Point",
        "coordinates": [19.727192404502063, 10.245925220835992]
}},


 { "type": "Feature",
    "properties": { "id": 66, "mag": 10, "place": "First Homo Sapiens 200000 ago ", "time": -16206, "title": "*155.001", "timefinal": -68950,
        "name": "200000 years ago, First Homo Sapiens ",
        "times": [
-91931, -84221,
 -77338, -70910, -58601, -57187, -56189, -54568, -50068, -49769, -48828,
 -47621, -47273, -46775, -46251, -44692, -44508, -44324, -43872, -43458, -40054, -39815, -39445, -38677, -37908, -37819, -37453
]},
    "geometry": {
        "type": "Point",
        "coordinates": [19.727192404502063, 8.245925220835992]
}},
 { "type": "Feature",
    "properties": { "id": 66, "mag": 10, "place": "First Homo Sapiens 200000 ago ", "time": -16206, "title": "*17.003", "timefinal": -68950,
        "name": "200000 years ago, First Homo Sapiens ",
        "times": [
-91931, -84221,
 -77338, -70910, -58601, -57187, -56189, -54568, -50068, -49769, -48828,
 -47621, -47273, -46775, -46251, -44692, -44508, -44324, -43872, -43458, -40054, -39815, -39445, -38677, -37908, -37819, -37453
]},
    "geometry": {
        "type": "Point",
        "coordinates": [19.727192404502063, 7.245925220835992]
}},
 { "type": "Feature",
    "properties": { "id": 66, "mag": 10, "place": "First Homo Sapiens 200000 ago ", "time": -16206, "title": "*2.022", "timefinal": -68950,
        "name": "200000 years ago, First Homo Sapiens ",
        "times": [
-90542, -84221,
 -77338, -70910, -58601, -57187, -56189, -54568, -50068, -49769, -48828,
 -47621, -47273, -46775, -46251, -44692, -44508, -44324, -43872, -43458, -40054, -39815, -39445, -38677, -37908, -37819, -37453, -36887
]},
    "geometry": {
        "type": "Point",
        "coordinates": [19.727192404502063, 6.245925220835992]
}},
 { "type": "Feature",
    "properties": { "id": 66, "mag": 10, "place": "First Homo Sapiens 200000 ago ", "time": -16206, "title": "*162.001", "timefinal": -68950,
        "name": "200000 years ago, First Homo Sapiens ",
        "times": [
-90542, -84221,
 -77338, -70910, -58601, -57187, -56189, -54568, -50068, -49769, -48828,
 -47621, -47273, -46775, -46251, -44692, -44508, -44324, -43872, -43458, -40054, -39815, -39445, -38677, -37908, -37819, -37453, -36887
]},
    "geometry": {
        "type": "Point",
        "coordinates": [19.727192404502063, 5.245925220835992]
}},
 { "type": "Feature",
    "properties": { "id": 66, "mag": 10, "place": "First Homo Sapiens 200000 ago ", "time": -16206, "title": "*45.002", "timefinal": -68950,
        "name": "200000 years ago, First Homo Sapiens ",
        "times": [
-90542, -84221,
 -77338, -70910, -58601, -57187, -56189, -54568, -50068, -49769, -48828,
 -47621, -47273, -46775, -46251, -44692, -44508, -44324, -43872, -43458, -40054, -39815, -39445, -38677, -37908, -37819, -37453, -36887
]},
    "geometry": {
        "type": "Point",
        "coordinates": [19.727192404502063, 4.245925220835992]
}},
 { "type": "Feature",
    "properties": { "id": 66, "mag": 10, "place": "First Homo Sapiens 200000 ago ", "time": -16206, "title": "*1.046", "timefinal": -68950,
        "name": "200000 years ago, First Homo Sapiens ",
        "times": [
-90542, -84221,
 -77338, -70910, -58601, -57187, -56189, -54568, -50068, -49769, -48828,
 -47621, -47273, -46775, -46251, -44692, -44508, -44324, -43872, -43458, -40054, -39815, -39445, -38677, -37908, -37819, -37453, -36887
]},
    "geometry": {
        "type": "Point",
        "coordinates": [19.727192404502063, 12.245925220835992]
}},
 { "type": "Feature",
    "properties": { "id": 66, "mag": 10, "place": "First Homo Sapiens 200000 ago ", "time": -16206, "title": "*1.059", "timefinal": -68950,
        "name": "200000 years ago, First Homo Sapiens ",
        "times": [
-90542, -84221,
 -77338, -70910, -58601, -57187, -56189, -54568, -50068, -49769, -48828,
 -47621, -47273, -46775, -46251, -44692, -44508, -44324, -43872, -43458, -40054, -39815, -39445, -38677, -37908, -37819, -37453, -36887
]},
    "geometry": {
        "type": "Point",
        "coordinates": [19.727192404502063, 13.245925220835992]
}},
 { "type": "Feature",
    "properties": { "id": 66, "mag": 10, "place": "First Homo Sapiens 200000 ago ", "time": -16206, "title": "*1.045", "timefinal": -68950,
        "name": "200000 years ago, First Homo Sapiens ",
        "times": [
-90542, -84221,
 -77338, -70910, -58601, -57187, -56189, -54568, -50068, -49769, -48828,
 -47621, -47273, -46775, -46251, -44692, -44508, -44324, -43872, -43458, -40054, -39815, -39445, -38677, -37908, -37819, -37453, -36887
]},
    "geometry": {
        "type": "Point",
        "coordinates": [19.727192404502063, 14.245925220835992]
}},

 { "type": "Feature",
    "properties": { "id": 66, "mag": 10, "place": "First Homo Sapiens 200000 ago ", "time": -16206, "title": "*2.031", "timefinal": -68950,
        "name": "200000 years ago, First Homo Sapiens ",
        "times": [
-90542, -84221,
 -77338, -70910, -58601, -57187, -56189, -54568, -50068, -49769, -48828,
 -47621, -47273, -46775, -46251, -44692, -44508, -44324, -43872, -43458, -40054, -39815, -39445, -38677, -37908, -37819, -37453, -36887
]},
    "geometry": {
        "type": "Point",
        "coordinates": [19.727192404502063, 16.245925220835992]
}},
 { "type": "Feature",
    "properties": { "id": 66, "mag": 10, "place": "First Homo Sapiens 200000 ago ", "time": -16206, "title": "*1.056", "timefinal": -68950,
        "name": "200000 years ago, First Homo Sapiens ",
        "times": [
-90542, -84221,
 -77338, -70910, -58601, -57187, -56189, -54568, -50068, -49769, -48828,
 -47621, -47273, -46775, -46251, -44692, -44508, -44324, -43872, -43458, -40054, -39815, -39445, -38677, -37908, -37819, -37453, -36887
]},
    "geometry": {
        "type": "Point",
        "coordinates": [19.727192404502063, 17.245925220835992]
}},


 { "type": "Feature",
    "properties": { "id": 66, "mag": 10, "place": "First Homo Sapiens 200000 ago ", "time": -16206, "title": "*1.048", "timefinal": -68950,
        "name": "200000 years ago, First Homo Sapiens ",
        "times": [
-90542, -84221,
 -77338, -70910, -58601, -57187, -56189, -54568, -50068, -49769, -48828,
 -47621, -47273, -46775, -46251, -44692, -44508, -44324, -43872, -43458, -40054, -39815, -39445, -38677, -37908, -37819, -37453, -36887
]},
    "geometry": {
        "type": "Point",
        "coordinates": [25.727192404502063, 14.245925220835992]
}},
 { "type": "Feature",
    "properties": { "id": 66, "mag": 10, "place": "First Homo Sapiens 200000 ago ", "time": -16206, "title": "*125.001", "timefinal": -68950,
        "name": "200000 years ago, First Homo Sapiens ",
        "times": [
-90542, -84221,
 -77338, -70910, -58601, -57187, -56189, -54568, -50068, -49769, -48828,
 -47621, -47273, -46775, -46251, -44692, -44508, -44324, -43872, -43458, -40054, -39815, -39445, -38677, -37908, -37819, -37453, -36887
]},
    "geometry": {
        "type": "Point",
        "coordinates": [25.727192404502063, 15.245925220835992]
}},
 { "type": "Feature",
    "properties": { "id": 66, "mag": 10, "place": "First Homo Sapiens 200000 ago ", "time": -16206, "title": "*84.001", "timefinal": -68950,
        "name": "200000 years ago, First Homo Sapiens ",
        "times": [
-90542, -84221,
 -77338, -70910, -58601, -57187, -56189, -54568, -50068, -49769, -48828,
 -47621, -47273, -46775, -46251, -44692, -44508, -44324, -43872, -43458, -40054, -39815, -39445, -38677, -37908, -37819, -37453, -36887
]},
    "geometry": {
        "type": "Point",
        "coordinates": [25.727192404502063, 16.245925220835992]
}},
 { "type": "Feature",
    "properties": { "id": 66, "mag": 10, "place": "First Homo Sapiens 200000 ago ", "time": -16206, "title": "*1.008", "timefinal": -68950,
        "name": "200000 years ago, First Homo Sapiens ",
        "times": [
-90542, -84221,
 -77338, -70910, -58601, -57187, -56189, -54568, -50068, -49769, -48828,
 -47621, -47273, -46775, -46251, -44692, -44508, -44324, -43872, -43458, -40054, -39815, -39445, -38677, -37908, -37819, -37453, -36887
]},
    "geometry": {
        "type": "Point",
        "coordinates": [25.727192404502063, 17.245925220835992]
}},
 { "type": "Feature",
    "properties": { "id": 66, "mag": 10, "place": "First Homo Sapiens 200000 ago ", "time": -16206, "title": "*1.043", "timefinal": -68950,
        "name": "200000 years ago, First Homo Sapiens ",
        "times": [
-90542, -84221,
 -77338, -70910, -58601, -57187, -56189, -54568, -50068, -49769, -48828,
 -47621, -47273, -46775, -46251, -44692, -44508, -44324, -43872, -43458, -40054, -39815, -39445, -38677, -37908, -37819, -37453, -36887
]},
    "geometry": {
        "type": "Point",
        "coordinates": [25.727192404502063, 18.245925220835992]
}},
 { "type": "Feature",
    "properties": { "id": 66, "mag": 10, "place": "First Homo Sapiens 200000 ago ", "time": -16206, "title": "*149.001", "timefinal": -68950,
        "name": "200000 years ago, First Homo Sapiens ",
        "times": [
-90542, -84221,
 -77338, -70910, -58601, -57187, -56189, -54568, -50068, -49769, -48828,
 -47621, -47273, -46775, -46251, -44692, -44508, -44324, -43872, -43458, -40054, -39815, -39445, -38677, -37908, -37819, -37453, -36887
]},
    "geometry": {
        "type": "Point",
        "coordinates": [25.727192404502063, 19.245925220835992]
}},
 { "type": "Feature",
    "properties": { "id": 66, "mag": 10, "place": "First Homo Sapiens 200000 ago ", "time": -16206, "title": "*164.001", "timefinal": -68950,
        "name": "200000 years ago, First Homo Sapiens ",
        "times": [
-90542, -84221,
 -77338, -70910, -58601, -57187, -56189, -54568, -50068, -49769, -48828,
 -47621, -47273, -46775, -46251, -44692, -44508, -44324, -43872, -43458, -40054, -39815, -39445, -38677, -37908, -37819, -37453, -36887
]},
    "geometry": {
        "type": "Point",
        "coordinates": [25.727192404502063, 12.245925220835992]
}},
 { "type": "Feature",
    "properties": { "id": 66, "mag": 10, "place": "First Homo Sapiens 200000 ago ", "time": -16206, "title": "*2.017", "timefinal": -68950,
        "name": "200000 years ago, First Homo Sapiens ",
        "times": [
-90542, -84221,
 -77338, -70910, -58601, -57187, -56189, -54568, -50068, -49769, -48828,
 -47621, -47273, -46775, -46251, -44692, -44508, -44324, -43872, -43458, -40054, -39815, -39445, -38677, -37908, -37819, -37453, -36887
]},
    "geometry": {
        "type": "Point",
        "coordinates": [25.727192404502063, 11.245925220835992]
}},
 { "type": "Feature",
    "properties": { "id": 66, "mag": 10, "place": "First Homo Sapiens 200000 ago ", "time": -16206, "title": "*27.002", "timefinal": -68950,
        "name": "200000 years ago, First Homo Sapiens ",
        "times": [
-90542, -84221,
 -77338, -70910, -58601, -57187, -56189, -54568, -50068, -49769, -48828,
 -47621, -47273, -46775, -46251, -44692, -44508, -44324, -43872, -43458, -40054, -39815, -39445, -38677, -37908, -37819, -37453, -36887
]},
    "geometry": {
        "type": "Point",
        "coordinates": [25.727192404502063, 10.245925220835992]
}},
 { "type": "Feature",
    "properties": { "id": 66, "mag": 10, "place": "First Homo Sapiens 200000 ago ", "time": -16206, "title": "*2.028", "timefinal": -68950,
        "name": "200000 years ago, First Homo Sapiens ",
        "times": [
-90542, -84221,
 -77338, -70910, -58601, -57187, -56189, -54568, -50068, -49769, -48828,
 -47621, -47273, -46775, -46251, -44692, -44508, -44324, -43872, -43458, -40054, -39815, -39445, -38677, -37908, -37819, -37453, -36887
]},
    "geometry": {
        "type": "Point",
        "coordinates": [25.727192404502063, 9.245925220835992]
}},
 { "type": "Feature",
    "properties": { "id": 66, "mag": 10, "place": "First Homo Sapiens 200000 ago ", "time": -16206, "title": "*2.027", "timefinal": -68950,
        "name": "200000 years ago, First Homo Sapiens ",
        "times": [
-90542, -84221,
 -77338, -70910, -58601, -57187, -56189, -54568, -50068, -49769, -48828,
 -47621, -47273, -46775, -46251, -44692, -44508, -44324, -43872, -43458, -40054, -39815, -39445, -38677, -37908, -37819, -37453, -36887
]},
    "geometry": {
        "type": "Point",
        "coordinates": [25.727192404502063, 8.245925220835992]
}},
 { "type": "Feature",
    "properties": { "id": 66, "mag": 10, "place": "First Homo Sapiens 200000 ago ", "time": -16206, "title": "*17.007", "timefinal": -68950,
        "name": "200000 years ago, First Homo Sapiens ",
        "times": [
-90542, -84221,
 -77338, -70910, -58601, -57187, -56189, -54568, -50068, -49769, -48828,
 -47621, -47273, -46775, -46251, -44692, -44508, -44324, -43872, -43458, -40054, -39815, -39445, -38677, -37908, -37819, -37453, -36887
]},
    "geometry": {
        "type": "Point",
        "coordinates": [25.727192404502063, 7.245925220835992]
}},


 { "type": "Feature",
    "properties": { "id": 66, "mag": 10, "place": "First Homo Sapiens 200000 ago ", "time": -16206, "title": "*106.003", "timefinal": -68950,
        "name": "200000 years ago, First Homo Sapiens ",
        "times": [
-90542, -84221,
 -77338, -70910, -58601, -57187, -56189, -54568, -50068, -49769, -48828,
 -47621, -47273, -46775, -46251, -44692, -44508, -44324, -43872, -43458, -40054, -39815, -39445, -38677, -37908, -37819, -37453, -36887
]},
    "geometry": {
        "type": "Point",
        "coordinates": [27.727192404502063, 8.245925220835992]
}}, 

 { "type": "Feature",
    "properties": { "id": 66, "mag": 10, "place": "First Homo Sapiens 200000 ago ", "time": -16206, "title": "*156.001", "timefinal": -68950,
        "name": "200000 years ago, First Homo Sapiens ",
        "times": [
-90542, -84221,
 -77338, -70910, -58601, -57187, -56189, -54568, -50068, -49769, -48828,
 -47621, -47273, -46775, -46251, -44692, -44508, -44324, -43872, -43458, -40054, -39815, -39445, -38677, -37908, -37819, -37453, -36887
]},
    "geometry": {
        "type": "Point",
        "coordinates": [27.727192404502063, 10.245925220835992]
}},

 { "type": "Feature",
    "properties": { "id": 66, "mag": 10, "place": "First Homo Sapiens 200000 ago ", "time": -16206, "title": "*157.001", "timefinal": -68950,
        "name": "200000 years ago, First Homo Sapiens ",
        "times": [
-90542, -84221,
 -77338, -70910, -58601, -57187, -56189, -54568, -50068, -49769, -48828,
 -47621, -47273, -46775, -46251, -44692, -44508, -44324, -43872, -43458, -40054, -39815, -39445, -38677, -37908, -37819, -37453, -36887
]},
    "geometry": {
        "type": "Point",
        "coordinates": [27.727192404502063, 11.245925220835992]
}},



 { "type": "Feature",
    "properties": { "id": 66, "mag": 10, "place": "First Homo Sapiens 200000 ago ", "time": -16206, "title": "*1.049", "timefinal": -68950,
        "name": "200000 years ago, First Homo Sapiens ",
        "times": [
-90542, -84221,
 -77338, -70910, -58601, -57187, -56189, -54568, -50068, -49769, -48828,
 -47621, -47273, -46775, -46251, -44692, -44508, -44324, -43872, -43458, -40054, -39815, -39445, -38677, -37908, -37819, -37453, -36887
]},
    "geometry": {
        "type": "Point",
        "coordinates": [27.727192404502063, 13.245925220835992]
}},
 { "type": "Feature",
    "properties": { "id": 66, "mag": 10, "place": "First Homo Sapiens 200000 ago ", "time": -16206, "title": "*121.001", "timefinal": -68950,
        "name": "200000 years ago, First Homo Sapiens ",
        "times": [
-90542, -84221,
 -77338, -70910, -58601, -57187, -56189, -54568, -50068, -49769, -48828,
 -47621, -47273, -46775, -46251, -44692, -44508, -44324, -43872, -43458, -40054, -39815, -39445, -38677, -37908, -37819, -37453, -36887
]},
    "geometry": {
        "type": "Point",
        "coordinates": [27.727192404502063, 14.245925220835992]
}},
 { "type": "Feature",
    "properties": { "id": 66, "mag": 10, "place": "First Homo Sapiens 200000 ago ", "time": -16206, "title": "*152.001", "timefinal": -68950,
        "name": "200000 years ago, First Homo Sapiens ",
        "times": [
-90542, -84221,
 -77338, -70910, -58601, -57187, -56189, -54568, -50068, -49769, -48828,
 -47621, -47273, -46775, -46251, -44692, -44508, -44324, -43872, -43458, -40054, -39815, -39445, -38677, -37908, -37819, -37453, -36887
]},
    "geometry": {
        "type": "Point",
        "coordinates": [27.727192404502063, 15.245925220835992]
}},
 { "type": "Feature",
    "properties": { "id": 66, "mag": 10, "place": "First Homo Sapiens 200000 ago ", "time": -16206, "title": "*106.002", "timefinal": -68950,
        "name": "200000 years ago, First Homo Sapiens ",
        "times": [
-90542, -84221,
 -77338, -70910, -58601, -57187, -56189, -54568, -50068, -49769, -48828,
 -47621, -47273, -46775, -46251, -44692, -44508, -44324, -43872, -43458, -40054, -39815, -39445, -38677, -37908, -37819, -37453, -36887
]},
    "geometry": {
        "type": "Point",
        "coordinates": [27.727192404502063, 5.245925220835992]
}},
 { "type": "Feature",
    "properties": { "id": 66, "mag": 10, "place": "First Homo Sapiens 200000 ago ", "time": -16206, "title": "*163.001", "timefinal": -68950,
        "name": "200000 years ago, First Homo Sapiens ",
        "times": [
-90542, -84221,
 -77338, -70910, -58601, -57187, -56189, -54568, -50068, -49769, -48828,
 -47621, -47273, -46775, -46251, -44692, -44508, -44324, -43872, -43458, -40054, -39815, -39445, -38677, -37908, -37819, -37453, -36887
]},
    "geometry": {
        "type": "Point",
        "coordinates": [27.727192404502063, 4.245925220835992]
}},
 { "type": "Feature",
    "properties": { "id": 66, "mag": 10, "place": "First Homo Sapiens 200000 ago ", "time": -16206, "title": "*85.001", "timefinal": -68950,
        "name": "200000 years ago, First Homo Sapiens ",
        "times": [
-90542, -84221,
 -77338, -70910, -58601, -57187, -56189, -54568, -50068, -49769, -48828,
 -47621, -47273, -46775, -46251, -44692, -44508, -44324, -43872, -43458, -40054, -39815, -39445, -38677, -37908, -37819, -37453, -36887
]},
    "geometry": {
        "type": "Point",
        "coordinates": [27.727192404502063, 3.245925220835992]
}},
 { "type": "Feature",
    "properties": { "id": 66, "mag": 10, "place": "First Homo Sapiens 200000 ago ", "time": -16206, "title": "*84.002", "timefinal": -68950,
        "name": "200000 years ago, First Homo Sapiens ",
        "times": [
-90542, -84221,
 -77338, -70910, -58601, -57187, -56189, -54568, -50068, -49769, -48828,
 -47621, -47273, -46775, -46251, -44692, -44508, -44324, -43872, -43458, -40054, -39815, -39445, -38677, -37908, -37819, -37453, -36887
]},
    "geometry": {
        "type": "Point",
        "coordinates": [27.727192404502063, 2.245925220835992]
}},
 { "type": "Feature",
    "properties": { "id": 66, "mag": 10, "place": "First Homo Sapiens 200000 ago ", "time": -16206, "title": "*2.030", "timefinal": -68950,
        "name": "200000 years ago, First Homo Sapiens ",
        "times": [
-90542, -84221,
 -77338, -70910, -58601, -57187, -56189, -54568, -50068, -49769, -48828,
 -47621, -47273, -46775, -46251, -44692, -44508, -44324, -43872, -43458, -40054, -39815, -39445, -38677, -37908, -37819, -37453, -36887
]},
    "geometry": {
        "type": "Point",
        "coordinates": [27.727192404502063, 1.245925220835992]
}},
 { "type": "Feature",
    "properties": { "id": 66, "mag": 10, "place": "First Homo Sapiens 200000 ago ", "time": -16206, "title": "*42.001", "timefinal": -68950,
        "name": "200000 years ago, First Homo Sapiens ",
        "times": [
-90542, -84221,
 -77338, -70910, -58601, -57187, -56189, -54568, -50068, -49769, -48828,
 -47621, -47273, -46775, -46251, -44692, -44508, -44324, -43872, -43458, -40054, -39815, -39445, -38677, -37908, -37819, -37453, -36887
]},
    "geometry": {
        "type": "Point",
        "coordinates": [27.727192404502063, 0.245925220835992]
}},



 { "type": "Feature",
    "properties": { "id": 66, "mag": 10, "place": "First Homo Sapiens 200000 ago ", "time": -16206, "title": "*159.001", "timefinal": -68950,
        "name": "200000 years ago, First Homo Sapiens ",
        "times": [
-90542, -84221,
 -77338, -70910, -58601, -57187, -56189, -54568, -50068, -49769, -48828,
 -47621, -47273, -46775, -46251, -44692, -44508, -44324, -43872, -43458, -40054, -39815, -39445, -38677, -37908, -37819, -37453, -36887
]},
    "geometry": {
        "type": "Point",
        "coordinates": [27.727192404502063, -2.245925220835992]
}},



 { "type": "Feature",
    "properties": { "id": 66, "mag": 10, "place": "First Homo Sapiens 200000 ago ", "time": -16206, "title": "*158.001", "timefinal": -68950,
        "name": "200000 years ago, First Homo Sapiens ",
        "times": [
-90542, -84221,
 -77338, -70910, -58601, -57187, -56189, -54568, -50068, -49769, -48828,
 -47621, -47273, -46775, -46251, -44692, -44508, -44324, -43872, -43458, -40054, -39815, -39445, -38677, -37908, -37819, -37453, -36887
]},
    "geometry": {
        "type": "Point",
        "coordinates": [27.727192404502063, -4.245925220835992]
}},

 { "type": "Feature",
    "properties": { "id": 66, "mag": 10, "place": "First Homo Sapiens 200000 ago ", "time": -16206, "title": "*154.001", "timefinal": -68950,
        "name": "200000 years ago, First Homo Sapiens ",
        "times": [
-90542, -84221,
 -77338, -70910, -58601, -57187, -56189, -54568, -50068, -49769, -48828,
 -47621, -47273, -46775, -46251, -44692, -44508, -44324, -43872, -43458, -40054, -39815, -39445, -38677, -37908, -37819, -37453, -36887
]},
    "geometry": {
        "type": "Point",
        "coordinates": [27.727192404502063, -5.245925220835992]
}},
 { "type": "Feature",
    "properties": { "id": 66, "mag": 10, "place": "First Homo Sapiens 200000 ago ", "time": -16206, "title": "*83.001", "timefinal": -68950,
        "name": "200000 years ago, First Homo Sapiens ",
        "times": [
-90542, -84221,
 -77338, -70910, -58601, -57187, -56189, -54568, -50068, -49769, -48828,
 -47621, -47273, -46775, -46251, -44692, -44508, -44324, -43872, -43458, -40054, -39815, -39445, -38677, -37908, -37819, -37453, -36887
]},
    "geometry": {
        "type": "Point",
        "coordinates": [27.727192404502063, -6.245925220835992]
}},
 { "type": "Feature",
    "properties": { "id": 66, "mag": 10, "place": "First Homo Sapiens 200000 ago ", "time": -16206, "title": "*171.001", "timefinal": -68950,
        "name": "200000 years ago, First Homo Sapiens ",
        "times": [
-90542, -84221,
 -77338, -70910, -58601, -57187, -56189, -54568, -50068, -49769, -48828,
 -47621, -47273, -46775, -46251, -44692, -44508, -44324, -43872, -43458, -40054, -39815, -39445, -38677, -37908, -37819, -37453, -36887
]},
    "geometry": {
        "type": "Point",
        "coordinates": [27.727192404502063, -7.245925220835992]
}},
 { "type": "Feature",
    "properties": { "id": 66, "mag": 10, "place": "First Homo Sapiens 200000 ago ", "time": -16206, "title": "*70.001", "timefinal": -68950,
        "name": "200000 years ago, First Homo Sapiens ",
        "times": [
-90542, -84221,
 -77338, -70910, -58601, -57187, -56189, -54568, -50068, -49769, -48828,
 -47621, -47273, -46775, -46251, -44692, -44508, -44324, -43872, -43458, -40054, -39815, -39445, -38677, -37908, -37819, -37453, -36887
]},
    "geometry": {
        "type": "Point",
        "coordinates": [27.727192404502063, -8.245925220835992]
}},
 { "type": "Feature",
    "properties": { "id": 66, "mag": 10, "place": "First Homo Sapiens 200000 ago ", "time": -16206, "title": "*161.001", "timefinal": -68950,
        "name": "200000 years ago, First Homo Sapiens ",
        "times": [
-90542, -84221,
 -77338, -70910, -58601, -57187, -56189, -54568, -50068, -49769, -48828,
 -47621, -47273, -46775, -46251, -44692, -44508, -44324, -43872, -43458, -40054, -39815, -39445, -38677, -37908, -37819, -37453, -36887
]},
    "geometry": {
        "type": "Point",
        "coordinates": [27.727192404502063, -9.245925220835992]
}},
 { "type": "Feature",
    "properties": { "id": 66, "mag": 10, "place": "First Homo Sapiens 200000 ago ", "time": -16206, "title": "*103.001", "timefinal": -68950,
        "name": "200000 years ago, First Homo Sapiens ",
        "times": [
-90542, -84221,
 -77338, -70910, -58601, -57187, -56189, -54568, -50068, -49769, -48828,
 -47621, -47273, -46775, -46251, -44692, -44508, -44324, -43872, -43458, -40054, -39815, -39445, -38677, -37908, -37819, -37453, -36887
]},
    "geometry": {
        "type": "Point",
        "coordinates": [27.727192404502063, -10.245925220835992]
}},


 { "type": "Feature",
    "properties": { "id": 66, "mag": 10, "place": "First Homo Sapiens 200000 ago ", "time": -16206, "title": "*4.022", "timefinal": -68950,
        "name": "200000 years ago, First Homo Sapiens ",
        "times": [
 -87229, -86304, -84221, -82751, -80000,
   -77338, -76156, -72858, -70910, -69620, -65569, -65000, -64350, -59270, -58601, -57187, -56189, -54568, -50068, -49769, -48828,
 -47621, -47273, -46775, -46251, -44692, -44508, -44324, -43872, -43458, -40054, -39815, -39445, -38677, -37908, -37819, -37453, -36887, -35538, -35161
]},
    "geometry": {
        "type": "Point",
        "coordinates": [27.727192404502063, -11.245925220835992]
}},
 { "type": "Feature",
    "properties": { "id": 66, "mag": 10, "place": "First Homo Sapiens 200000 ago ", "time": -16206, "title": "*58.001", "timefinal": -68950,
        "name": "200000 years ago, First Homo Sapiens ",
        "times": [
-86304, -84221, -82751, -80000,
   -77338, -76156, -72858, -70910, -69620, -65569, -65000, -64350, -59270, -58601, -57187, -56189, -54568, -50068, -49769, -48828,
 -47621, -47273, -46775, -46251, -44692, -44508, -44324, -43872, -43458, -40054, -39815, -39445, -38677, -37908, -37819, -37453, -36887, -35538, -35161
]},
    "geometry": {
        "type": "Point",
        "coordinates": [27.727192404502063, -12.245925220835992]
}},


 { "type": "Feature",
    "properties": { "id": 66, "mag": 10, "place": "First Homo Sapiens 200000 ago ", "time": -16206, "title": "*43.002", "timefinal": -68950,
        "name": "200000 years ago, First Homo Sapiens ",
        "times": [
-86304, -84221, -82751, -80000,
   -77338, -76156, -72858, -70910, -69620, -65569, -65000, -64350, -59270, -58601, -57187, -56189, -54568, -50068, -49769, -48828,
 -47621, -47273, -46775, -46251, -44692, -44508, -44324, -43872, -43458, -40054, -39815, -39445, -38677, -37908, -37819, -37453, -36887, -35538, -35161
]},
    "geometry": {
        "type": "Point",
        "coordinates": [27.727192404502063, -14.245925220835992]
}},
 { "type": "Feature",
    "properties": { "id": 66, "mag": 10, "place": "First Homo Sapiens 200000 ago ", "time": -16206, "title": "*118.001", "timefinal": -68950,
        "name": "200000 years ago, First Homo Sapiens ",
        "times": [
-82751, -80000,
   -77338, -76156, -72858, -70910, -69620, -65569, -65000, -64350, -59270, -58601, -57187, -56189, -54568, -50068, -49769, -48828,
 -47621, -47273, -46775, -46251, -44692, -44508, -44324, -43872, -43458, -40054, -39815, -39445, -38677, -37908, -37819, -37453, -36887, -35538, -35161, -33713
]},
    "geometry": {
        "type": "Point",
        "coordinates": [27.727192404502063, -15.245925220835992]
}},
 { "type": "Feature",
    "properties": { "id": 66, "mag": 10, "place": "First Homo Sapiens 200000 ago ", "time": -16206, "title": "*45.004", "timefinal": -68950,
        "name": "200000 years ago, First Homo Sapiens ",
        "times": [
-82751, -80000,
   -77338, -76156, -72858, -70910, -69620, -65569, -65000, -64350, -59270, -58601, -57187, -56189, -54568, -50068, -49769, -48828,
 -47621, -47273, -46775, -46251, -44692, -44508, -44324, -43872, -43458, -40054, -39815, -39445, -38677, -37908, -37819, -37453, -36887, -35538, -35161, -33713
]},
    "geometry": {
        "type": "Point",
        "coordinates": [27.727192404502063, 16.245925220835992]
}},
 { "type": "Feature",
    "properties": { "id": 66, "mag": 10, "place": "First Homo Sapiens 200000 ago ", "time": -16206, "title": "*4.018", "timefinal": -68950,
        "name": "200000 years ago, First Homo Sapiens ",
        "times": [
-80000,
   -77338, -76156, -72858, -70910, -69620, -65569, -65000
]},
    "geometry": {
        "type": "Point",
        "coordinates": [27.727192404502063, 17.245925220835992]
}},

 { "type": "Feature",
    "properties": { "id": 66, "mag": 10, "place": "First Homo Sapiens 200000 ago ", "time": -16206, "title": "*1.022", "timefinal": -68950,
        "name": "200000 years ago, First Homo Sapiens ",
        "times": [
-76156, -72858, -70910, -69620, -65569, -65000, -64350, -59270, -58601, -57187, -56189, -54568, -50068, -49769, -48828,
 -47621, -47273, -46775, -46251, -44692, -44508, -44324, -43872, -43458, -40054, -39815, -39445, -38677, -37908, -37819, -37453, -36887, -35538, -35161, -33713,
 -31027
]},
    "geometry": {
        "type": "Point",
        "coordinates": [27.727192404502063, 19.245925220835992]
}},
 { "type": "Feature",
    "properties": { "id": 66, "mag": 10, "place": "First Homo Sapiens 200000 ago ", "time": -16206, "title": "*1.047", "timefinal": -68950,
        "name": "200000 years ago, First Homo Sapiens ",
        "times": [
-76156, -72858, -70910, -69620, -65569, -65000, -64350, -59270, -58601, -57187, -56189, -54568, -50068, -49769, -48828,
 -47621, -47273, -46775, -46251, -44692, -44508, -44324, -43872, -43458, -40054, -39815, -39445, -38677, -37908, -37819, -37453, -36887, -35538, -35161, -33713,
 -31027
]},
    "geometry": {
        "type": "Point",
        "coordinates": [26.727192404502063, 29.245925220835992]
}},
{ "type": "Feature",
    "properties": { "id": 66, "mag": 10, "place": "First Homo Sapiens 200000 ago ", "time": -16206, "title": "*46.003", "timefinal": -68950,
        "name": "200000 years ago, First Homo Sapiens ",
        "times": [
-72858, -70910, -69620, -65569, -65000, -64350, -59270, -58601, -57187, -56189, -54568, -50068, -49769, -48828,
 -47621, -47273, -46775, -46251, -44692, -44508, -44324, -43872, -43458, -40054, -39815, -39445, -38677, -37908, -37819, -37453, -36887, -35538, -35161, -33713,
 -31027, -29683
]},
    "geometry": {
        "type": "Point",
        "coordinates": [27.727192404502063, 20.245925220835992]
}},
 { "type": "Feature",
    "properties": { "id": 66, "mag": 10, "place": "First Homo Sapiens 200000 ago ", "time": -16206, "title": "*147.001", "timefinal": -68950,
        "name": "200000 years ago, First Homo Sapiens ",
        "times": [
-72858, -70910, -69620, -65569, -65000, -64350, -59270, -58601, -57187, -56189, -54568, -50068, -49769, -48828,
 -47621, -47273, -46775, -46251, -44692, -44508, -44324, -43872, -43458, -40054, -39815, -39445, -38677, -37908, -37819, -37453, -36887, -35538, -35161, -33713,
 -31027, -29683
]},
    "geometry": {
        "type": "Point",
        "coordinates": [27.727192404502063, 21.245925220835992]
}},
 { "type": "Feature",
    "properties": { "id": 66, "mag": 10, "place": "First Homo Sapiens 200000 ago ", "time": -16206, "title": "*45.001", "timefinal": -68950,
        "name": "200000 years ago, First Homo Sapiens ",
        "times": [
-72858, -70910, -69620, -65569, -65000, -64350, -59270, -58601, -57187, -56189, -54568, -50068, -49769, -48828,
 -47621, -47273, -46775, -46251, -44692, -44508, -44324, -43872, -43458, -40054, -39815, -39445, -38677, -37908, -37819, -37453, -36887, -35538, -35161, -33713,
 -31027, -29683
]},
    "geometry": {
        "type": "Point",
        "coordinates": [27.727192404502063, 22.245925220835992]
}},
 { "type": "Feature",
    "properties": { "id": 66, "mag": 10, "place": "First Homo Sapiens 200000 ago ", "time": -16206, "title": "*160.001", "timefinal": -68950,
        "name": "200000 years ago, First Homo Sapiens ",
        "times": [
-72858, -70910, -69620, -65569, -65000, -64350, -59270, -58601, -57187, -56189, -54568, -50068, -49769, -48828,
 -47621, -47273, -46775, -46251, -44692, -44508, -44324, -43872, -43458, -40054, -39815, -39445, -38677, -37908, -37819, -37453, -36887, -35538, -35161, -33713,
 -31027, -29683
]},
    "geometry": {
        "type": "Point",
        "coordinates": [27.727192404502063, 23.245925220835992]
}},



 { "type": "Feature",
    "properties": { "id": 66, "mag": 10, "place": "First Homo Sapiens 200000 ago ", "time": -16206, "title": "*115.001", "timefinal": -68950,
        "name": "200000 years ago, First Homo Sapiens ",
        "times": [
-69620, -65569, -65000, -64350, -59270, -58601, -57187, -56189, -54568, -50068, -49769, -48828,
 -47621, -47273, -46775, -46251, -44692, -44508, -44324, -43872, -43458, -40054, -39815, -39445, -38677, -37908, -37819, -37453, -36887, -35538, -35161, -33713,
 -31027, -29683, -28364
]},
    "geometry": {
        "type": "Point",
        "coordinates": [27.727192404502063, 25.245925220835992]
}},

 { "type": "Feature",
    "properties": { "id": 66, "mag": 10, "place": "First Homo Sapiens 200000 ago ", "time": -16206, "title": "*36.001", "timefinal": -68950,
        "name": "200000 years ago, First Homo Sapiens ",
        "times": [
-69620, -65569, -65000, -64350, -59270, -58601, -57187, -56189, -54568, -50068, -49769, -48828,
 -47621, -47273, -46775, -46251, -44692, -44508, -44324, -43872, -43458, -40054, -39815, -39445, -38677, -37908, -37819, -37453, -36887, -35538, -35161, -33713,
 -31027, -29683, -28364
]},
    "geometry": {
        "type": "Point",
        "coordinates": [27.727192404502063, 27.245925220835992]
}},


 { "type": "Feature",
    "properties": { "id": 66, "mag": 10, "place": "First Homo Sapiens 200000 ago ", "time": -16206, "title": "*6.001", "timefinal": -68950,
        "name": "200000 years ago, First Homo Sapiens ",
        "times": [
-64350, -59270, -58601, -57187, -56189, -54568, -50068, -49769, -48828,
 -47621, -47273, -46775, -46251, -44692, -44508, -44324, -43872, -43458, -40054, -39815, -39445, -38677, -37908, -37819, -37453, -36887, -35538, -35161, -33713,
 -31027, -29683, -28364, -26713
]},
    "geometry": {
        "type": "Point",
        "coordinates": [29.727192404502063, 24.245925220835992]
}},
 { "type": "Feature",
    "properties": { "id": 66, "mag": 10, "place": "First Homo Sapiens 200000 ago ", "time": -16206, "title": "*141.001", "timefinal": -68950,
        "name": "200000 years ago, First Homo Sapiens ",
        "times": [
-64350, -59270, -58601, -57187, -56189, -54568, -50068, -49769, -48828,
 -47621, -47273, -46775, -46251, -44692, -44508, -44324, -43872, -43458, -40054, -39815, -39445, -38677, -37908, -37819, -37453, -36887, -35538, -35161, -33713,
 -31027, -29683, -28364, -26713
]},
    "geometry": {
        "type": "Point",
        "coordinates": [29.727192404502063, 23.245925220835992]
}},

 { "type": "Feature",
    "properties": { "id": 66, "mag": 10, "place": "First Homo Sapiens 200000 ago ", "time": -16206, "title": "*46.002", "timefinal": -68950,
        "name": "200000 years ago, First Homo Sapiens ",
        "times": [
-64350, -59270, -58601, -57187, -56189, -54568, -50068, -49769, -48828,
 -47621, -47273, -46775, -46251, -44692, -44508, -44324, -43872, -43458, -40054, -39815, -39445, -38677, -37908, -37819, -37453, -36887, -35538, -35161, -33713,
 -31027, -29683, -28364, -26713
]},
    "geometry": {
        "type": "Point",
        "coordinates": [29.727192404502063, 21.245925220835992]
}},
 { "type": "Feature",
    "properties": { "id": 66, "mag": 10, "place": "First Homo Sapiens 200000 ago ", "time": -16206, "title": "*12.002", "timefinal": -68950,
        "name": "200000 years ago, First Homo Sapiens ",
        "times": [
-64350, -59270, -58601, -57187, -56189, -54568, -50068, -49769, -48828,
 -47621, -47273, -46775, -46251, -44692, -44508, -44324, -43872, -43458, -40054, -39815, -39445, -38677, -37908, -37819, -37453, -36887, -35538, -35161, -33713,
 -31027, -29683, -28364, -26713
]},
    "geometry": {
        "type": "Point",
        "coordinates": [29.727192404502063, 20.245925220835992]
}},
 { "type": "Feature",
    "properties": { "id": 66, "mag": 10, "place": "First Homo Sapiens 200000 ago ", "time": -16206, "title": "*35.005", "timefinal": -68950,
        "name": "200000 years ago, First Homo Sapiens ",
        "times": [
-59270, -58601, -57187, -56189, -54568, -50068, -49769, -48828,
 -47621, -47273, -46775, -46251, -44692, -44508, -44324, -43872, -43458, -40054, -39815, -39445, -38677, -37908, -37819, -37453, -36887, -35538, -35161, -33713,
 -31027, -29683, -28364, -26713, -24147
]},
    "geometry": {
        "type": "Point",
        "coordinates": [29.727192404502063, 19.245925220835992]
}},


 { "type": "Feature",
    "properties": { "id": 66, "mag": 10, "place": "First Homo Sapiens 200000 ago ", "time": -16206, "title": "*116.001", "timefinal": -68950,
        "name": "200000 years ago, First Homo Sapiens ",
        "times": [
 -52951, -50068, -50000, -49769, -49246, -48828,
 -47621, -47273, -46775, -46251, -44692, -44508, -44324, -43872, -43458, -40054, -39815, -39445, -38677, -37908, -37819, -37453, -36887, -35538, -35161, -33713,
 -30000, -31027, -29683, -28364, -26713, -24147, -23735, -22367, -21964, -21573
]},
    "geometry": {
        "type": "Point",
        "coordinates": [30.727192404502063, 7.245925220835992]
}},
 { "type": "Feature",
    "properties": { "id": 66, "mag": 10, "place": "First Homo Sapiens 200000 ago ", "time": -16206, "title": "*4.030", "timefinal": -68950,
        "name": "200000 years ago, First Homo Sapiens ",
        "times": [
-50000, -49769, -49246, -48828,
 -47621, -47273, -46775, -46251, -44692, -44508, -44324, -43872, -43458, -40054, -39815, -39445, -38677, -37908, -37819, -37453, -36887, -35538, -35161, -33713,
 -30000
]},
    "geometry": {
        "type": "Point",
        "coordinates": [30.727192404502063, 6.245925220835992]
}},
 { "type": "Feature",
    "properties": { "id": 66, "mag": 10, "place": "First Homo Sapiens 200000 ago ", "time": -16206, "title": "*27.003", "timefinal": -68950,
        "name": "200000 years ago, First Homo Sapiens ",
        "times": [
-49246, -48828,
 -47621, -47273, -46775, -46251, -44692, -44508, -44324, -43872, -43458, -40054, -39815, -39445, -38677, -37908, -37819, -37453, -36887, -35538, -35161, -33713,
 -30000, -31027, -29683, -28364, -26713, -24147, -23735, -22367, -21964, -21573, -20063
]},
    "geometry": {
        "type": "Point",
        "coordinates": [30.727192404502063, 5.245925220835992]
}},



 { "type": "Feature", "properties": { "id": 11.1, "mag": "#0000FF", "place": null, "time": null, "title": null, "timefinal": null, "name": " ",
"times": [ 
-803979, -800386, -796793, -793200, -789607, -786014, -782421, -778828, -775235, -771642, -768049, -764456, -760863, -757270, -753677
, -750084, -746491, -742898, -739305, -735712, -732119, -728526, -724933, -721340, -717747, -714154, -710561, -706968, -703375, -699782
, -696189, -692596, -689003, -685410, -681817, -678224, -674631, -671038, -667445, -663852, -660259, -656666, -653073, -649480,
 -645887, -642294, -638701, -635108, -631515, -627922, -624329, -620736, -617143, -613550, -609957, -606364, -602771, -599178, -595585
, -591992, -588399, -584806, -581213, -577620, -574027, -570434, -566841, -563248
, -559655, -556062, -552469, -548876, -545283, -541690, -538097, -534504, -530911, -527318, -523725, -520132, -516539, -512946, -509353
, -505760, -502167, -498574, -494981, -491388, -487795, -484202, -480609, -477016, -473423, -469830, -466237, -462644, -459051, -455458, -451865
, -448272, -444679, -441086, -437493, -433900, -430307, -426714, -423121, -419528, -415935, -412342, -408749, -405156, -401563, -397970, -394377
, -390784, -387191, -383598, -380005, -376412, -372819, -369226, -365633, -362040, -358447, -354854, -351261, -347668, -344075, -340482, -336889, -329703
] },

 "geometry": { "type": "LineString", "coordinates": 
[ [ 39.025585150166158, 10.940748900920234 ], [ 38.482587258028062, 11.46889733883221 ], [ 37.957422737560073, 12.014781676193991 ], [ 37.450670574018815, 12.577800084491207 ], [ 36.962889453339855, 13.157331845177762 ], [ 36.494617146195665, 13.752738034007823 ], [ 36.267958985628624, 14.056189569978946 ], [ 35.829911013433076, 14.674171331352737 ], [ 35.412620944890165, 15.306355230254574 ], [ 35.016548835445377, 15.952044294321203 ], [ 34.826606899680414, 16.279731366804576 ], [ 34.600373212923117, 16.63974342907014 ], [ 34.386776165772943, 17.00739362619953 ], [ 34.090633527035472, 17.572218163236457 ], [ 33.909720936223238, 17.957005117908988 ], [ 33.663671177872601, 18.545381474107092 ], [ 33.516805906295687, 18.944406483354879 ], [ 33.383884012046074, 19.34829029836812 ], [ 33.265065793475323, 19.756545851834613 ], [ 33.160494540480698, 20.168680804304906 ], [ 33.030621848242681, 20.793068747756902 ], [ 32.933436863498088, 21.423372086521312 ], [ 32.869203255603765, 22.05788076552755 ], [ 32.838095294629561, 22.694873320336001 ], [ 32.835805176160086, 23.120061656674089 ], [ 32.848279693961487, 23.54507312993826 ], [ 32.894637390774335, 24.181137736769649 ], [ 32.974051729999275, 24.81392568137893 ], [ 33.028004478747619, 25.223432293101428 ], [ 33.142494141886189, 26.017553020221339 ], [ 33.310647420715711, 26.802065663220748 ], [ 33.53168795896427, 27.57334816182799 ], [ 33.661731450355198, 27.952912463711897 ], [ 33.804595222215795, 28.327839538764536 ], [ 33.960114328001957, 28.697696506595658 ], [ 34.128109209672466, 29.062056340620039 ], [ 34.308385905001657, 29.420498361090502 ], [ 34.500736271522847, 29.772608720803085 ], [ 34.704938226843858, 30.117980882913521 ], [ 34.811410400633939, 30.288015211722978 ], [ 35.032943475985959, 30.622534965164885 ], [ 35.386229197690682, 31.109722264076574 ], [ 35.525798644832143, 31.311892203370952 ], [ 35.695268180566153, 31.592167867048008 ], [ 35.845005448963818, 31.883463458577168 ], [ 35.974297456109142, 32.184391935261999 ], [ 36.082528560916472, 32.493520386142372 ], [ 36.169183406587351, 32.809376854990603 ], [ 36.257836172272292, 33.292479608053881 ], [ 36.283300978086061, 33.536823338471777 ], [ 36.297527995571755, 33.864041863566214 ], [ 36.283532815027257, 34.273166432895508 ], [ 36.220301523228883, 34.760248958365686 ], [ 36.169873337811048, 35.000684631769474 ], [ 36.0834174035339, 35.316595604386414 ], [ 36.004386857217924, 35.549203617315172 ], [ 35.88049712537719, 35.852396139544773 ], [ 35.65993187332208, 36.405066672654883 ], [ 35.529321658030696, 36.787913374981898 ], [ 35.3792004266272, 37.163538509528344 ], [ 35.268474156088544, 37.409451755158365 ], [ 35.086742015352165, 37.770843585232747 ], [ 34.886669556811725, 38.122413830211919 ], [ 34.668786006093768, 38.463232527098796 ], [ 34.513917972619851, 38.684025469856515 ], [ 34.181936572933395, 39.109040007641582 ], [ 34.005213542164398, 39.312761881183704 ], [ 33.821609894693829, 39.510305122017691 ], [ 33.533777647055615, 39.794529017988218 ], [ 33.127998985948992, 40.149765115896287 ], [ 32.916214774195744, 40.316741398690425 ], [ 32.698830363311039, 40.476358594718924 ], [ 32.250097993901726, 40.702663887279421 ], [ 31.733819012458632, 40.904307033752616 ], [ 31.384077608618487, 41.023610635343424 ], [ 31.030387679386198, 41.130642559890603 ], [ 30.673179667065305, 41.225272549039758 ], [ 30.131723241791754, 41.343716142068345 ], [ 29.767630001203038, 41.406870801993172 ], [ 29.033945131253883, 41.494904445266158 ], [ 28.665246399822923, 41.519676291257369 ], [ 28.295907973338768, 41.531572745973968 ], [ 27.742569947579792, 41.629608649654429 ], [ 27.37567558458268, 41.732689239745156 ], [ 27.010559164017121, 41.841900416306451 ], [ 26.647323116545934, 41.957211540965005 ], [ 26.286069345307425, 42.078590264052949 ], [ 25.926899197327216, 42.20600253368341 ], [ 25.569913435086129, 42.339412605303423 ], [ 25.215212208251994, 42.478783051721848 ], [ 24.862895025583452, 42.624074773609259 ], [ 24.513060727013489, 42.775247010466991 ], [ 24.165807455920657, 42.93225735206218 ], [ 23.821232631595674, 43.095061750325613 ], [ 23.479432921911197, 43.263614531709131 ], [ 23.140504216202356, 43.437868409998941 ], [ 22.804541598365731, 43.617774499581472 ], [ 22.471639320184288, 43.803282329157796 ], [ 22.141890774885738, 43.994339855903021 ], [ 21.815388470941777, 44.190893480066492 ], [ 21.407289774069312, 44.412769663424442 ], [ 21.002903674261155, 44.641342342046343 ], [ 20.602340044611474, 44.876549411949256 ], [ 20.205707719636184, 45.118326966563302 ], [ 19.81311446570222, 45.366609314095271 ], [ 19.424666951747007, 45.621328995377382 ], [ 19.040470720296156, 45.882416802196104 ], [ 18.660630158787214, 46.14980179609632 ], [ 18.285248471207204, 46.423411327655501 ], [ 17.914427650051788, 46.703171056222828 ], [ 17.548268448613513, 46.989004970117819 ], [ 17.350408188284831, 47.210744925808378 ], [ 17.24864299736231, 47.319026070991839 ], [ 17.039593452666274, 47.530250071591603 ], [ 16.600297194870645, 47.930478948221911 ], [ 16.370571796317527, 48.119008871116385 ], [ 16.014150998499915, 48.386690683988768 ], [ 15.769059881464131, 48.554761011284036 ], [ 15.390934379078299, 48.790791607828325 ], [ 15.132294415892389, 48.937156426040133 ], [ 15.001122078144652, 49.006976038582266 ], [ 14.735267271618948, 49.139786100001444 ], [ 14.464995772868805, 49.263360399636667 ], [ 13.91249048826473, 49.48222626332165 ], [ 13.416681951584597, 49.749954041941905 ], [ 12.902807676761682, 50.034683682066607 ], [ 12.655253043302702, 50.179196415899547 ], [ 12.153256215274405, 50.456047188573521 ], [ 11.642519709396684, 50.716422662158244 ], [ 11.123584053892909, 50.960047273245713 ], [ 10.59699845439982, 51.186663186383242 ], [ 10.063320212726232, 51.396030566948646 ] ] 
 } },

 { "type": "Feature",
    "properties": { "id": 66, "mag": 10, "place": "First Homo Sapiens 200000 ago ", "time": -16206, "title": "*4.004", "timefinal": -68950,
        "name": "200000 years ago, First Homo Sapiens ",
        "times": [
-803979, -800386, -796793, -793200, -789607, -786014, -782421, -778828, -775235, -771642, -768049, -764456, -760863, -757270, -753677
, -750084, -746491, -742898, -739305, -735712, -732119, -728526, -724933, -721340, -717747, -714154, -710561, -706968, -703375, -699782
, -696189, -692596, -689003, -685410, -681817, -678224, -674631, -671038, -667445, -663852, -660259, -656666, -653073, -649480,
 -645887, -642294, -638701, -635108, -631515, -627922, -624329, -620736, -617143, -613550, -609957, -606364, -602771, -599178, -595585
, -591992, -588399, -584806, -581213, -577620, -574027, -570434, -566841, -563248
, -559655, -556062, -552469, -548876, -545283, -541690, -538097, -534504, -530911, -527318, -523725, -520132, -516539, -512946, -509353
, -505760, -502167, -498574, -494981, -491388, -487795, -484202, -480609, -477016, -473423, -469830, -466237, -462644, -459051, -455458, -451865
, -448272, -444679, -441086, -437493, -433900, -430307, -426714, -423121, -419528, -415935, -412342, -408749, -405156, -401563, -397970, -394377
, -390784, -387191, -383598, -380005, -376412, -372819, -369226, -365633, -362040, -358447, -354854, -351261, -347668, -344075, -340482, -336889, -329703
]},
    "geometry": {
        "type": "Point",
        "coordinates": [ 39.025585150166158, 10.940748900920234 ]
}},

 { "type": "Feature",
    "properties": { "id": 66, "mag": 10, "place": "First Homo Sapiens 200000 ago ", "time": -16206, "title": "*4.004", "timefinal": -68950,
        "name": "200000 years ago, First Homo Sapiens ",
        "times": [
-344075, -340482, -336889, -329703
, -327547, -297880, -287679
]},
    "geometry": {
        "type": "Point",
        "coordinates": [ 10.063320212726232, 51.396030566948646 ]
}},


  { "type": "Feature", "properties": { "id": 3.7, "mag": "#0000FF", "place": null, "time": null, "title": "East Southeast Asia", "timefinal": null, "name": "East Southeast Asia",
"times": [    
-68950,-68922,-68894,-68866,-68838,-68810,-68782,-68754,-68726,-68698,-68670,-68642,-68614,-68586,-68558,-68530,-68502,-68474,-68446,-68418,-68390,-68362,-68334,-68306,-68278,-68250,-68222,-68194,-68166,-68138,-68110,-68082,-68054,-68026,-67998,-67970,-67942,-67914,-67886,-67858,-67830,-67802,-67774,-67746,-67718,-67690,-67662,-67634,-67606,
-67578,-67550,-67522,-67494,-67466,-67438,-67410,-67382,-67354,-67326,-67298,-67270,-67242,-67214,-67186,-67158,-67130,-67102,-67074,-67046,-67018,-66990,-66962,-66934,-66906,-66878,-66850,-66822,-66794,-66766,-66738,-66710,-66682,-66654,-66626,-66598,-66570,-66542,-66514,-66486,-66458,-66430,-66402,-66374,-66346,-66318,-66290,-66262,-66234,
-66206,-66178,-66150,-66122,-66094,-66066,-66038,-66010,-65982,-65954,-65926,-65898,-65870,-65842,-65814,-65786,-65758,-65730,-65702,-65674,-65646,-65618,-65590,-65562,-65534,-65506,-65478,-65450,-65422,-65394,-65366,-65338,-65310,-65282,-65254,-65226,-65198,-65170,-65142,-65114,-65086,-65058,-65030,-65002,-64974,-64946,-64918,-64890,-64862,
-64834,-64806,-64778,-64750,-64722,-64694,-64666,-64638,-64610,-64582,-64554,-64526,-64498,-64470,-64442,-64414,-64386,-64358,-64330,-64302,-64274,-64246,-64218,-64190,-64162,-64134,-64106,-64078,-64050,-64022,-63994,-63966,-63938,-63910,-63882,-63854,-63826,-63798,-63770,-63742,

-63714,-63642,-63570,-63498,-63426,-63354,-63282,-63210,-63138,-63066,-62994,-62922,-62850,-62778,-62706,-62634,-62562,-62490,-62418,-62346,-62274,-62202,-62130,-62058,-61986,-61914,
-61842,-61770,-61698,-61626,-61554,-61482,-61410,-61338,-61266,-61194,-61122,-61050

  ]
  }, 
  "geometry": 
  { "type": "LineString", "coordinates": [ [ 35.970816562903778, -0.815683274381243 ], [ 35.697115611883419, 0.001956635236557 ], [ 35.437254032650571, 0.824099683633966 ], [ 35.191305859193825, 1.650511644076735 ], [ 34.959341161603213, 2.480957073627208 ], [ 34.741426026107455, 3.315199380221303 ], [ 34.53762253624614, 4.153000890073082 ], [ 34.347988755182257, 4.994122915387475 ], [ 34.172578709160135, 5.838325822361913 ], [ 34.0114423721135, 6.685369099457461 ], [ 33.864625651427971, 7.535011425920024 ], [ 33.732170374862186, 8.387010740532105 ], [ 33.614114278631156, 9.24112431057549 ], [ 33.510490996655285, 10.097108800985289 ], [ 33.421330050978177, 10.954720343675529 ], [ 33.346656843355817, 11.813714607016653 ], [ 33.286492648019717, 12.673846865445048 ], [ 33.240854605615915, 13.534872069184823 ], [ 33.209755718321638, 14.396544914061943 ], [ 33.193204846141008, 15.258619911390849 ], [ 33.191206704380868, 16.120851457913638 ], [ 33.203761862307388, 16.982993905771885 ], [ 33.230866742983864, 17.844801632491183 ], [ 33.272513624289807, 18.706029110958433 ], [ 33.32869064112095, 19.566430979371972 ], [ 33.351111594657667, 19.925565855312598 ], [ 33.379721664729004, 20.284260742598313 ], [ 33.414512344636734, 20.64240898964967 ], [ 33.455473289987637, 20.999904107421035 ], [ 33.502592321769207, 21.356639801063217 ], [ 33.555855429970876, 21.712510001528354 ], [ 33.615246777749647, 22.067408897107676 ], [ 33.680748706138885, 22.421230964892732 ], [ 33.752341739298927, 22.773871002150763 ], [ 33.830004590307823, 23.12522415760489 ], [ 33.913714167490674, 23.475185962609764 ], [ 34.003445581285547, 23.823652362213476 ], [ 34.099172151643877, 24.17051974609647 ], [ 34.200865415963378, 24.515684979378221 ], [ 34.308495137550857, 24.859045433282574 ], [ 34.422029314612558, 25.200499015652596 ], [ 34.541434189769355, 25.539944201305879 ], [ 34.666674260093885, 25.877280062221239 ], [ 34.797712287666734, 26.212406297547897 ], [ 34.934509310648458, 26.545223263428152 ], [ 35.077024654864218, 26.87563200262472 ], [ 35.225215945897489, 27.203534273943923 ], [ 35.379039121689388, 27.528832581445968 ], [ 35.53844844563973, 27.851430203433637 ], [ 35.70339652020597, 28.171231221210768 ], [ 35.873834300996066, 28.488140547602004 ], [ 36.049711111350959, 28.802063955225254 ], [ 36.230974657412318, 29.112908104508559 ], [ 36.417571043671273, 29.420580571442954 ], [ 36.609444788993272, 29.724989875063116 ], [ 36.806538843114382, 30.026045504647598 ], [ 37.008794603604173, 30.323657946630611 ], [ 37.135337803600265, 30.502033996388327 ], [ 37.264968578474296, 30.67817899006684 ], [ 37.39764760165091, 30.852039489897436 ], [ 37.533334621796257, 31.023562751166924 ], [ 37.671988475029131, 31.19269673821897 ], [ 37.813567097409035, 31.359390140240325 ], [ 37.958027537697248, 31.523592386827204 ], [ 38.105325970387149, 31.685253663327007 ], [ 38.255417708999659, 31.844324925950769 ], [ 38.408257219640021, 32.000757916651779 ], [ 38.56379813481152, 32.15450517776577 ], [ 38.721993267482226, 32.305520066408391 ], [ 38.882794625400251, 32.453756768625368 ], [ 39.046153425653372, 32.599170313291289 ], [ 39.212020109468455, 32.741716585752656 ], [ 39.380344357246337, 32.881352341211119 ], [ 39.551075103827415, 33.018035217842808 ], [ 39.724160553983509, 33.15172374964979 ], [ 39.899548198131171, 33.282377379039787 ], [ 40.077184828261693, 33.409956469130272 ], [ 40.257016554083066, 33.534422315773242 ], [ 40.438988819368824, 33.65573715929709 ], [ 40.62304641850902, 33.773864195961821 ], [ 40.809133513258132, 33.888767589124427 ], [ 40.997193649674927, 34.000412480110732 ], [ 41.187169775249096, 34.108764998790591 ], [ 41.379004256209534, 34.213792273853244 ], [ 41.572638895008836, 34.315462442779577 ], [ 41.768014947978976, 34.413744661508368 ], [ 41.965073143152559, 34.508609113793582 ], [ 42.163753698244392, 34.600027020249847 ], [ 42.36399633878785, 34.687970647083333 ], [ 42.56574031642058, 34.772413314505485 ], [ 42.768924427313948, 34.853329404826972 ], [ 42.973487030740692, 34.930694370229382 ], [ 43.179366067775085, 35.00448474021244 ], [ 43.386499080119975, 35.074678128714304 ], [ 43.594823229055038, 35.14125324090292 ], [ 43.804275314500337, 35.204189879636331 ], [ 44.014791794189605, 35.263468951589921 ], [ 44.226308802947315, 35.319072473048877 ], [ 44.43876217206364, 35.370983575363937 ], [ 44.652087448761627, 35.419186510068911 ], [ 45.148418306454815, 35.565002720993711 ], [ 45.647183058597392, 35.702263092868272 ], [ 46.14823422990807, 35.830927040402898 ], [ 46.651423669054807, 35.950956520107617 ], [ 47.15660259246031, 36.062316041540889 ], [ 47.663621628294514, 36.164972677803476 ], [ 48.172330860640983, 36.258896075274265 ], [ 48.682579873824231, 36.344058462585323 ], [ 49.194217796884757, 36.420434658833273 ], [ 49.707093348188749, 36.488002081024895 ], [ 50.22105488015918, 36.546740750754445 ], [ 50.735950424115146, 36.596633300110895 ], [ 51.251627735206085, 36.637664976813305 ], [ 51.767934337427732, 36.669823648572788 ], [ 52.284717568706348, 36.693099806679783 ], [ 52.801824626038041, 36.707486568815625 ], [ 53.319102610669674, 36.712979681087532 ], [ 53.836398573308152, 36.709577519286313 ], [ 54.353559559344632, 36.69728108936674 ], [ 54.87043265408029, 36.676094027149993 ], [ 55.386865027940303, 36.646022597248702 ], [ 55.902703981662647, 36.607075691214575 ], [ 56.417796991448391, 36.55926482490932 ], [ 56.931991754060078, 36.502604135099688 ], [ 57.445136231854917, 36.437110375277427 ], [ 57.957078697739419, 36.362802910705639 ], [ 59.056879989058167, 36.297787167083243 ], [ 60.155450057416843, 36.214518131953312 ], [ 61.252485975749948, 36.113018766477097 ], [ 62.34768524002876, 35.993317058769151 ], [ 63.440745852675818, 35.855446016179755 ], [ 64.531366405839776, 35.699443656193239 ], [ 65.619246164507672, 35.525352995944772 ], [ 66.704085149431506, 35.33322204035855 ], [ 67.785584219846612, 35.123103768910568 ], [ 68.863445155958743, 34.895056121019735 ], [ 69.937370741177105, 34.649141980071263 ], [ 71.007064844070953, 34.385429156076725 ], [ 72.072232500026786, 34.103990366975793 ], [ 73.132579992583899, 33.804903218584393 ], [ 74.187814934425688, 33.488250183195191 ], [ 75.237646348004546, 33.154118576836147 ], [ 76.281784745777884, 32.802600535193399 ], [ 77.31994221003346, 32.433792988205155 ], [ 78.351832472281643, 32.047797633333573 ], [ 79.37717099219303, 31.644720907522021 ], [ 80.293351914488127, 31.389445542553709 ], [ 81.204970063884033, 31.118326852624342 ], [ 82.111751487368252, 30.831446312397304 ], [ 83.013423685426758, 30.528890133175317 ], [ 83.909715693933606, 30.210749236992818 ], [ 84.80035816557924, 29.87711922929271 ], [ 85.68508345081284, 29.528100370195702 ], [ 86.563625678274349, 29.16379754437083 ], [ 87.435720834692404, 28.784320229516297 ], [ 88.301106844223597, 28.38978246345998 ], [ 89.159523647209724, 27.980302809889587 ], [ 90.010713278329007, 27.556004322722778 ], [ 90.854419944118092, 27.117014509127848 ], [ 91.690390099841167, 26.663465291206165 ], [ 92.518372525683532, 26.195492966347921 ], [ 93.338118402246323, 25.713238166272959 ], [ 94.14938138531997, 25.216845814769158 ], [ 94.951917679913862, 24.706465084140959 ], [ 95.74548611351976, 24.182249350381163 ], [ 96.529848208587396, 23.644356147079463 ], [ 97.304768254189952, 23.092947118081582 ], [ 98.070013376858242, 22.528187968913166 ], [ 98.825353610562274, 21.950248416983221 ], [ 99.570561965818897, 21.359302140581747 ], [ 104.910116247399515, 16.467976570762687 ], [ 110.320568652104157, 11.655190420066162 ], [ 115.800764056770532, 6.921971210839885 ], [ 117.167957450419891, 6.038887535882239 ], [ 118.548895116775299, 5.177455173908228 ], [ 119.943234208559204, 4.337887993905071 ], [ 121.350628551303913, 3.5203944363614 ], [ 122.770728729296778, 2.725177461517504 ], [ 124.203182172330116, 1.952434498976132 ], [ 125.647633243234225, 1.202357398686345 ], [ 127.103723326172087, 0.475132383312655 ], [ 128.571090915673182, -0.229059997998704 ], [ 130.049371706385045, -0.91004491444491 ], [ 137.198046215054887, -2.818710377829575 ], [ 144.315912207560444, -4.839238723276367 ], [ 151.401219362671696, -6.971133092083051 ], [ 158.452225365550419, -9.213869240048069 ] 
  ] } },


 { "type": "Feature",
    "properties": { "id": 66, "mag": 10, "place": "First Homo Sapiens 200000 ago ", "time": -16206, "title": "*177.001", "timefinal": -68950,
        "name": "200000 years ago, First Homo Sapiens ",
        "times": [
-68950,-68922,-68894,-68866,-68838,-68810,-68782,-68754,-68726,-68698,-68670,-68642,-68614,-68586,-68558,-68530,-68502,-68474,-68446,-68418,-68390,-68362,-68334,-68306,-68278,-68250,-68222,-68194,-68166,-68138,-68110,-68082,-68054,-68026,-67998,-67970,-67942,-67914,-67886,-67858,-67830,-67802,-67774,-67746,-67718,-67690,-67662,-67634,-67606,
-67578,-67550,-67522,-67494,-67466,-67438,-67410,-67382,-67354,-67326,-67298,-67270,-67242,-67214,-67186,-67158,-67130,-67102,-67074,-67046,-67018,-66990,-66962,-66934,-66906,-66878,-66850,-66822,-66794,-66766,-66738,-66710,-66682,-66654,-66626,-66598,-66570,-66542,-66514,-66486,-66458,-66430,-66402,-66374,-66346,-66318,-66290,-66262,-66234,
-66206,-66178,-66150,-66122,-66094,-66066,-66038,-66010,-65982,-65954,-65926,-65898,-65870,-65842,-65814,-65786,-65758,-65730,-65702,-65674,-65646,-65618,-65590,-65562,-65534,-65506,-65478,-65450,-65422,-65394,-65366,-65338,-65310,-65282,-65254,-65226,-65198,-65170,-65142,-65114,-65086,-65058,-65030,-65002,-64974,-64946,-64918,-64890,-64862,
-64834,-64806,-64778,-64750,-64722,-64694,-64666,-64638,-64610,-64582,-64554,-64526,-64498,-64470,-64442,-64414,-64386,-64358,-64330,-64302,-64274,-64246,-64218,-64190,-64162,-64134,-64106,-64078,-64050,-64022,-63994,-63966,-63938,-63910,-63882,-63854,-63826,-63798,-63770,-63742,

-63714,-63642,-63570,-63498,-63426,-63354,-63282,-63210,-63138,-63066,-62994,-62922,-62850,-62778,-62706,-62634,-62562,-62490,-62418,-62346,-62274,-62202,-62130,-62058,-61986,-61914,
-61842,-61770,-61698,-61626,-61554,-61482,-61410,-61338,-61266,-61194,-61122,-61050
]},
    "geometry": {
        "type": "Point",
        "coordinates": [ 35.970816562903778, -0.815683274381243 ]
}},

 { "type": "Feature",
    "properties": { "id": 66, "mag": 10, "place": "First Homo Sapiens 200000 ago ", "time": -16206, "title": "*177.001", "timefinal": -68950,
        "name": "200000 years ago, First Homo Sapiens ",
        "times": [
 -61828, -61408, -60988,
-60568, -60148, -59728, -59308, -58888, -58468, -58048, -57628, -57208, -57187, -56189, -54900, -54568
]},
    "geometry": {
        "type": "Point",
        "coordinates": [ 158.452225365550419, -9.213869240048069 ]
}},




{ "type": "Feature", "properties": { "id": 3.3, "mag": "#0000FF", "place": "South America", "time": null, "title": "15000 years ago, South America", "timefinal": null, "name": "15000 years ago, South America",
"times": [ 
-140368, -139948, -139528, -139108, -138688, -138268, -137848, -137428, -137008, -136588, -136168, -135748, -135328, -134908, -134488, -134068, -133648, -133228, -132808,
-132388, -131968, -131548, -131128, -130708, -130288, -129868, -129448, -129028, -128608, -128188, -127768, -127348, -126928, -126508, -126088, -125668, -125248, -124828,
-124408, -123988, -123568, -123148, -122728, -122308, -121888, -121468, -121048, -120628, -120208, -119788, -119368, -118948, -118528, -118108, -117688, -117268, -116848,
-116428, -116008, -115588, -115168, -114748, -114328, -113908, -113488, -113068, -112648, -112228, -111808, -111388, -110968, -110548, -110128, -109708, -109288, -108868,
-108448, -108028, -107608, -107188, -106768, -106348, -105928, -105508, -105088, -104668, -104248, -103828, -103408, -102988, -102568, -102148, -101728, -101308, -100888,
-100468, -100048, -99628, -99208, -98788, -98368, -97948, -97528, -97108, -96688, -96268, -95848, -95428, -95008, -94588, -94168, -93748, -93328, -92908,
-92488, -92068, -91648, -91228, -90808, -90388, -89968, -89548, -89128, -88708, -88288, -87868, -87448, -87028, -86608, -86188, -85768, -85348, -84928,
-84508, -84088, -83668, -83248, -82828, -82408, -81988, -81568, -81148, -80728, -80308, -79888, -79468, -79048, -78628, -78208, -77788, -77368, -76948,
-76528, -76108, -75688, -75268, -74848, -74428, -74008, -73588, -73168, -72748, -72328, -71908, -71488, -71068, -70648, -70228, -69808, -69388, -68968,
-68548, -68128, -67708, -67288, -66868, -66448, -66028, -65608, -65188, -64768, -64348, -63928, -63508, -63088, -62668, -62248, -61828, -61408, -60988,
-60568, -60148, -59728, -59308, -58888, -58468, -58048, -57628, -57208

] },
 "geometry": 
 { "type": "LineString", "coordinates": [ 
[ 59.291101255633947, 55.31799617044954 ], [ 62.908345723071726, 56.263197187320372 ], [ 66.541109359244828, 57.146877481997819 ], [ 70.188345923169123, 57.968782553326918 ], [ 73.849005005637167, 58.728675691502957 ], [ 77.522032331737464, 59.426338046244439 ], [ 81.206370064487118, 60.061568689821939 ], [ 84.900957109490435, 60.634184674925933 ], [ 88.604729420535449, 61.144021087355554 ], [ 92.316620306040832, 61.590931093514342 ], [ 96.035560736264515, 61.974785982698421 ], [ 99.760479651185705, 62.295475204165342 ], [ 99.760479651185705, 62.295475204165342 ], [ 119.64629489727578, 63.8654079867514 ], [ 119.64629489727578, 63.8654079867514 ], [ 124.647118447271424, 64.320191843840007 ], [ 129.654569969836189, 64.695016848373882 ], [ 134.667371074085423, 64.989787308389339 ], [ 139.684242003398595, 65.204427969664266 ], [ 144.703901962138161, 65.338884034930345 ], [ 149.725069442633782, 65.393121177862497 ], [ 154.746462552348248, 65.367125551842662 ], [ 159.766799341141734, 65.260903793494563 ], [ 182.398942995381219, 64.949715329115179 ], [ 205.033194572373134, 64.912029841808788 ], [ 208.752597344488493, 64.738946106303189 ], [ 212.474208445882965, 64.622645759384596 ], [ 216.19716102631844, 64.563155890122985 ], [ 216.815593876069158, 64.539522205053814 ], [ 217.433539449457726, 64.50544862217501 ], [ 218.050821520918419, 64.460944858582479 ], [ 218.667264054102873, 64.40602360584856 ], [ 219.282691252081975, 64.340700526402486 ], [ 219.896927607479682, 64.264994249063875 ], [ 220.509797952524139, 64.178926363730227 ], [ 221.121127509002008, 64.082521415219716 ], [ 221.730741938101602, 63.975806896271749 ], [ 222.338467390130887, 63.858813239706421 ], [ 222.944130554095835, 63.731573809745768 ], [ 223.547558707125177, 63.59412489249894 ], [ 224.148579763727525, 63.446505685614149 ], [ 224.74702232486672, 63.288758287100286 ], [ 225.34271572684122, 63.120927683321426 ], [ 225.935490089954044, 62.943061736167643 ], [ 226.525176366958988, 62.755211169405719 ], [ 227.111606391269476, 62.557429554213819 ], [ 227.694612924916299, 62.349773293904015 ], [ 228.274029706240412, 62.132301607837249 ], [ 228.849691497307504, 61.905076514535139 ], [ 229.421434131030423, 61.668162813993575 ], [ 229.989094557986363, 61.421628069203052 ], [ 230.552510892915222, 61.165542586881095 ], [ 231.111522460885993, 60.899979397422186 ], [ 231.504214007431187, 60.637875638321582 ], [ 231.892288617224295, 60.368983227687423 ], [ 232.275628944488943, 60.093383473051546 ], [ 232.654119074998334, 59.811159710108583 ], [ 233.027644561125442, 59.522397277516973 ], [ 233.39609245644948, 59.227183491094308 ], [ 233.759351349908655, 58.92560761741484 ], [ 234.117311399488557, 58.617760846817077 ], [ 234.469864365436138, 58.303736265829713 ], [ 234.816903642989132, 57.983628829024198 ], [ 235.158324294611276, 57.65753533030238 ], [ 235.494023081723071, 57.325554373628094 ], [ 235.823898495919195, 56.987786343211262 ], [ 236.147850789662357, 56.644333373153863 ], [ 236.465782006445124, 56.295299316566627 ], [ 236.777596010409781, 55.940789714165987 ], [ 237.083198515417848, 55.580911762360792 ], [ 237.382497113560419, 55.215774280838261 ], [ 237.675401303100188, 54.845487679659172 ], [ 237.961822515837525, 54.470163925872129 ], [ 238.241674143891515, 54.089916509657044 ], [ 238.514871565888512, 53.704860410008031 ], [ 238.78133217254981, 53.315112059966111 ], [ 239.040975391671111, 52.920789311412271 ], [ 239.293722712485703, 52.522011399431484 ], [ 239.539497709404742, 52.118898906258465 ], [ 239.778226065126574, 51.711573724816091 ], [ 240.009835593108903, 51.300159021857475 ], [ 240.234256259396375, 50.884779200722896 ], [ 240.451420203797568, 50.46555986372276 ], [ 240.661261760404386, 50.042627774158078 ], [ 240.86371747744812, 49.616110817989835 ], [ 241.058726136485973, 49.186137965168911 ], [ 241.246228770912296, 48.752839230638202 ], [ 241.426168683788717, 48.31634563501882 ], [ 241.598491464988371, 47.876789164992111 ], [ 241.763145007648149, 47.434302733389629 ], [ 241.920079523924926, 46.989020139002989 ], [ 242.069247560050314, 46.541076026125936 ], [ 242.210604010679674, 46.090605843840606 ], [ 242.344106132531181, 45.637745805060554 ], [ 242.469713557310229, 45.182632845342766 ], [ 242.587388303916327, 44.725404581481151 ], [ 242.697094789927547, 44.266199269894067 ], [ 242.798799842359983, 43.80515576481843 ], [ 242.798799842359983, 43.80515576481843 ], [ 242.798799842359983, 43.80515576481843 ], [ 246.025883895453546, 35.955491851888134 ], [ 246.312124385731636, 35.29496771119689 ], [ 246.609576170441954, 34.639415886789998 ], [ 246.918152913041297, 33.989026655146873 ], [ 247.237765047924, 33.343988794284208 ], [ 247.5683198064186, 32.704489528962398 ], [ 247.909721243714387, 32.07071447634285 ], [ 248.261870266709792, 31.44284759211185 ], [ 248.624664662774364, 30.82107111708671 ], [ 248.997999129416627, 30.205565524319677 ], [ 249.381765304848329, 29.596509466714902 ], [ 249.775851799437049, 28.994079725173751 ], [ 250.180144228037307, 28.398451157283446 ], [ 250.59452524319147, 27.809796646563981 ], [ 251.018874569190132, 27.228287052287985 ], [ 251.453069036982754, 26.654091159888175 ], [ 251.896982619927968, 26.087375631966701 ], [ 252.350486470373113, 25.528304959920689 ], [ 252.813448957052998, 24.977041416197967 ], [ 253.28573570329624, 24.433745007196841 ], [ 253.767209626028716, 23.898573426823638 ], [ 254.257730975562396, 23.371682010721404 ], [ 254.757157376158233, 22.853223691183146 ], [ 255.265343867351362, 22.343348952762632 ], [ 255.782142946026283, 21.84220578859566 ], [ 256.307404609230446, 21.349939657444466 ], [ 256.840976397713064, 20.866693441477661 ], [ 257.145405218276153, 20.619703151865927 ], [ 257.45407373621174, 20.378032185493471 ], [ 257.766889017753101, 20.14175330453682 ], [ 258.083756880628073, 19.910937647726069 ], [ 258.404581922415218, 19.68565470892645 ], [ 258.729267549267718, 19.465972316215158 ], [ 259.057716004995484, 19.251956611459708 ], [ 259.38982840049789, 19.043672030403975 ], [ 259.725504743537158, 18.841181283267908 ], [ 260.064643968843825, 18.644545335866766 ], [ 260.407143968545483, 18.453823391255565 ], [ 260.752901622909576, 18.269072871904246 ], [ 261.101812831390305, 18.090349402408958 ], [ 261.453772543971468, 17.917706792744614 ], [ 261.808674792794704, 17.751197022063817 ], [ 262.166412724064116, 17.59087022304702 ], [ 262.526878630218221, 17.436774666808564 ], [ 262.889963982357926, 17.288956748363272 ], [ 263.255559462922804, 17.147460972657839 ], [ 263.62355499860405, 17.012329941171323 ], [ 263.993839793485449, 16.883604339088681 ], [ 264.366302362401882, 16.761322923051335 ], [ 264.740830564504961, 16.645522509488302 ], [ 265.117311637026489, 16.536237963531551 ], [ 265.495632229228988, 16.433502188518805 ], [ 265.875678436533349, 16.337346116087033 ], [ 266.257335834813034, 16.247798696859576 ], [ 266.640489514845001, 16.164886891729669 ], [ 267.025024116906366, 16.088635663743116 ], [ 267.41082386550687, 16.019067970582405 ], [ 267.797772604246688, 15.956204757654618 ], [ 268.185753830788485, 15.900064951785204 ], [ 268.574650731934014, 15.850665455519493 ], [ 268.964346218794276, 15.808021142033692 ], [ 269.989165090037886, 15.447459024522942 ], [ 271.007950624682564, 15.070186187123227 ], [ 272.020430357941962, 14.676303527972152 ], [ 273.026333511458006, 14.265916387350806 ], [ 274.025391065718281, 13.839134519511475 ], [ 275.017335832002573, 13.396072063324901 ], [ 276.001902523840272, 12.936847511754891 ], [ 276.978827827958582, 12.461583680168467 ], [ 277.947850474703387, 11.970407673489994 ], [ 279.332276309244719, 11.290710340060485 ], [ 280.705731489631887, 10.589109154282909 ], [ 282.067869488891802, 9.865781132297755 ], [ 283.418346635411183, 9.1209087719932 ], [ 284.75682219964574, 8.354680006960379 ], [ 286.082958480087427, 7.567288159077066 ], [ 287.396420888467446, 6.758931889732111 ], [ 288.696878034174006, 5.929815149702421 ], [ 289.984001807863194, 5.080147127695625 ], [ 290.541551337315809, 4.625890934323213 ], [ 291.091561735188691, 4.162534992048055 ], [ 291.633884501662692, 3.690204404457123 ], [ 292.168373212537347, 3.209026698242898 ], [ 292.694883558764502, 2.719131788771772 ], [ 293.213273385411355, 2.220651945007702 ], [ 293.72340273004113, 1.713721753800233 ], [ 294.22513386050224, 1.198478083546824 ], [ 294.718331312115424, 0.675060047239104 ], [ 295.202861924248396, 0.143608964903123 ], [ 295.678594876268221, -0.395731674556281 ], [ 296.14540172286263, -0.942816252096719 ], [ 296.60315642871916, -1.497497057854581 ], [ 297.0517354025543, -2.059624331025915 ], [ 297.491017530482168, -2.629046300301031 ], [ 297.920884208714938, -3.205609224841915 ], [ 297.920884208714938, -3.205609224841915 ], [ 301.496842213494347, -9.310903379343252 ], [ 301.496842213494347, -9.310903379343252 ]
 ] }},  
 
 
  { "type": "Feature",
    "properties": { "id": 66, "mag": 10, "place": "First Homo Sapiens 200000 ago ", "time": -16206, "title": "*83.002", "timefinal": -68950,
        "name": "200000 years ago, First Homo Sapiens ",
        "times": [
-140368, -139948, -139528, -139108, -138688, -138268, -137848, -137428, -137008, -136588, -136168, -135748, -135328, -134908, -134488, -134068, -133648, -133228, -132808,
-132388, -131968, -131548, -131128, -130708, -130288, -129868, -129448, -129028, -128608, -128188, -127768, -127348, -126928, -126508, -126088, -125668, -125248, -124828,
-124408, -123988, -123568, -123148, -122728, -122308, -121888, -121468, -121048, -120628, -120208, -119788, -119368, -118948, -118528, -118108, -117688, -117268, -116848,
-116428, -116008, -115588, -115168, -114748, -114328, -113908, -113488, -113068, -112648, -112228, -111808, -111388, -110968, -110548, -110128, -109708, -109288, -108868,
-108448, -108028, -107608, -107188, -106768, -106348, -105928, -105508, -105088, -104668, -104248, -103828, -103408, -102988, -102568, -102148, -101728, -101308, -100888,
-100468, -100048, -99628, -99208, -98788, -98368, -97948, -97528, -97108, -96688, -96268, -95848, -95428, -95008, -94588, -94168, -93748, -93328, -92908,
-92488, -92068, -91648, -91228, -90808, -90388, -89968, -89548, -89128, -88708, -88288, -87868, -87448, -87028, -86608, -86188, -85768, -85348, -84928,
-84508, -84088, -83668, -83248, -82828, -82408, -81988, -81568, -81148, -80728, -80308, -79888, -79468, -79048, -78628, -78208, -77788, -77368, -76948,
-76528, -76108, -75688, -75268, -74848, -74428, -74008, -73588, -73168, -72748, -72328, -71908, -71488, -71068, -70648, -70228, -69808, -69388, -68968,
-68548, -68128, -67708, -67288, -66868, -66448, -66028, -65608, -65188, -64768, -64348, -63928, -63508, -63088, -62668, -62248, -61828, -61408, -60988,
-60568, -60148, -59728, -59308, -58888, -58468, -58048, -57628, -57208
]},
    "geometry": {
        "type": "Point",
        "coordinates": [ 59.291101255633947, 55.31799617044954 ]
}}, 

  { "type": "Feature",
    "properties": { "id": 66, "mag": 10, "place": "First Homo Sapiens 200000 ago ", "time": -16206, "title": "*83.002", "timefinal": -68950,
        "name": "200000 years ago, First Homo Sapiens ",
        "times": [
 -57187, -56189, -54900, -54568, -53911, -52951, -50068, -50000, -49769, -49246, -48828,
 -47621, -47273, -46775, -46251, -44692, -44508, -44324, -43872, -43458, -40054, -39815, -39445, -38677, -37908, -37819, -37453, -36887, -35538, -35161, -33713,
 -30000, -31027, -29683, -28364, -26713, -24147, -23735, -22367, -21964, -21573, -20063, -12600, -10044, -8788, -6525, -5133, -3901, -2000
]},
    "geometry": {
        "type": "Point",
        "coordinates": [ 301.496842213494347, -9.310903379343252 ]
}}, 





{ "type": "Feature", "properties": { "id": 3.3, "mag": "#0000FF", "place": "South America", "time": null, "title": "15000 years ago, South America", "timefinal": null, "name": "15000 years ago, South America",
"times": [ 
-297880, -294784, -291688, -288592, -285496, -282400, -279304, -276208, -273112, -270016, -266920, -263824, -260728, -257632, -254536, -251440, -248344, -245248, -242152, -239056,
-239056, -235960, -232864, -229768, -226672, -223576, -220480, -217384, -214288, -211192, -208096, -205000, -201904, -198808, -195712, -192616, -189520, -186424, -183328, -180232,
-180232, -177136, -174040, -170944, -167848, -164752, -161656, -158560, -155464, -152368, -149272, -146176, -143080, -139984, -136888, -133792, -130696, -127600, -124504, -121408
] },
 "geometry": 
 { "type": "LineString", "coordinates": [ 
[ 23.654448016081403, 21.017229671872286 ], [ 24.622915748494687, 22.41626307290975 ], [ 26.024367088675358, 24.200108537736778 ], [ 27.545559510662091, 25.883006073705115 ], [ 28.760692767564191, 27.074087672049309 ], [ 30.91762933535319, 28.91439167958033 ], [ 32.285164648775634, 29.926849763891092 ], [ 34.186567676101618, 31.164119754214038 ], [ 35.666179906355914, 32.004341066741617 ], [ 38.222437410308004, 33.230979469486613 ], [ 40.874924809328405, 34.232680420688276 ], [ 43.052948766370683, 34.867016407234985 ], [ 44.712358016072287, 35.243294426721256 ], [ 46.389020855903524, 35.533166687334024 ], [ 47.514162690341571, 35.678018206658656 ], [ 50.290490683899336, 36.011896272343819 ], [ 53.071696020034111, 36.302358952929637 ], [ 55.857099823918077, 36.549335348292431 ], [ 58.646022195903598, 36.752765173038767 ], [ 61.437782377482563, 36.912598771220757 ], [ 64.231698917455319, 37.028797128456773 ], [ 67.02708983826858, 37.101331881454513 ], [ 69.823272802481938, 37.130185324934445 ], [ 72.619565279322146, 37.11535041595144 ], [ 74.371881123777015, 37.03452976763154 ], [ 76.125299986832758, 36.982905290852003 ], [ 77.879335450910304, 36.960491306807569 ], [ 79.633500927378691, 36.967294033382657 ], [ 81.387309791540147, 37.003311583426495 ], [ 83.140275517625014, 37.068533965276586 ], [ 84.891911813759378, 37.1629430855305 ], [ 86.641732756867754, 37.286512754065257 ], [ 88.389252927473407, 37.439208691302639 ], [ 90.13398754435913, 37.62098853771883 ], [ 91.875452599050746, 37.831801865595338 ], [ 93.613164990086446, 38.071590193008205 ], [ 95.346642657034351, 38.340287000051589 ], [ 97.075404714221378, 38.637817747291052 ], [ 98.798971584136254, 38.964099896441624 ], [ 100.516865130469427, 39.319042933264868 ], [ 102.228608790753441, 39.702548392678445 ], [ 103.962799217675695, 39.991164143474464 ], [ 105.691734581005406, 40.309751647724568 ], [ 107.414896923404157, 40.658215462453143 ], [ 109.131770017024763, 41.036451194289654 ], [ 110.841839518163709, 41.444345530743007 ], [ 112.544593121349038, 41.88177627414791 ], [ 114.239520712817665, 42.348612378272989 ], [ 115.926114523336167, 42.844713987579965 ], [ 117.603869280319145, 43.369932479121644 ], [ 119.272282359199551, 43.9241105070668 ], [ 120.930853934005825, 44.507082049837919 ], [ 122.579087127100649, 45.118672459848383 ], [ 124.216488158036299, 45.758698515823596 ], [ 125.842566491482273, 46.426968477690735 ], [ 127.456834984180631, 47.123282144020564 ], [ 129.058810030885354, 47.847430912004207 ] ] }},


 { "type": "Feature",
    "properties": { "id": 66, "mag": 10, "place": "First Homo Sapiens 200000 ago ", "time": -16206, "title": "*2.016", "timefinal": -68950,
        "name": "200000 years ago, First Homo Sapiens ",
        "times": [
-297880, -294784, -291688, -288592, -285496, -282400, -279304, -276208, -273112, -270016, -266920, -263824, -260728, -257632, -254536, -251440, -248344, -245248, -242152, -239056,
-239056, -235960, -232864, -229768, -226672, -223576, -220480, -217384, -214288, -211192, -208096, -205000, -201904, -198808, -195712, -192616, -189520, -186424, -183328, -180232,
-180232, -177136, -174040, -170944, -167848, -164752, -161656, -158560, -155464, -152368, -149272, -146176, -143080, -139984, -136888, -133792, -130696, -127600, -124504, -121408
]},
    "geometry": {
        "type": "Point",
        "coordinates": [ 117.452225365550419, 37.213869240048069 ]
}},
  
 { "type": "Feature",
    "properties": { "id": 66, "mag": 10, "place": "First Homo Sapiens 200000 ago ", "time": -16206, "title": "*2.016", "timefinal": -68950,
        "name": "200000 years ago, First Homo Sapiens ",
        "times": [
-124828,
-124408, -123988, -123568, -123148, -122728, -122308, -121888, -121468, -121048, -120628, -120208, -119788, -119368
]},
    "geometry": {
        "type": "Point",
        "coordinates": [ 129.058810030885354, 47.847430912004207 ]
}},
    
    

{ "type": "Feature", "properties": { "id": 3.3, "mag": "#0000FF", "place": "South America", "time": null, "title": "15000 years ago, South America", "timefinal": null, "name": "15000 years ago, South America",
"times": [ 
-98081, -95174.9, -92268.9, -89362.9, -86456.9, -83550.9, -80644.9, -77738.9, -74832.9, -71926.9, -69020.9, -66114.9, -63208.9, -60302.9, -57396.9, -54490.9, -51584.9, -48678.9, -45772.9,
-42866.9, -39960.9
] },
 "geometry": 
 { "type": "LineString", "coordinates": [ 
[ 107.30718259692128, 36.827883974092885 ], [ 107.003323676838676, 35.496112573173718 ], [ 106.722267499733192, 34.159343059408982 ], [ 106.464096147593239, 32.817965834108747 ], [ 106.228885018932203, 31.47237264425754 ], [ 106.016702806768478, 30.122956468105333 ], [ 105.827611478563711, 28.770111400398875 ], [ 105.661666258125365, 27.414232537286974 ], [ 105.518915609478697, 26.055715860933351 ], [ 105.399401222712896, 24.694958123870673 ], [ 105.303158001805542, 23.332356733129668 ], [ 105.230214054429013, 21.968309634177043 ], [ 105.180590683741642, 20.603215194696183 ], [ 105.154302382166193, 19.237472088244527 ], [ 105.151356827157372, 17.871479177821623 ], [ 105.17175487895959, 16.505635399381859 ], [ 105.215490580355805, 15.140339645325865 ], [ 105.282551158407259, 13.775990648004671 ], [ 105.372917028183835, 12.412986863270575 ], [ 105.486561798483748, 11.051726354109 ]
 ] }},
       

  { "type": "Feature",
    "properties": { "id": 66, "mag": 10, "place": "First Homo Sapiens 200000 ago ", "time": -16206, "title": "*2.021", "timefinal": -68950,
        "name": "200000 years ago, First Homo Sapiens ",
        "times": [
-98081, -95174.9, -92268.9, -89362.9, -86456.9, -83550.9, -80644.9, -77738.9, -74832.9, -71926.9, -69020.9, -66114.9, -63208.9, -60302.9, -57396.9, -54490.9, -51584.9, -48678.9, -45772.9,
-42866.9, -39960.9 
]},
    "geometry": {
        "type": "Point",
	"coordinates": [107.30718259692128, 36.827883974092885]
}},  

  { "type": "Feature",
    "properties": { "id": 66, "mag": 10, "place": "First Homo Sapiens 200000 ago ", "time": -16206, "title": "*2.021", "timefinal": -68950,
        "name": "200000 years ago, First Homo Sapiens ",
        "times": [
-44324, -43872, -43458, -40054, -39815, -39445, -38677, -37908, -37819, -37453, -36887, -35538, -35161
]},
    "geometry": {
        "type": "Point",
	"coordinates": [ 105.486561798483748, 11.051726354109 ]
}},    


 { "type": "Feature",
    "properties": { "id": 66, "mag": 10, "place": "First Homo Sapiens 200000 ago ", "time": -16206, "title": "*10.003", "timefinal": -68950,
        "name": "200000 years ago, First Homo Sapiens ",
        "times": [
-113525,
 -112311, -109699, -84221, -77338, -70910, -58601, -57187, -56189, -54568, -50068, -49769, -48828, -47621, -46251
]},
    "geometry": {
        "type": "Point",
        "coordinates": [ 35.338239779684407, 30.578146617173005 ]
}},

 { "type": "Feature",
    "properties": { "id": 66, "mag": 10, "place": "First Homo Sapiens 200000 ago ", "time": -16206, "title": "*10.003", "timefinal": -68950,
        "name": "200000 years ago, First Homo Sapiens ",
        "times": [
-46775, -46251, -44692, -44508, -44324, -43872, -43458, -40054
]},
    "geometry": {
        "type": "Point",
        "coordinates": [ 121.8650584944846, 42.023503380930578 ] 
}},


 { "type": "Feature",
    "properties": { "id": 66, "mag": 10, "place": "First Homo Sapiens 200000 ago ", "time": -16206, "title": "*2.016", "timefinal": -68950,
        "name": "200000 years ago, First Homo Sapiens ",
        "times": [
-121888, -121468, -121048, -120628, -120208, -119788, -119368, -118948, -118528, -118108, -117688, -117268, -116848,
-116428, -116008, -115588, -115168
]},
    "geometry": {
        "type": "Point",
        "coordinates": [ 26.452225365550419, 27.213869240048069 ]
}},

 { "type": "Feature",
    "properties": { "id": 66, "mag": 10, "place": "First Homo Sapiens 200000 ago ", "time": -16206, "title": "*15.002", "timefinal": -68950,
        "name": "200000 years ago, First Homo Sapiens ",
        "times": [
-44692, -44508, -44324, -43872, -43458, -40054, -39815, -39445, -38677, -37908, -37819, -37453, -36887, -35538, -35161, -33713,
 -30000, -31027, -29683, -28364, -26713, -24147, -23735, -22367, -21964, -21573, -20063
]},
    "geometry": {
        "type": "Point",
        "coordinates": [ 32.452225365550419, 26.213869240048069 ]
}},

 { "type": "Feature",
    "properties": { "id": 66, "mag": 10, "place": "First Homo Sapiens 200000 ago ", "time": -16206, "title": "*2.029", "timefinal": -68950,
        "name": "200000 years ago, First Homo Sapiens ",
        "times": [
-36887, -35538, -35161, -33713,
 -30000, -31027, -29683, -28364, -26713, -24147, -23735, -22367, -21964, -21573, -20063
]},
    "geometry": {
        "type": "Point",
        "coordinates": [ 35.452225365550419, 29.213869240048069 ]
}},

{ "type": "Feature",
    "properties": { "id": 66, "mag": 10, "place": "First Homo Sapiens 200000 ago ", "time": -16206, "title": "*2.032", "timefinal": -68950,
        "name": "200000 years ago, First Homo Sapiens ",
        "times": [
-36887, -35538, -35161, -33713,
 -30000, -31027, -29683, -28364, -26713, -24147, -23735, -22367, -21964, -21573, -20063
]},
    "geometry": {
        "type": "Point",
        "coordinates": [ 33.452225365550419, 28.213869240048069 ]
}},



 { "type": "Feature",
    "properties": { "id": 66, "mag": 10, "place": "First Homo Sapiens 200000 ago ", "time": -16206, "title": "*150.002", "timefinal": -68950,
        "name": "200000 years ago, First Homo Sapiens ",
        "times": [
-31027, -29683, -28364, -26713, -24147, -23735, -22367, -21964, -21573, -20063
]},
    "geometry": {
        "type": "Point",
        "coordinates": [ 34.452225365550419, 29.213869240048069 ]
}},


 { "type": "Feature", "properties": { "id": 11.2, "mag": "#0000FF", "place": "Solo", "time": -160001, "title": "Solo 500000 years ago, Indonesia, Asia", "timefinal": -500000, "name": "Solo",
"times": [ 
-111668, -111364, -111060, -110756, -110452, -110148, -109844, -109540, -109236, -108932, -108628, -108324, -108020, -107716, -107412, -107108, -106804, -106500, -106196,
-105892, -105588, -105284, -104980, -104676, -104372, -104068, -103764, -103460, -103156, -102852, -102548, -102244, -101940, -101636, -101332, -101028, -100724, -100420,
-100116, -99812, -99508, -99204, -98900, -98596, -98292, -97988, -97684, -97380, -97076, -96772, -96468, -96164, -95860, -95556, -95252, -94948, -94644,
-94340, -94036, -93732, -93428, -93124, -92820, -92516, -92212, -91908, -91604, -91300, -90996, -90692, -90388, -90084, -89780, -89476, -89172, -88868,
-88564, -88260, -87956, -87652, -87348, -87044, -86740, -86436, -86132, -85828, -85524, -85220, -84916, -84612, -84308, -84004, -83700, -83396, -83092,
-82788, -82484, -82180, -81876, -81572, -81268, -80964, -80660, -80356, -80052, -79748, -79444, -79140, -78836, -78532, -78228, -77924, -77620, -77316,
-77012, -76708, -76404, -76100, -75796, -75492, -75188, -74884, -74580, -74276, -73972, -73668, -73364, -73060, -72756, -72452, -72148, -71844, -71540,
-71236, -70932, -70628, -70324, -70020, -69716, -69412, -69108, -68804, -68500, -68196, -67892, -67588, -67284, -66980, -66676, -66372, -66068, -65764,
-65460, -65156, -64852, -64548, -64244, -63940, -63636, -63332, -63028, -62724, -62420, -62116, -61812, -61508, -61204, -60900, -60596, -60292, -59988,
-59684, -59380, -59076, -58772, -58468, -58164, -57860, -57556, -57252, -56948, -56644, -56340, -56036, -55732, -55428, -55124, -54820, -54516, -54212,
-53908, -53604, -53300, -52996, -52692, -52388, -52084, -51780, -51476, -51172, -50868, -50564, -50260, -49956, -49652, -49348, -49044, -48740, -48436,
-47828, -47524, -47220, -46916, -46612, -46308, -46004, -45700, -45396
] },
 "geometry": { "type": "LineString", "coordinates": 
[ [ 35.338239779684407, 30.578146617173005 ], [ 36.173007535241474, 30.779621173763005 ], [ 37.00071594121188, 31.026310737895361 ], [ 37.692095903846045, 31.195098334406989 ], [ 38.549017547674261, 31.42880423726923 ], [ 39.302069901341483, 31.584608172510723 ], [ 40.068105916278832, 31.753395769022344 ], [ 40.7951909474058, 31.935167026804088 ], [ 41.570397189344177, 32.088972655878401 ], [ 43.38867728611315, 32.350644187448061 ], [ 45.180422541390321, 32.662252057931056 ], [ 46.014622777995861, 32.75313768682193 ], [ 46.894265829046766, 32.869990638253043 ], [ 47.715482404382172, 32.947892605873797 ], [ 48.647672914404779, 33.033238930069274 ], [ 49.44230935330873, 33.116680202385417 ], [ 50.347919726899889, 33.18159850873603 ], [ 51.221070947315795, 33.220549492546411 ], [ 52.191599627257567, 33.285467798897031 ], [ 53.905442914914005, 33.337402443977524 ], [ 54.694200337074136, 33.32441878270739 ], [ 55.489449589869196, 33.337402443977531 ], [ 56.3171579958397, 33.33740244397751 ], [ 57.232506115383437, 33.337402443977531 ], [ 57.914148332065018, 33.32441878270739 ], [ 58.579560972158838, 33.311435121437277 ], [ 59.316383749238469, 33.298451460167136 ], [ 60.059698356953028, 33.259500476356777 ], [ 61.435966451586225, 33.207565831276277 ], [ 62.159805567395736, 33.15563118619577 ], [ 62.916103836380429, 33.103696541115283 ], [ 63.652926613460053, 33.064745557304896 ], [ 64.38525291056817, 33.026871971733463 ], [ 65.210965965874991, 32.960876267143902 ], [ 66.050491250342304, 32.916790850667191 ], [ 66.86313686249828, 32.818055993172543 ], [ 67.711042108131522, 32.750335360627432 ], [ 68.554258742932006, 32.659006142613521 ], [ 69.364997558678425, 32.52769675419291 ], [ 71.010457254659144, 32.249130836729975 ], [ 71.829409945790744, 32.088972655878401 ], [ 73.003894374315365, 31.835584896346681 ], [ 74.174098287457966, 31.563111354157478 ], [ 75.339711556159187, 31.271624240625734 ], [ 76.500425267978613, 30.961200806069364 ], [ 77.655931808963203, 30.631923319336302 ], [ 78.805924945171512, 30.283879046001438 ], [ 79.950099903832253, 29.917160225239392 ], [ 80.957421418224499, 29.617573545882685 ], [ 81.452691780576416, 29.441782727315044 ], [ 82.423477859215623, 29.039261670318297 ], [ 82.897827476209116, 28.813014936474431 ], [ 83.364052074039378, 28.570466450404339 ], [ 83.821591628014829, 28.311907559114907 ], [ 84.96602902877396, 27.77588794333332 ], [ 86.092942022454636, 27.203942930738034 ], [ 86.649473839480052, 26.904675821582853 ], [ 87.747992142050222, 26.279926646571564 ]
 
 , [ 88.350649222984984, 26.083885537931717 ], [ 88.801114373999937, 26.065848930254404 ], [ 89.251825582917988, 26.055671619653591 ], [ 89.70264573847065, 26.053356702178228 ], [ 90.153437696246655, 26.058904882051472 ], [ 90.60406432041286, 26.072314471456462 ], [ 91.054388525432358, 26.093581391049756 ], [ 91.504273317767499, 26.122699171202321 ], [ 91.953581837554708, 26.159658953967664 ], [ 92.402177400238855, 26.204449495776519 ], [ 92.849923538154115, 26.257057170857252 ], [ 93.296684042038976, 26.317465975380983 ], [ 93.742323002472517, 26.385657532330118 ], [ 94.186704851219602, 26.461611097088845 ], [ 94.629694402472182, 26.545303563753851 ], [ 95.07115689397429, 26.636709472163432 ], [ 95.510958028018237, 26.735801015642696 ], [ 95.948964012299342, 26.842548049462717 ], [ 96.385041600617129, 26.956918100010842 ], [ 96.819058133410181, 27.078876374669541 ], [ 97.250881578112711, 27.2083857724007 ], [ 97.680380569320192, 27.345406895032156 ], [ 98.107424448752283, 27.48989805924306 ], [ 98.53188330500042, 27.641815309244386 ], [ 98.953628013048274, 27.801112430150766 ], [ 99.372530273553068, 27.967740962039567 ], [ 99.788462651875534, 28.14165021469293 ], [ 100.201298616847012, 28.322787283018272 ], [ 100.61091257926158, 28.511097063142618 ], [ 101.017179930081625, 28.706522269175771 ], [ 101.419977078345312, 28.909003450637329 ], [ 101.819181488764329, 29.11847901054216 ], [ 102.214671719000393, 29.334885224138873 ], [ 102.606327456609364, 29.558156258295597 ], [ 102.994029555641603, 29.788224191527117 ], [ 103.377660072887508, 30.025019034657358 ], [ 103.757102303757065, 30.268468752110827 ], [ 104.132240817782673, 30.518499283826635 ], [ 104.502961493734389, 30.775034567788392 ], [ 104.869151554336796, 31.037996563163077 ], [ 105.23069960057714, 31.307305274041912 ], [ 105.587495645594089, 31.58287877377602 ], [ 105.939431148136919, 31.864633229899361 ], [ 106.286399045584986, 32.152482929631532 ], [ 106.628293786517347, 32.446340305952468 ], [ 106.965011362822594, 32.746115964241369 ], [ 107.296449341339354, 33.051718709471444 ], [ 107.62250689501748, 33.363055573952465 ], [ 107.943084833590774, 33.680031845612554 ], [ 108.25808563375179, 34.00255109681062 ], [ 108.567413468819396, 34.330515213670708 ], [ 108.870974237890408, 34.663824425929306 ], [ 109.168675594466038, 35.002377337286553 ], [ 109.460426974544689, 35.346070956252092 ], [ 109.746139624172613, 35.694800727476213 ], [ 110.025726626443713, 36.048460563556723 ], [ 110.299102927940694, 36.406942877311899 ], [ 110.566185364609211, 36.770138614509683 ], [ 110.826892687057281, 37.137937287043165 ], [ 111.081145585272253, 37.510227006542273 ], [ 111.32886671274774, 37.886894518411431 ], [ 111.56998071001334, 38.267825236282853 ], [ 111.804414227559732, 38.652903276874966 ], [ 112.032095948152431, 39.042011495245362 ], [ 112.252956608527256, 39.435031520427479 ] 

 , [ 112.336051850455419, 39.747343899158423 ], [ 112.59757197442687, 39.726149535581449 ], [ 112.859415355703675, 39.709415738313666 ], [ 113.121505919073257, 39.697147369143757 ], [ 113.383767517507437, 39.689347992487917 ], [ 113.64612395428604, 39.686019874354315 ], [ 113.9084990051348, 39.687163981684677 ], [ 114.170816440371397, 39.692779982073404 ], [ 114.433000047052985, 39.702866243864115 ], [ 114.694973651118843, 39.717419836623712 ], [ 114.956661139521856, 39.736436531993789 ], [ 115.21798648234207, 39.759910804919116 ], [ 115.478873754876261, 39.787835835252864 ], [ 115.739247159696887, 39.820203509738157 ], [ 115.999031048674027, 39.857004424365201 ], [ 116.258149944953971, 39.898227887103552 ], [ 116.516528564888034, 39.943861921008541 ], [ 116.774091839905282, 39.993893267700997 ], [ 117.030764938322719, 40.048307391219311 ], [ 117.28647328708665, 40.107088482242688 ], [ 117.541142593438934, 40.170219462684315 ], [ 117.794698866501776, 40.237681990653194 ], [ 118.047068438774858, 40.309456465783128 ], [ 118.298177987538409, 40.385522034927369 ], [ 118.547954556156242, 40.465856598217229 ], [ 118.796325575272334, 40.550436815482897 ], [ 119.043218883894909, 40.639238113034651 ], [ 119.288562750361876, 40.732234690802386 ], [ 119.53228589318158, 40.829399529831534 ], [ 119.774317501742658, 40.930704400133045 ], [ 120.014587256887225, 41.036119868885251 ], [ 120.253025351341094, 41.145615308985199 ], [ 120.489562509995466, 41.259158907946947 ], [ 120.724130010033889, 41.376717677144292 ], [ 120.956659700898797, 41.49825746139517 ], [ 121.187084024091703, 41.62374294888501 ], [ 121.415336032801562, 41.753137681426125 ], [ 121.641349411355222, 41.886404065050172 ], [ 121.8650584944846, 42.023503380930578 ] 
]
 
 } },  
  

{ "type": "Feature",
    "properties": { "id": 66, "mag": 10, "place": "First Homo Sapiens 200000 ago ", "time": -16206, "title": "*10.006", "timefinal": -68950,
        "name": "200000 years ago, First Homo Sapiens ",
        "times": [
-12600, -5133
]},
    "geometry": {
        "type": "Point",
        "coordinates": [41.311192404502063, 7.321925220835992]
}},
{ "type": "Feature", "properties": { "id": 3.3, "mag": "#0000FF", "place": "(AFR-EAS to SA)", "time": null, "title": "15000 years ago, South America", "timefinal": null, "name": "15000 years ago, South America",
"times": [
      -12915, -12348, -12141, -11935, -11728, -11521, -11315, -11108, -10901, -10695,
  -10488, -10281, -10075,  -9868,  -9661,  -9455,  -9248,  -9041,  -8835,  -8628,
   -8421,  -8215,  -8008,  -7801,  -7595,  -7388,  -7181,  -6975,  -6768,  -6561,
   -6355,  -6148,  -5941,  -5735,  -5528,  -5321,  -5262
]},
 "geometry":
 { "type": "LineString", "coordinates":[ [ 33.628342241101493, -3.682684826898907 ], [ 33.001616517680773, -1.888990126760813 ], [ 32.711664189919979, -0.984265365183106 ], [ 31.499350047426404, 3.607218012077364 ], [ 31.304886667046233, 4.53715523591393 ], [ 31.126570678084505, 5.470323310092608 ], [ 30.964455653742782, 6.406441873880565 ], [ 30.346713100740253, 18.715671019568507 ], [ 31.488043892683152, 25.514795857792183 ], [ 31.622787347469977, 25.793955329161321 ], [ 31.762328233745752, 26.070747941274355 ], [ 33.226761961009913, 28.442022455209706 ], [ 33.411762082204383, 28.690740697847875 ], [ 33.601026822026888, 28.936229327570118 ], [ 33.794499811493829, 29.178415230152638 ], [ 33.992123428272691, 29.41722627502751 ], [ 34.19383881384379, 29.652591336765418 ], [ 34.399585891030185, 29.884440316259052 ], [ 34.609303381890555, 30.112704161600831 ], [ 35.947408825595325, 31.403269571888135 ], [ 36.183106485788436, 31.60459622696013 ], [ 36.422243371208801, 31.801825431426494 ], [ 36.664748259381554, 31.994898444235915 ], [ 36.91054892473484, 32.183757762181486 ], [ 37.159572160110848, 32.368347137026973 ], [ 37.411743798569219, 32.548611592259299 ], [ 37.666988735476266, 32.724497439462269 ], [ 38.986621437119638, 33.536460609212909 ], [ 39.258679308798783, 33.685021450353503 ], [ 46.658337432779412, 35.776513964732189 ], [ 55.323922578055765, 35.347684865686645 ], [ 67.494994292681071, 30.885803857524568 ], [ 68.000218020805676, 30.57569697582964 ], [ 68.499996795800314, 30.256889087596708 ], [ 68.994180783810805, 29.929475771543849 ], [ 69.839222383850085, 29.046392014770497 ], [ 77.090606171137111, 22.496755045608019 ] ]

}},

{ "type": "Feature",
    "properties": { "id": 66, "mag": 10, "place": "First Homo Sapiens 200000 ago(AFR-EAS to SA) ", "time": -16206, "title": "*166.001", "timefinal": -68950,
        "name": "200000 years ago, First Homo Sapiens ",
        "times": [
   -12915, -12348, -12141, -11935, -11728, -11521, -11315, -11108, -10901, -10695,
  -10488, -10281, -10075,  -9868,  -9661,  -9455,  -9248,  -9041,  -8835,  -8628,
   -8421,  -8215,  -8008,  -7801,  -7595,  -7388,  -7181,  -6975,  -6768
]},
    "geometry": {
        "type": "Point",
        "coordinates": [33.428342241101493, -3.482684826898907]
}},
{ "type": "Feature",
    "properties": { "id": 66, "mag": 10, "place": "First Homo Sapiens 200000 ago(AFR-EAS to SA)", "time": -16206, "title": "*166.001", "timefinal": -68950,
        "name": "200000 years ago, First Homo Sapiens ",
        "times": [
  -6561,  -6355,  -6148,  -5941,  -5735,  -5528,  -5321,  -5262
]},
    "geometry": {
        "type": "Point",
        "coordinates": [ 77.490606171137111, 22.496755045608019 ]
}},
{ "type": "Feature", "properties": { "id": 3.3, "mag": "#0000FF", "place": "(AFR-EAS to EAS)", "time": null, "title": "15000 years ago, South America", "timefinal": null, "name": "15000 years ago, South America",
"times": [
   -13050, -12862, -12673, -12484, -12296, -12107, -11919, -11730, -11541, -11353,
  -11164, -10975, -10787, -10598, -10410, -10221, -10032,  -9844,  -9655,  -9467,
   -9278,  -9089,  -8901,  -8712,  -8524,  -8335,  -8146,  -7958,  -7769,  -7581,
   -7392,  -7203,  -7015,  -6826,  -6637,  -6449,  -6260,  -6072,  -5883,  -5694,
   -5506,  -5317
]},
 "geometry":
 { "type": "LineString", "coordinates":  [ [ 38.854273250118922, 1.7335961478081 ], [ 37.61137502458682, 3.331608152063659 ], [ 37.433818135225096, 3.686721930787115 ], [ 37.256261245863371, 4.041835709510579 ], [ 34.237794126713979, 11.32166817334145 ], [ 34.060237237352254, 11.676781952064907 ], [ 34.060237237352254, 12.031895730788371 ], [ 33.882680347990515, 12.742123288235284 ], [ 33.70512345862879, 13.274793956320465 ], [ 33.527566569267066, 13.629907735043929 ], [ 33.350009679905341, 14.16257840312911 ], [ 31.929554565011504, 22.507752203130359 ], [ 32.284668343734964, 24.283321096747649 ], [ 32.462225233096689, 24.638434875471106 ], [ 32.639782122458428, 24.993548654194562 ], [ 33.172452790543602, 26.414003769088392 ], [ 33.350009679905341, 26.769117547811849 ], [ 33.70512345862879, 27.124231326535305 ], [ 33.882680347990515, 27.656901994620494 ], [ 41.162512811821401, 33.516279343557542 ], [ 41.695183479906589, 33.693836232919267 ], [ 42.227854147991764, 33.871393122280999 ], [ 42.582967926715227, 34.048950011642724 ], [ 42.938081705438691, 34.226506901004456 ], [ 43.470752373523865, 34.40406379036618 ], [ 44.003423041609054, 34.581620679727912 ], [ 44.358536820332517, 34.759177569089644 ], [ 44.713650599055967, 34.759177569089644 ], [ 45.068764377779431, 34.936734458451369 ], [ 67.973603105442422, 37.600087798877297 ], [ 68.328716884165885, 37.600087798877297 ], [ 69.038944441612799, 37.422530909515572 ], [ 69.394058220336262, 37.422530909515572 ], [ 69.926728888421451, 37.422530909515572 ], [ 70.2818426671449, 37.422530909515572 ], [ 70.814513335230089, 37.422530909515572 ], [ 71.169627113953538, 37.422530909515572 ], [ 79.337244024593062, 37.600087798877297 ], [ 80.047471582039975, 37.777644688239029 ], [ 100.999184526723965, 35.291848237174825 ], [ 106.325891207575822, 34.40406379036618 ], [ 108.456573879916576, 33.693836232919267 ] ]
 }},

{ "type": "Feature",
    "properties": { "id": 66, "mag": 10, "place": "First Homo Sapiens 200000 ago(AFR-EAS to EAS) ", "time": -16206, "title": "*112.001", "timefinal": -68950,
        "name": "200000 years ago, First Homo Sapiens ",
        "times": [
-13050, -12862, -12673, -12484, -12296, -12107, -11919, -11730, -11541, -11353,
  -11164, -10975, -10787, -10598, -10410, -10221, -10032,  -9844,  -9655,  -9467,
   -9278,  -9089,  -8901,  -8712,  -8524,  -8335,  -8146,  -7958,  -7769,  -7581,
   -7392,  -7203,  -7015,  -6826,  -6637,  -6449,  -6260
]},
    "geometry": {
        "type": "Point",
        "coordinates": [38.751273250118922, 1.751296147808156]
}},
{ "type": "Feature",
    "properties": { "id": 66, "mag": 10, "place": "First Homo Sapiens 200000 ago(AFR-EAS to EAS) ", "time": -16206, "title": "*112.001", "timefinal": -68950,
        "name": "200000 years ago, First Homo Sapiens ",
        "times": [
-6072,  -5883, -5694, -5506,  -5317
]},
    "geometry": {
        "type": "Point",
        "coordinates": [ 108.751273879916576, 33.751236232919267 ]
}},
{ "type": "Feature", "properties": { "id": 3.3, "mag": "#0000FF", "place": "(AFR-EAS to EAS)", "time": null, "title": "15000 years ago, South America", "timefinal": null, "name": "15000 years ago, South America",
"times": [
   -13050, -12862, -12673, -12484, -12296, -12107, -11919, -11730, -11541, -11353,
  -11164, -10975, -10787, -10598, -10410, -10221, -10032,  -9844,  -9655,  -9467,
   -9278,  -9089,  -8901,  -8712,  -8524,  -8335,  -8146,  -7958,  -7769,  -7581,
   -7392,  -7203,  -7015,  -6826,  -6637,  -6449,  -6260,  -6072,  -5883,  -5694,
   -5506,  -5317
]},
 "geometry":
 { "type": "LineString", "coordinates":  [ [ 38.854273250118922, 1.7335961478081 ], [ 37.61137502458682, 3.331608152063659 ], [ 37.433818135225096, 3.686721930787115 ], [ 37.256261245863371, 4.041835709510579 ], [ 34.237794126713979, 11.32166817334145 ], [ 34.060237237352254, 11.676781952064907 ], [ 34.060237237352254, 12.031895730788371 ], [ 33.882680347990515, 12.742123288235284 ], [ 33.70512345862879, 13.274793956320465 ], [ 33.527566569267066, 13.629907735043929 ], [ 33.350009679905341, 14.16257840312911 ], [ 31.929554565011504, 22.507752203130359 ], [ 32.284668343734964, 24.283321096747649 ], [ 32.462225233096689, 24.638434875471106 ], [ 32.639782122458428, 24.993548654194562 ], [ 33.172452790543602, 26.414003769088392 ], [ 33.350009679905341, 26.769117547811849 ], [ 33.70512345862879, 27.124231326535305 ], [ 33.882680347990515, 27.656901994620494 ], [ 41.162512811821401, 33.516279343557542 ], [ 41.695183479906589, 33.693836232919267 ], [ 42.227854147991764, 33.871393122280999 ], [ 42.582967926715227, 34.048950011642724 ], [ 42.938081705438691, 34.226506901004456 ], [ 43.470752373523865, 34.40406379036618 ], [ 44.003423041609054, 34.581620679727912 ], [ 44.358536820332517, 34.759177569089644 ], [ 44.713650599055967, 34.759177569089644 ], [ 45.068764377779431, 34.936734458451369 ], [ 67.973603105442422, 37.600087798877297 ], [ 68.328716884165885, 37.600087798877297 ], [ 69.038944441612799, 37.422530909515572 ], [ 69.394058220336262, 37.422530909515572 ], [ 69.926728888421451, 37.422530909515572 ], [ 70.2818426671449, 37.422530909515572 ], [ 70.814513335230089, 37.422530909515572 ], [ 71.169627113953538, 37.422530909515572 ], [ 79.337244024593062, 37.600087798877297 ], [ 80.047471582039975, 37.777644688239029 ], [ 100.999184526723965, 35.291848237174825 ], [ 106.325891207575822, 34.40406379036618 ], [ 108.456573879916576, 33.693836232919267 ] ]
 }},

{ "type": "Feature",
    "properties": { "id": 66, "mag": 10, "place": "First Homo Sapiens 200000 ago(AFR-EAS to EAS) ", "time": -16206, "title": "*170.001", "timefinal": -68950,
        "name": "200000 years ago, First Homo Sapiens ",
        "times": [
-13050, -12862, -12673, -12484, -12296, -12107, -11919, -11730, -11541, -11353,
  -11164, -10975, -10787, -10598, -10410, -10221, -10032,  -9844,  -9655,  -9467,
   -9278,  -9089,  -8901,  -8712,  -8524,  -8335,  -8146,  -7958,  -7769,  -7581,
   -7392,  -7203,  -7015,  -6826,  -6637,  -6449,  -6260
]},
    "geometry": {
        "type": "Point",
        "coordinates": [38.558973250118922, 1.558996147808156]
}},
{ "type": "Feature",
    "properties": { "id": 66, "mag": 10, "place": "First Homo Sapiens 200000 ago(AFR-EAS to EAS) ", "time": -16206, "title": "*170.001", "timefinal": -68950,
        "name": "200000 years ago, First Homo Sapiens ",
        "times": [
-6072,  -5883, -5694, -5506,  -5317
]},
    "geometry": {
        "type": "Point",
        "coordinates": [ 108.558973879916576, 33.558936232919267 ]
}},
{ "type": "Feature",
    "properties": { "id": 66, "mag": 10, "place": "First Homo Sapiens 200000 ago ", "time": -16206, "title": "*28.002", "timefinal": -68950,
        "name": "200000 years ago, First Homo Sapiens ",
        "times": [
-13050, -5317
]},
    "geometry": {
        "type": "Point",
        "coordinates": [20.185996268988155, 50.185996917725387]
}},
{ "type": "Feature",
    "properties": { "id": 66, "mag": 10, "place": "First Homo Sapiens 200000 ago ", "time": -16206, "title": "*59.001", "timefinal": -68950,
        "name": "200000 years ago, First Homo Sapiens ",
        "times": [
-13050, -5317
]},
    "geometry": {
        "type": "Point",
        "coordinates": [20.955996268988155, 50.955996917725387]
}},
{ "type": "Feature", "properties": { "id": 3.3, "mag": "#0000FF", "place": "(AFR-EAS to AMR)", "time": null, "title": "15000 years ago, South America", "timefinal": null, "name": "15000 years ago, South America",
"times": [
  -13050, -13033, -13016, -12999, -12982, -12965, -12948, -12931, -12914, -12897,
  -12880, -12863, -12846, -12829, -12812, -12795, -12778, -12761, -12744, -12727,
  -12710, -12693, -12676, -12659, -12642, -12625, -12608, -12591, -12574, -12557,
  -12540, -12523, -12506, -12489, -12472, -12455, -12438, -12421, -12404, -12387,
  -12369, -12352, -12335, -12318, -12301, -12283, -12266, -12249, -12232, -12215,
  -12197, -12180, -12163, -12146, -12129, -12111, -12094, -12077, -12060, -12043,
  -12025, -12008, -11991, -11974, -11957, -11939, -11922, -11905, -11888, -11871,
  -11853, -11836, -11819, -11802, -11785, -11767, -11750, -11733, -11716, -11699,
  -11681, -11664, -11647, -11630, -11613, -11595, -11578, -11561, -11544, -11527,
  -11509, -11492, -11475, -11458, -11441, -11423, -11406, -11389, -11372, -11355,
  -11337, -11320, -11303, -11286, -11269, -11251, -11234, -11217, -11200, -11183,
  -11165, -11148, -11131, -11114, -11097, -11079, -11062, -11045, -11028, -11011,
  -10993, -10976, -10959, -10942, -10925, -10907, -10890, -10873, -10856, -10839,
  -10821, -10804, -10787, -10770, -10753, -10735, -10718, -10701, -10684, -10667,
  -10649, -10632, -10615, -10598, -10581, -10563, -10546, -10529, -10512, -10495,
  -10477, -10460, -10443, -10426, -10409, -10391, -10374, -10357, -10340, -10323,
  -10305, -10288, -10271, -10254, -10237, -10219, -10202, -10185, -10168, -10151,
  -10133, -10116, -10099, -10082, -10065, -10047, -10030, -10013,  -9996,  -9979,
   -9961,  -9944,  -9927,  -9910,  -9893,  -9875,  -9858,  -9841,  -9824,  -9807,
   -9789,  -9772,  -9755,  -9738,  -9721,  -9703,  -9686,  -9669,  -9652,  -9635,
   -9617,  -9600,  -9583,  -9566,  -9549,  -9531,  -9514,  -9497,  -9480,  -9463,
   -9445,  -9428,  -9411,  -9394,  -9377,  -9359,  -9342,  -9325,  -9308,  -9291,
   -9273,  -9256,  -9239,  -9222,  -9205,  -9187,  -9170,  -9153,  -9136,  -9119,
   -9101,  -9084,  -9067,  -9050,  -9033,  -9015,  -8998,  -8981,  -8964,  -8947,
   -8929,  -8912,  -8895,  -8878,  -8861,  -8843,  -8826,  -8809,  -8792,  -8775,
   -8757,  -8740,  -8723,  -8706,  -8689,  -8671,  -8654,  -8637,  -8620,  -8603,
   -8585,  -8568,  -8551,  -8534,  -8517,  -8499,  -8482,  -8465,  -8448,  -8431,
   -8413,  -8396,  -8379,  -8362,  -8345,  -8327,  -8310,  -8293,  -8276,  -8259,
   -8241,  -8224,  -8207,  -8190,  -8173,  -8155,  -8138,  -8121,  -8104,  -8087,
   -8069,  -8052,  -8035,  -8018,  -8001,  -7983,  -7966,  -7949,  -7932,  -7915,
   -7897,  -7880,  -7863,  -7846,  -7829,  -7811,  -7794,  -7777,  -7760,  -7743,
   -7725,  -7708,  -7691,  -7674,  -7657,  -7639,  -7622,  -7605,  -7588,  -7571,
   -7553,  -7536,  -7519,  -7502,  -7485,  -7467,  -7450,  -7433,  -7416,  -7399,
   -7381,  -7364,  -7347,  -7330,  -7313,  -7295,  -7278,  -7261,  -7244,  -7227,
   -7209,  -7192,  -7175,  -7158,  -7141,  -7123,  -7106,  -7089,  -7072,  -7055,
   -7037,  -7020,  -7003,  -6986,  -6969,  -6951,  -6934,  -6917,  -6900,  -6883,
   -6865,  -6848,  -6831,  -6814,  -6797,  -6779,  -6762,  -6745,  -6728,  -6711,
   -6693,  -6676,  -6659,  -6642,  -6625,  -6607,  -6590,  -6573,  -6556,  -6539,
   -6521,  -6504,  -6487,  -6470,  -6453,  -6435,  -6418,  -6401,  -6384,  -6367,
   -6349,  -6332,  -6315,  -6298,  -6281,  -6263,  -6246,  -6229,  -6212,  -6195,
   -6177,  -6160,  -6143,  -6126,  -6109,  -6091,  -6074,  -6057,  -6040,  -6023,
   -6005,  -5988,  -5971,  -5954,  -5937,  -5919,  -5902,  -5885,  -5868,  -5851,
   -5833,  -5816,  -5799,  -5782,  -5765,  -5747,  -5730,  -5713,  -5696,  -5679,
   -5661,  -5644,  -5627,  -5610,  -5593,  -5575,  -5558,  -5541,  -5524,  -5507,
   -5489,  -5472,  -5455,  -5438,  -5421,  -5403,  -5386,  -5369,  -5352,  -5335,
   -5317
]},
 "geometry":
 { "type": "LineString", "coordinates":[ [ 35.601229928401366, 3.18588712147853 ], [ 35.122542236670597, 4.437533894795472 ], [ 34.665632586614421, 5.697293841394128 ], [ 34.230638401797663, 6.964788066447763 ], [ 33.817690514325946, 8.239635348909999 ], [ 33.426913125495503, 9.521452256173895 ], [ 33.058423768437578, 10.809853259396007 ], [ 32.712333272768205, 12.104450849450938 ], [ 32.388745731254247, 13.404855653481459 ], [ 32.087758468505754, 14.710676552009232 ], [ 31.8094620117038, 16.021520796570801 ], [ 31.553940063372949, 17.336994127843582 ], [ 31.321269476206155, 18.65670089422624 ], [ 31.111520229950017, 19.980244170837807 ], [ 30.924755410357161, 21.307225878899843 ], [ 30.918987620315345, 21.619794470078954 ], [ 30.918669403654462, 21.932416110935478 ], [ 30.923800857079879, 22.244995796422891 ], [ 30.934380421153897, 22.557438534244834 ], [ 30.950404880769675, 22.86964937372305 ], [ 30.971869366128285, 23.181533434652682 ], [ 30.998767354218636, 23.492995936136182 ], [ 31.031090670799809, 23.803942225387011 ], [ 31.06882949288519, 24.114277806494425 ], [ 31.111972351727637, 24.42390836914057 ], [ 31.160506136304836, 24.732739817261198 ], [ 31.214416097303687, 25.040678297641239 ], [ 31.273685851602611, 25.347630228436621 ], [ 31.338297387250332, 25.65350232761357 ], [ 31.408231068939664, 25.958201641296817 ], [ 31.483465643974654, 26.261635572018108 ], [ 31.563978248729232, 26.563711906856341 ], [ 31.649744415595393, 26.86433884546091 ], [ 31.740738080418886, 27.1634250279496 ], [ 31.836931590420026, 27.460879562672687 ], [ 31.938295712597327, 27.756612053834704 ], [ 32.044799642611345, 28.050532628965534 ], [ 32.156411014146059, 28.342551966232449 ], [ 32.273095908744914, 28.632581321584837 ], [ 32.39481886611857, 28.920532555723327 ], [ 32.521542894921204, 29.206318160885129 ], [ 32.653229483992121, 29.48985128743745 ], [ 32.789838614059192, 29.771045770270927 ], [ 32.931328769900631, 30.049816154985002 ], [ 33.077656952961377, 30.326077723857349 ], [ 33.228778694420271, 30.599746521589388 ], [ 33.384648068704038, 30.870739380820133 ], [ 33.545217707443953, 31.138973947400579 ], [ 33.710438813871022, 31.404368705420939 ], [ 33.88026117764516, 31.666843001983157 ], [ 34.05463319011406, 31.926317071711164 ], [ 34.23350185999692, 32.182712060991378 ], [ 34.4168128294884, 32.435950051936189 ], [ 34.604510390777818, 32.685954086062992 ], [ 34.796537502978651, 32.932648187681728 ], [ 34.992835809463145, 33.17595738698374 ], [ 35.193345655596744, 33.415807742824938 ], [ 35.398006106867037, 33.652126365196324 ], [ 35.606754967401599, 33.884841437375137 ], [ 35.819528798869186, 34.113882237749806 ], [ 36.036262939758529, 34.339179161312082 ], [ 36.25689152502882, 34.560663740809844 ], [ 36.481347506125935, 34.778268667554158 ], [ 36.70956267135837, 34.991927811874262 ], [ 36.941467666626629, 35.201576243214205 ], [ 37.176992016499767, 35.407150249865111 ], [ 37.416064145632731, 35.608587358327028 ], [ 37.658611400517962, 35.805826352294517 ], [ 37.904560071564646, 35.9988072912601 ], [ 38.153835415498861, 36.187471528730129 ], [ 38.406361678077943, 36.371761730047247 ], [ 38.662062117112036, 36.551621889814342 ], [ 38.92085902578583, 36.726997348914395 ], [ 39.182673756273552, 36.897834811121342 ], [ 39.447426743639838, 37.064082359296634 ], [ 39.715037530019366, 37.225689471166739 ], [ 39.985424789067814, 37.382607034676802 ], [ 40.194024336505727, 37.821841373517962 ], [ 40.410186229598565, 38.25740378188577 ], [ 40.633845857504191, 38.689164070070959 ], [ 40.864936368305749, 39.11699318481903 ], [ 41.103388688993704, 39.54076324790416 ], [ 41.349131546111764, 39.960347594352044 ], [ 41.602091487060513, 40.375620810300106 ], [ 41.862192902052463, 40.786458770483719 ], [ 42.129358046711801, 41.192738675337253 ], [ 42.403507065312198, 41.594339087698948 ], [ 42.684558014645724, 41.99113996910846 ], [ 42.972426888515685, 42.383022715686423 ], [ 43.267027642846088, 42.769870193585142 ], [ 43.56827222140025, 43.15156677399996 ], [ 43.876070582100823, 43.527998367730731 ], [ 44.190330723943376, 43.899052459283077 ], [ 44.510958714495558, 44.264618140499344 ], [ 44.837858717973475, 44.624586143709045 ], [ 45.170933023887081, 44.978848874389001 ], [ 45.510082076245794, 45.327300443323374 ], [ 45.855204503315903, 45.669836698253974 ], [ 46.20619714792052, 46.0063552550114 ], [ 46.562955098273321, 46.336755528117692 ], [ 46.925371719336702, 46.660938760851352 ], [ 47.29333868469503, 46.978808054765736 ], [ 47.666746008933394, 47.290268398652053 ], [ 48.045482080512329, 47.595226696938234 ], [ 48.429433695128466, 47.893591797515199 ], [ 48.818486089551399, 48.185274518982254 ], [ 49.212522975926369, 48.470187677303443 ], [ 49.6114265765328, 48.748246111866884 ], [ 50.015077658988041, 49.019366710939252 ], [ 50.423355571885963, 49.283468436507945 ], [ 50.836138280859693, 49.540472348503357 ], [ 51.253302405057759, 49.790301628394062 ], [ 51.674723254022581, 50.032881602147903 ], [ 52.100274864960525, 50.268139762552089 ], [ 52.52983004039222, 50.496005790885597 ], [ 52.963260386171882, 50.716411577937492 ], [ 53.400436349864393, 50.92929124436472 ], [ 53.841227259468511, 51.134581160383547 ], [ 54.285501362474811, 51.332219964788436 ], [ 54.733125865246492, 51.522148583292974 ], [ 55.183966972711488, 51.704310246187191 ], [ 77.981780248177003, 60.472699967520086 ], [ 79.791429573887399, 61.052355493763542 ], [ 81.610783985097726, 61.600790300789683 ], [ 83.439304894477488, 62.117842034283797 ], [ 85.276451001118289, 62.603357630328702 ], [ 87.121678450776344, 63.057193360716624 ], [ 88.974440996870811, 63.479214875497348 ], [ 90.834190162190367, 63.869297242750136 ], [ 92.700375401259976, 64.227324985567591 ], [ 94.572444263320165, 64.553192116240481 ], [ 96.449842555870049, 64.846802167633584 ], [ 98.332014508726218, 65.108068221743011 ], [ 100.218402938548479, 65.336912935426682 ], [ 102.108449413784086, 65.533268563300496 ], [ 104.001594419981387, 65.697076977793031 ], [ 105.897277525424002, 65.828289686353216 ], [ 107.794937547036739, 65.926867845805688 ], [ 109.694012716513697, 65.992782273849599 ], [ 111.593940846619759, 66.026013457697573 ], [ 113.423353417142167, 66.4237977943706 ], [ 115.259422795354993, 66.789628315345666 ], [ 117.101590897533157, 67.123393824356285 ], [ 118.949297786209684, 67.424992871478608 ], [ 120.80198184037198, 67.694333783967735 ], [ 122.659079926169753, 67.931334694122185 ], [ 124.520027568082639, 68.135923564168039 ], [ 126.384259120495841, 68.308038208155153 ], [ 128.251207939631314, 68.447626310859121 ], [ 130.120306555782264, 68.554645443682574 ], [ 131.990986845799, 68.629063077551706 ], [ 133.862680205772989, 68.670856592803673 ], [ 135.734817723867309, 68.680013286061893 ], [ 137.606830353240667, 68.656530374097443 ], [ 138.897524002330812, 68.842126554858012 ], [ 140.191153704314559, 69.006011368859731 ], [ 141.487354268295604, 69.148138551517022 ], [ 142.78575977762506, 69.268467980410634 ], [ 144.086003693199189, 69.366965686614307 ], [ 145.387718956933298, 69.443603864284128 ], [ 146.690538095381982, 69.49836087850808 ], [ 147.994093323476676, 69.531221271413571 ], [ 149.298016648351108, 69.54217576653123 ], [ 150.601939973225569, 69.531221271413585 ], [ 151.905495201320264, 69.498360878508095 ], [ 153.208314339768947, 69.443603864284142 ], [ 154.510029603503057, 69.366965686614336 ], [ 155.810273519077157, 69.268467980410648 ], [ 157.108679028406613, 69.148138551517036 ], [ 158.404879592387658, 69.00601136885976 ], [ 159.698509294371405, 68.842126554858027 ], [ 160.989202943461692, 68.656530374097443 ], [ 161.818682922249366, 68.470223056402176 ], [ 162.651203406548944, 68.298010701857038 ], [ 163.486524905307334, 68.139942850766332 ], [ 164.324407121703956, 67.996064974487027 ], [ 165.164609022277034, 67.86641846234798 ], [ 166.006888906261423, 67.751040609743484 ], [ 166.851004475118884, 67.649964607404542 ], [ 167.696712902239938, 67.563219531850791 ], [ 168.543770902797775, 67.49083033702621 ], [ 169.391934803733989, 67.432817847120475 ], [ 170.240960613855947, 67.389198750578601 ], [ 171.090604094025764, 67.359985595300088 ], [ 171.940620827420418, 67.345186785029256 ], [ 172.790766289843305, 67.344806576937856 ], [ 173.640795920066239, 67.358845080400286 ], [ 174.490465190182505, 67.387298256962168 ], [ 175.33952967595016, 67.430157921502143 ], [ 176.187745127105387, 67.487411744586396 ], [ 178.06677518031529, 67.308273760280215 ], [ 179.942425317418497, 67.096658728980913 ], [ 181.814134249458675, 66.852629976560294 ], [ 183.681341866886527, 66.576260528707408 ], [ 185.543489407172586, 66.267633089075758 ], [ 187.400019622017339, 65.926840014534037 ], [ 189.250376944107757, 65.553983287528453 ], [ 191.094007653371278, 65.149174485564288 ], [ 199.567922538883437, 65.63003408819452 ], [ 208.046227781281544, 66.026013457697573 ], [ 208.510650897613857, 66.135453720109609 ], [ 208.976896357646694, 66.236849839460717 ], [ 209.444824841967744, 66.330171517444569 ], [ 209.914296528258035, 66.415390868489197 ], [ 210.385171133072419, 66.492482428089488 ], [ 210.857307953757868, 66.561423160416268 ], [ 211.330565910496944, 66.622192465199632 ], [ 211.804803588464154, 66.674772183884613 ], [ 212.279879280082156, 66.719146605057063 ], [ 212.755651027365701, 66.755302469138485 ], [ 213.231976664340237, 66.783228972348127 ], [ 213.708713859522675, 66.802917769931241 ], [ 214.185720158451772, 66.814362978652611 ], [ 214.662853026254965, 66.817561178554541 ], [ 215.139969890239513, 66.812511413978754 ], [ 215.616928182494775, 66.799215193851978 ], [ 216.09358538249316, 66.777676491235013 ], [ 216.569799059676797, 66.747901742135639 ], [ 217.045426916017533, 66.709899843585333 ], [ 217.520326828537037, 66.663682150980819 ], [ 217.994356891774828, 66.609262474690951 ], [ 218.467375460191221, 66.546657075929957 ], [ 218.939241190492595, 66.475884661898462 ], [ 219.409813083866453, 66.396966380193561 ], [ 219.878950528113336, 66.309925812489638 ], [ 220.346513339663375, 66.214788967491899 ], [ 220.812361805464832, 66.111584273164766 ], [ 221.276356724731727, 66.000342568237159 ], [ 221.738359450538866, 65.881097092987574 ], [ 222.198231931250859, 65.753883479311583 ], [ 222.655836751773705, 65.618739740074517 ], [ 223.111037174615831, 65.475706257752847 ], [ 223.563697180746885, 65.324825772367461 ], [ 224.013681510241781, 65.166143368712426 ], [ 224.460855702697785, 64.999706462883125 ], [ 224.905086137412894, 64.82556478810784 ], [ 225.346240073313169, 64.643770379886917 ], [ 225.784185688617328, 64.454377560443874 ], [ 226.218792120226482, 64.257442922493411 ], [ 226.649929502827575, 64.053025312330803 ], [ 227.077469007698596, 63.841185812248007 ], [ 227.501282881204133, 63.621987722281531 ], [ 227.921244482969428, 63.39549654129771 ], [ 228.608650993601287, 63.043410254615125 ], [ 229.290022688078153, 62.679782590520773 ], [ 229.965165807202567, 62.304716952494672 ], [ 230.633888362974432, 61.918319996591919 ], [ 231.296000193185989, 61.520701601113473 ], [ 231.951313015497533, 61.111974835360286 ], [ 232.599640480978536, 60.692255927480318 ], [ 233.240798227099106, 60.261664231417114 ], [ 233.874603930156383, 59.82032219296957 ], [ 234.500877357121368, 59.368355314972419 ], [ 235.119440416891109, 58.905892121607508 ], [ 235.730117210931752, 58.433064121855807 ], [ 236.332734083298305, 57.950005772100695 ], [ 236.927119670016396, 57.456854437893085 ], [ 237.513104947812536, 56.953750354889223 ], [ 238.090523282178623, 56.440836588972502 ], [ 238.659210474757145, 55.918258995570213 ], [ 239.219004810033738, 55.386166178177234 ], [ 239.769747101323645, 54.844709446098179 ], [ 240.311280736038981, 54.294042771420145 ], [ 240.843451720224152, 53.734322745228155 ], [ 241.366108722346524, 53.165708533076007 ], [ 242.089062826056704, 51.625989655520286 ], [ 242.835469284864303, 50.097502084022544 ], [ 243.605153671744745, 48.580603009408392 ], [ 244.397936119876249, 47.075646914398504 ], [ 245.21363136467275, 45.582985490769836 ], [ 246.05204878707832, 44.102967557169166 ], [ 246.912992458112569, 42.635938977597924 ], [ 247.796261184657311, 41.182242580587719 ], [ 248.302522139991623, 40.530943704796172 ], [ 248.79767283343358, 39.871158761585647 ], [ 249.281571047209837, 39.20307725517528 ], [ 249.754077795497665, 38.526891072733015 ], [ 250.215057364344688, 37.842794429261495 ], [ 250.664377350648721, 37.150983811815422 ], [ 251.101908700186897, 36.451657923066342 ], [ 251.527525744682549, 35.745017624230961 ], [ 251.941106237900044, 35.03126587737961 ], [ 252.342531390756278, 34.310607687141186 ], [ 252.731685905439633, 33.583250041821529 ], [ 253.108458008525702, 32.849401853951946 ], [ 253.472739483081256, 32.109273900285139 ], [ 253.8244256997462, 31.363078761255622 ], [ 254.163415646785495, 30.611030759922151 ], [ 254.489611959101836, 29.853345900409568 ], [ 254.802920946200913, 29.090241805867855 ], [ 255.103252619101397, 28.321937655966153 ], [ 255.167702279504908, 28.090031562221469 ], [ 255.236125778561728, 27.859266703937397 ], [ 255.30850292753135, 27.629711169590962 ], [ 255.384812371126458, 27.401432690841322 ], [ 255.465031593814018, 27.174498622545151 ], [ 255.549136926458516, 26.948975922883218 ], [ 255.637103553305707, 26.724931133603988 ], [ 255.728905519304647, 26.502430360390107 ], [ 255.824515737765893, 26.281539253353543 ], [ 255.923905998353575, 26.062322987665155 ], [ 256.02704697540895, 25.844846244324387 ], [ 256.133908236603247, 25.62917319107477 ], [ 256.24445825191674, 25.415367463470869 ], [ 256.35866440294194, 25.203492146102253 ], [ 256.476492992507929, 24.993609753980031 ], [ 256.597909254622607, 24.785782214091444 ], [ 256.722877364730948, 24.580070847127949 ], [ 256.851360450285085, 24.376536349392214 ], [ 256.983320601623689, 24.175238774889326 ], [ 257.118718883157499, 23.976237517607515 ], [ 257.257515344857495, 23.779591293993626 ], [ 257.399669034042404, 23.585358125628488 ], [ 257.545138007462015, 23.393595322107338 ], [ 257.693879343672677, 23.204359464130278 ], [ 257.845849155701615, 23.017706386807838 ], [ 258.001002603996028, 22.833691163186501 ], [ 258.159293909653115, 22.652368087999093 ], [ 258.320676367927661, 22.473790661644813 ], [ 258.485102362012242, 22.298011574403638 ], [ 258.65252337708705, 22.125082690889755 ], [ 258.822890014634424, 21.955055034748611 ], [ 258.996152007014075, 21.78797877360212 ], [ 259.172258232294837, 21.623903204246389 ], [ 259.351156729338584, 21.462876738106438 ], [ 259.532794713131693, 21.304946886952138 ], [ 259.717118590359405, 21.15016024887958 ], [ 259.904073975218807, 20.998562494562062 ], [ 260.093605705465961, 20.850198353774683 ], [ 260.285657858691479, 20.705111602196574 ], [ 260.480173768820976, 20.563345048494643 ], [ 260.677096042834762, 20.424940521692626 ], [ 260.876366577701731, 20.289938858829196 ], [ 261.077926577523101, 20.158379892908783 ], [ 261.281716570880633, 20.030302441148589 ], [ 261.487676428383793, 19.90574429352538 ], [ 261.695745380411381, 19.78474220162532 ], [ 261.905862035041878, 19.667331867800208 ], [ 262.117964396167736, 19.553547934633258 ], [ 262.527281686904757, 19.234201338830111 ], [ 262.941950129516613, 18.921834606527781 ], [ 263.361850713774629, 18.616537387268934 ], [ 263.78686292782055, 18.318397301639436 ], [ 264.216864792753711, 18.02749991612113 ], [ 264.651732897638965, 17.7439287185342 ], [ 265.091342434925764, 17.467765094076075 ], [ 265.535567236268093, 17.199088301963808 ], [ 265.984279808734811, 16.937975452686612 ], [ 266.437351371400382, 16.684501485875057 ], [ 266.894651892304864, 16.438739148793367 ], [ 267.356050125773493, 16.200758975460829 ], [ 267.821413650084196, 15.970629266408523 ], [ 268.290608905472709, 15.748416069076963 ], [ 268.763501232464307, 15.534183158860451 ], [ 269.239954910521419, 15.327992020803453 ], [ 269.719833196995296, 15.129901831954353 ], [ 270.202998366371446, 14.939969444381575 ], [ 270.6893117497969, 14.758249368856994 ], [ 271.178633774878335, 14.584793759211294 ], [ 271.354513583817209, 14.536932366425036 ], [ 271.529532577110103, 14.486013096020423 ], [ 271.703637594310351, 14.432051414268342 ], [ 271.876775752583171, 14.375063711544803 ], [ 272.048894462768544, 14.315067297352508 ], [ 272.219941445354664, 14.25208039506323 ], [ 272.389864746357318, 14.186122136382636 ], [ 272.558612753100476, 14.117212555539201 ], [ 272.726134209893189, 14.04537258319899 ], [ 272.892378233598151, 13.970624040108156 ], [ 273.057294329086687, 13.892989630465092 ], [ 273.22083240457647, 13.812492935024215 ], [ 273.382942786846456, 13.729158403933553 ], [ 273.543576236324384, 13.643011349308203 ], [ 273.702683962043295, 13.554077937542026 ], [ 273.860217636460902, 13.462385181359824 ], [ 274.016129410139058, 13.367960931612478 ], [ 274.170371926277198, 13.270833868817496 ], [ 274.322898335096852, 13.171033494447567 ], [ 274.473662308071766, 13.068590121969756 ], [ 274.622618051999666, 12.96353486763805 ], [ 274.76972032291161, 12.855899641042086 ], [ 274.914924439814399, 12.7457171354149 ], [ 275.058186298262171, 12.633020817702645 ], [ 275.199462383752518, 12.517844918399309 ], [ 275.338709784943774, 12.40022442114951 ], [ 275.47588620668887, 12.280195052122533 ], [ 275.610949982882232, 12.157793269160816 ], [ 275.74386008911523, 12.033056250706224 ], [ 275.87457615513722, 11.90602188450741 ], [ 276.003058477117634, 11.776728756111776 ], [ 276.129268029705486, 11.645216137145441 ], [ 276.253166477883099, 11.511523973384845 ], [ 276.374716188610023, 11.375692872623576 ], [ 276.493880242253624, 11.237764092338121 ], [ 276.610622443803265, 11.097779527156277 ], [ 276.72490733386411, 10.955781696132028 ], [ 276.836700199427526, 10.811813729830774 ], [ 276.945967084415145, 10.665919357228805 ], [ 277.052674799992189, 10.518142892431012 ], [ 277.156790934648825, 10.368529221210888 ], [ 277.258283864044643, 10.217123787376863 ], [ 277.357122760614118, 10.063972578969173 ], [ 277.453277602930484, 9.909122114291382 ], [ 277.546719184824212, 9.752619427780893 ], [ 277.63741912425445, 9.594512055722639 ], [ 277.725349871929325, 9.434848021810367 ], [ 277.810484719674378, 9.273675822559889 ], [ 277.892797808544458, 9.111044412578675 ], [ 277.972264136678348, 8.947003189696355 ], [ 278.048859566892816, 8.781601979960552 ], [ 278.122560834014166, 8.614891022502684 ], [ 278.193345551944617, 8.446920954278269 ], [ 279.156447793229518, 8.284040772818074 ], [ 280.116712146420355, 8.105188172413776 ], [ 281.073873738268958, 7.910412486635899 ], [ 282.027668551373154, 7.699767441178217 ], [ 282.977833497001825, 7.47331113903833 ], [ 283.924106487663437, 7.231106044490915 ], [ 284.866226509398757, 6.973218965858003 ], [ 285.803933693777253, 6.699721037080941 ], [ 286.736969389577553, 6.410687698099302 ], [ 287.66507623413213, 6.106198674041998 ], [ 288.587998224316607, 5.786337953236384 ], [ 289.505480787164117, 5.451193764041477 ], [ 290.41727085008506, 5.100858550511568 ], [ 291.323116910672923, 4.735428946897088 ], [ 292.222769106077294, 4.355005750989577 ], [ 292.656904748431657, 3.968080027341589 ], [ 293.084466088602937, 3.573901676878286 ], [ 293.505331980564279, 3.172582386827887 ], [ 293.919383175389839, 2.764235867745722 ], [ 294.326502355042635, 2.348977821295289 ], [ 294.726574165615773, 1.92692590746514 ], [ 295.119485250017135, 1.498199711230846 ], [ 295.505124280088069, 1.062920708671612 ], [ 295.883381988147221, 0.621212232550974 ], [ 296.254151197950932, 0.173199437371498 ], [ 296.617326855060469, -0.280990736086743 ], [ 296.97280605660859, -0.741229596733803 ], [ 297.320488080456016, -1.207386739633453 ], [ 297.660274413730292, -1.679330082952326 ], [ 297.992068780738748, -2.156925905384259 ], [ 298.315777170247316, -2.640038884039122 ], [ 298.631307862117751, -3.12853213278547 ], [ 298.938571453295935, -3.622267241036088 ], [ 299.237480883143576, -4.121104312965542 ], [ 299.892000105329998, -5.489570619272484 ], [ 300.570203709545126, -6.846455034003021 ], [ 301.271886831337838, -8.1913476841057 ],
  [ 301.996837513816956, -9.523842318872397 ], [ 302.744836771676773, -10.843536432654091 ] ]
}},


{ "type": "Feature",
    "properties": { "id": 66, "mag": 10, "place": "First Homo Sapiens 200000 ago(AFR-EAS to AMR) ", "time": -16206, "title": "*31.001", "timefinal": -68950,
        "name": "200000 years ago, First Homo Sapiens ",
        "times": [
-13050, -13033, -13016, -12999, -12982, -12965, -12948, -12931, -12914, -12897,
  -12880, -12863, -12846, -12829, -12812, -12795, -12778, -12761, -12744, -12727,
  -12710, -12693, -12676, -12659, -12642, -12625, -12608, -12591, -12574, -12557,
  -12540, -12523, -12506, -12489, -12472, -12455, -12438, -12421, -12404, -12387,
  -12369, -12352, -12335, -12318, -12301, -12283, -12266, -12249, -12232, -12215,
  -12197, -12180, -12163, -12146, -12129, -12111, -12094, -12077, -12060, -12043,
  -12025, -12008, -11991, -11974, -11957, -11939, -11922, -11905, -11888, -11871,
  -11853, -11836, -11819, -11802, -11785, -11767, -11750, -11733, -11716, -11699,
  -11681, -11664, -11647, -11630, -11613, -11595, -11578, -11561, -11544, -11527,
  -11509, -11492, -11475, -11458, -11441, -11423, -11406, -11389, -11372, -11355,
  -11337, -11320, -11303, -11286, -11269, -11251, -11234, -11217, -11200, -11183,
  -11165, -11148, -11131, -11114, -11097, -11079, -11062, -11045, -11028, -11011,
  -10993, -10976, -10959, -10942, -10925, -10907, -10890, -10873, -10856, -10839,
  -10821, -10804, -10787, -10770, -10753, -10735, -10718, -10701, -10684, -10667,
  -10649, -10632, -10615, -10598, -10581, -10563, -10546, -10529, -10512, -10495,
  -10477, -10460, -10443, -10426, -10409, -10391, -10374, -10357, -10340, -10323,
  -10305, -10288, -10271, -10254, -10237, -10219, -10202, -10185, -10168, -10151,
  -10133, -10116, -10099, -10082, -10065, -10047, -10030, -10013,  -9996,  -9979,
   -9961,  -9944,  -9927,  -9910,  -9893,  -9875,  -9858,  -9841,  -9824,  -9807,
   -9789,  -9772,  -9755,  -9738,  -9721,  -9703,  -9686,  -9669,  -9652,  -9635,
   -9617,  -9600,  -9583,  -9566,  -9549,  -9531,  -9514,  -9497,  -9480,  -9463,
   -9445,  -9428,  -9411,  -9394,  -9377,  -9359,  -9342,  -9325,  -9308,  -9291,
   -9273,  -9256,  -9239,  -9222,  -9205,  -9187,  -9170,  -9153,  -9136,  -9119,
   -9101,  -9084,  -9067,  -9050,  -9033,  -9015,  -8998,  -8981,  -8964,  -8947,
   -8929,  -8912,  -8895,  -8878,  -8861,  -8843,  -8826,  -8809,  -8792,  -8775,
   -8757,  -8740,  -8723,  -8706,  -8689,  -8671,  -8654,  -8637,  -8620,  -8603,
   -8585,  -8568,  -8551,  -8534,  -8517,  -8499,  -8482,  -8465,  -8448,  -8431,
   -8413,  -8396,  -8379,  -8362,  -8345,  -8327,  -8310,  -8293,  -8276,  -8259,
   -8241,  -8224,  -8207,  -8190,  -8173,  -8155,  -8138,  -8121,  -8104,  -8087,
   -8069,  -8052,  -8035,  -8018,  -8001,  -7983,  -7966,  -7949,  -7932,  -7915,
   -7897,  -7880,  -7863,  -7846,  -7829,  -7811,  -7794,  -7777,  -7760,  -7743,
   -7725,  -7708,  -7691,  -7674,  -7657,  -7639,  -7622,  -7605,  -7588,  -7571,
   -7553,  -7536,  -7519,  -7502,  -7485,  -7467,  -7450,  -7433,  -7416,  -7399,
   -7381,  -7364,  -7347,  -7330,  -7313,  -7295,  -7278,  -7261,  -7244,  -7227,
   -7209,  -7192,  -7175,  -7158,  -7141,  -7123,  -7106,  -7089,  -7072,  -7055,
   -7037,  -7020,  -7003,  -6986,  -6969,  -6951,  -6934,  -6917,  -6900,  -6883,
   -6865,  -6848,  -6831,  -6814,  -6797,  -6779,  -6762,  -6745,  -6728,  -6711,
   -6693,  -6676,  -6659,  -6642,  -6625,  -6607,  -6590,  -6573,  -6556,  -6539,
   -6521,  -6504,  -6487,  -6470,  -6453,  -6435,  -6418,  -6401,  -6384,  -6367,
   -6349,  -6332,  -6315,  -6298,  -6281,  -6263,  -6246,  -6229,  -6212,  -6195
]},
    "geometry": {
        "type": "Point",
        "coordinates": [35.311229928401366, 3.38588712147853]
}},
{ "type": "Feature",
    "properties": { "id": 66, "mag": 10, "place": "First Homo Sapiens 200000 ago(AFR-EAS to AMR) ", "time": -16206, "title": "*31.001", "timefinal": -68950,
        "name": "200000 years ago, First Homo Sapiens ",
        "times": [

  -6177,  -6160,  -6143,  -6126,  -6109,  -6091,  -6074,  -6057,  -6040,  -6023,
   -6005,  -5988,  -5971,  -5954,  -5937,  -5919,  -5902,  -5885,  -5868,  -5851,
   -5833,  -5816,  -5799,  -5782,  -5765,  -5747,  -5730,  -5713,  -5696,  -5679,
   -5661,  -5644,  -5627,  -5610,  -5593,  -5575,  -5558,  -5541,  -5524,  -5507,
   -5489,  -5472,  -5455,  -5438,  -5421,  -5403,  -5386,  -5369,  -5352,  -5335,
   -5317
]},
    "geometry": {
        "type": "Point",
        "coordinates": [ 302.444836771676773, -10.443536432654091 ]
}},

{ "type": "Feature", "properties": { "id": 3.3, "mag": "#0000FF", "place": "(AFR-EAS to EUR)", "time": null, "title": "15000 years ago, South America", "timefinal": null, "name": "15000 years ago, South America",
  "times": [
  -13050, -13011, -12972, -12933, -12894, -12855, -12816, -12777, -12738, -12699,
  -12660, -12621, -12582, -12543, -12504, -12465, -12426, -12387, -12347, -12308,
  -12269, -12230, -12191, -12152, -12113, -12074, -12035, -11996, -11957, -11918,
  -11879, -11840, -11801, -11762, -11723, -11684, -11644, -11605, -11566, -11527,
  -11488, -11449, -11410, -11371, -11332, -11293, -11254, -11215, -11176, -11137,
  -11098, -11059, -11020, -10981, -10941, -10902, -10863, -10824, -10785, -10746,
  -10707, -10668, -10629, -10590, -10551, -10512, -10473, -10434, -10395, -10356,
  -10317, -10278, -10238, -10199, -10160, -10121, -10082, -10043, -10004,  -9965,
   -9926,  -9887,  -9848,  -9809,  -9770,  -9731,  -9692,  -9653,  -9614,  -9575,
   -9535,  -9496,  -9457,  -9418,  -9379,  -9340,  -9301,  -9262,  -9223,  -9184,
   -9145,  -9106,  -9067,  -9028,  -8989,  -8950,  -8911,  -8872,  -8832,  -8793,
   -8754,  -8715,  -8676,  -8637,  -8598,  -8559,  -8520,  -8481,  -8442,  -8403,
   -8364,  -8325,  -8286,  -8247,  -8208,  -8169,  -8129,  -8090,  -8051,  -8012,
   -7973,  -7934,  -7895,  -7856,  -7817,  -7778,  -7739,  -7700,  -7661,  -7622,
   -7583,  -7544,  -7505,  -7466,  -7426,  -7387,  -7348,  -7309,  -7270,  -7231,
   -7192,  -7153,  -7114,  -7075,  -7036,  -6997,  -6958,  -6919,  -6880,  -6841,
   -6802,  -6763,  -6723,  -6684,  -6645,  -6606,  -6567,  -6528,  -6489,  -6450,
   -6411,  -6372,  -6333,  -6294,  -6255,  -6216,  -6177,  -6138,  -6099,  -6060,
   -6020,  -5981,  -5942,  -5903,  -5864,  -5825,  -5786,  -5747,  -5708,  -5669,
   -5630,  -5591,  -5552,  -5513,  -5474,  -5435,  -5396,  -5357,  -5317
]},
 "geometry":
 { "type": "LineString", "coordinates": [ [ 39.025585150166158, 10.940748900920234 ], [ 38.482587258028062, 11.46889733883221 ], [ 37.957422737560073, 12.014781676193991 ], [ 37.450670574018815, 12.577800084491207 ], [ 36.962889453339855, 13.157331845177762 ], [ 36.494617146195665, 13.752738034007823 ], [ 36.267958985628624, 14.056189569978946 ], [ 35.829911013433076, 14.674171331352737 ], [ 35.412620944890165, 15.306355230254574 ], [ 35.016548835445377, 15.952044294321203 ], [ 34.826606899680414, 16.279731366804576 ], [ 34.600373212923117, 16.63974342907014 ], [ 34.386776165772943, 17.00739362619953 ], [ 34.090633527035472, 17.572218163236457 ], [ 33.909720936223238, 17.957005117908988 ], [ 33.663671177872601, 18.545381474107092 ], [ 33.516805906295687, 18.944406483354879 ], [ 33.383884012046074, 19.34829029836812 ], [ 33.265065793475323, 19.756545851834613 ], [ 33.160494540480698, 20.168680804304906 ], [ 33.030621848242681, 20.793068747756902 ], [ 32.933436863498088, 21.423372086521312 ], [ 32.869203255603765, 22.05788076552755 ], [ 32.838095294629561, 22.694873320336001 ], [ 32.835805176160086, 23.120061656674089 ], [ 32.848279693961487, 23.54507312993826 ], [ 32.894637390774335, 24.181137736769649 ], [ 32.974051729999275, 24.81392568137893 ], [ 33.028004478747619, 25.223432293101428 ], [ 33.142494141886189, 26.017553020221339 ], [ 33.310647420715711, 26.802065663220748 ], [ 33.53168795896427, 27.57334816182799 ], [ 33.661731450355198, 27.952912463711897 ], [ 33.804595222215795, 28.327839538764536 ], [ 33.960114328001957, 28.697696506595658 ], [ 34.128109209672466, 29.062056340620039 ], [ 34.308385905001657, 29.420498361090502 ], [ 34.500736271522847, 29.772608720803085 ], [ 34.704938226843858, 30.117980882913521 ], [ 34.811410400633939, 30.288015211722978 ], [ 35.032943475985959, 30.622534965164885 ], [ 35.386229197690682, 31.109722264076574 ], [ 35.525798644832143, 31.311892203370952 ], [ 35.695268180566153, 31.592167867048008 ], [ 35.845005448963818, 31.883463458577168 ], [ 35.974297456109142, 32.184391935261999 ], [ 36.082528560916472, 32.493520386142372 ], [ 36.169183406587351, 32.809376854990603 ], [ 36.257836172272292, 33.292479608053881 ], [ 36.283300978086061, 33.536823338471777 ], [ 36.297527995571755, 33.864041863566214 ], [ 36.283532815027257, 34.273166432895508 ], [ 36.220301523228883, 34.760248958365686 ], [ 36.169873337811048, 35.000684631769474 ], [ 36.0834174035339, 35.316595604386414 ], [ 36.004386857217924, 35.549203617315172 ], [ 35.88049712537719, 35.852396139544773 ], [ 35.65993187332208, 36.405066672654883 ], [ 35.529321658030696, 36.787913374981898 ], [ 35.3792004266272, 37.163538509528344 ], [ 35.268474156088544, 37.409451755158365 ], [ 35.086742015352165, 37.770843585232747 ], [ 34.886669556811725, 38.122413830211919 ], [ 34.668786006093768, 38.463232527098796 ], [ 34.513917972619851, 38.684025469856515 ], [ 34.181936572933395, 39.109040007641582 ], [ 34.005213542164398, 39.312761881183704 ], [ 33.821609894693829, 39.510305122017691 ], [ 33.533777647055615, 39.794529017988218 ], [ 33.127998985948992, 40.149765115896287 ], [ 32.916214774195744, 40.316741398690425 ], [ 32.698830363311039, 40.476358594718924 ], [ 32.250097993901726, 40.702663887279421 ], [ 31.733819012458632, 40.904307033752616 ], [ 31.384077608618487, 41.023610635343424 ], [ 31.030387679386198, 41.130642559890603 ], [ 30.673179667065305, 41.225272549039758 ], [ 30.131723241791754, 41.343716142068345 ], [ 29.767630001203038, 41.406870801993172 ], [ 29.033945131253883, 41.494904445266158 ], [ 28.665246399822923, 41.519676291257369 ], [ 28.295907973338768, 41.531572745973968 ], [ 27.742569947579792, 41.629608649654429 ], [ 27.37567558458268, 41.732689239745156 ], [ 27.010559164017121, 41.841900416306451 ], [ 26.647323116545934, 41.957211540965005 ], [ 26.286069345307425, 42.078590264052949 ], [ 25.926899197327216, 42.20600253368341 ], [ 25.569913435086129, 42.339412605303423 ], [ 25.215212208251994, 42.478783051721848 ], [ 24.862895025583452, 42.624074773609259 ], [ 24.513060727013489, 42.775247010466991 ], [ 24.165807455920657, 42.93225735206218 ], [ 23.821232631595674, 43.095061750325613 ], [ 23.479432921911197, 43.263614531709131 ], [ 23.140504216202356, 43.437868409998941 ], [ 22.804541598365731, 43.617774499581472 ], [ 22.471639320184288, 43.803282329157796 ], [ 22.141890774885738, 43.994339855903021 ], [ 21.815388470941777, 44.190893480066492 ], [ 21.407289774069312, 44.412769663424442 ], [ 21.002903674261155, 44.641342342046343 ], [ 20.602340044611474, 44.876549411949256 ], [ 20.205707719636184, 45.118326966563302 ], [ 19.81311446570222, 45.366609314095271 ], [ 19.424666951747007, 45.621328995377382 ], [ 19.040470720296156, 45.882416802196104 ], [ 18.660630158787214, 46.14980179609632 ], [ 18.285248471207204, 46.423411327655501 ], [ 17.914427650051788, 46.703171056222828 ], [ 17.548268448613513, 46.989004970117819 ], [ 17.350408188284831, 47.210744925808378 ], [ 17.24864299736231, 47.319026070991839 ], [ 17.039593452666274, 47.530250071591603 ], [ 16.600297194870645, 47.930478948221911 ], [ 16.370571796317527, 48.119008871116385 ], [ 16.014150998499915, 48.386690683988768 ], [ 15.769059881464131, 48.554761011284036 ], [ 15.390934379078299, 48.790791607828325 ], [ 15.132294415892389, 48.937156426040133 ], [ 15.001122078144652, 49.006976038582266 ], [ 14.735267271618948, 49.139786100001444 ], [ 14.464995772868805, 49.263360399636667 ], [ 13.91249048826473, 49.48222626332165 ], [ 13.416681951584597, 49.749954041941905 ], [ 12.902807676761682, 50.034683682066607 ], [ 12.655253043302702, 50.179196415899547 ], [ 12.153256215274405, 50.456047188573521 ], [ 11.642519709396684, 50.716422662158244 ], [ 11.123584053892909, 50.960047273245713 ], [ 10.59699845439982, 51.186663186383242 ], [ 10.063320212726232, 51.396030566948646 ] ]
 }},


{ "type": "Feature",
    "properties": { "id": 66, "mag": 10, "place": "First Homo Sapiens 200000 ago(AFR-EAS to EUR) ", "time": -16206, "title": "*128.001", "timefinal": -68950,
        "name": "200000 years ago, First Homo Sapiens ",
        "times": [
-13050, -13011, -12972, -12933, -12894, -12855, -12816, -12777, -12738, -12699,
  -12660, -12621, -12582, -12543, -12504, -12465, -12426, -12387, -12347, -12308,
  -12269, -12230, -12191, -12152, -12113, -12074, -12035, -11996, -11957, -11918,
  -11879, -11840, -11801, -11762, -11723, -11684, -11644, -11605, -11566, -11527,
  -11488, -11449, -11410, -11371, -11332, -11293, -11254, -11215, -11176, -11137,
  -11098, -11059, -11020, -10981, -10941, -10902, -10863, -10824, -10785, -10746,
  -10707, -10668, -10629, -10590, -10551, -10512, -10473, -10434, -10395, -10356,
  -10317, -10278, -10238, -10199, -10160, -10121, -10082, -10043, -10004,  -9965,
   -9926,  -9887,  -9848,  -9809,  -9770,  -9731,  -9692,  -9653,  -9614,  -9575,
   -9535,  -9496,  -9457,  -9418,  -9379,  -9340,  -9301,  -9262,  -9223,  -9184,
   -9145,  -9106,  -9067,  -9028,  -8989,  -8950,  -8911,  -8872,  -8832,  -8793,
   -8754,  -8715,  -8676,  -8637,  -8598,  -8559,  -8520,  -8481,  -8442,  -8403,
   -8364,  -8325,  -8286,  -8247,  -8208,  -8169,  -8129,  -8090,  -8051,  -8012,
   -7973,  -7934,  -7895,  -7856,  -7817,  -7778,  -7739,  -7700,  -7661,  -7622,
   -7583,  -7544,  -7505,  -7466,  -7426,  -7387,  -7348,  -7309,  -7270,  -7231,
   -7192,  -7153,  -7114,  -7075,  -7036,  -6997,  -6958,  -6919,  -6880,  -6841
]},
    "geometry": {
        "type": "Point",
        "coordinates": [39.239585150166158, 10.239748900920234]
}},
{ "type": "Feature",
    "properties": { "id": 66, "mag": 10, "place": "First Homo Sapiens 200000 ago(AFR-EAS to EUR) ", "time": -16206, "title": "*128.001", "timefinal": -68950,
        "name": "200000 years ago, First Homo Sapiens ",
        "times": [
   -6802,  -6763,  -6723,  -6684,  -6645,  -6606,  -6567,  -6528,  -6489,  -6450,
   -6411,  -6372,  -6333,  -6294,  -6255,  -6216,  -6177,  -6138,  -6099,  -6060,
   -6020,  -5981,  -5942,  -5903,  -5864,  -5825,  -5786,  -5747,  -5708,  -5669,
   -5630,  -5591,  -5552,  -5513,  -5474,  -5435,  -5396,  -5357,  -5317
]},
    "geometry": {
        "type": "Point",
        "coordinates": [ 10.239320212726232, 51.239030566948646 ]
}},


{ "type": "Feature", "properties": { "id": 3.3, "mag": "#0000FF", "place": "(AFR-EAS to EUR)", "time": null, "title": "15000 years ago, South America", "timefinal": null, "name": "15000 years ago, South America",
  "times": [
  -13050, -13011, -12972, -12933, -12894, -12855, -12816, -12777, -12738, -12699,
  -12660, -12621, -12582, -12543, -12504, -12465, -12426, -12387, -12347, -12308,
  -12269, -12230, -12191, -12152, -12113, -12074, -12035, -11996, -11957, -11918,
  -11879, -11840, -11801, -11762, -11723, -11684, -11644, -11605, -11566, -11527,
  -11488, -11449, -11410, -11371, -11332, -11293, -11254, -11215, -11176, -11137,
  -11098, -11059, -11020, -10981, -10941, -10902, -10863, -10824, -10785, -10746,
  -10707, -10668, -10629, -10590, -10551, -10512, -10473, -10434, -10395, -10356,
  -10317, -10278, -10238, -10199, -10160, -10121, -10082, -10043, -10004,  -9965,
   -9926,  -9887,  -9848,  -9809,  -9770,  -9731,  -9692,  -9653,  -9614,  -9575,
   -9535,  -9496,  -9457,  -9418,  -9379,  -9340,  -9301,  -9262,  -9223,  -9184,
   -9145,  -9106,  -9067,  -9028,  -8989,  -8950,  -8911,  -8872,  -8832,  -8793,
   -8754,  -8715,  -8676,  -8637,  -8598,  -8559,  -8520,  -8481,  -8442,  -8403,
   -8364,  -8325,  -8286,  -8247,  -8208,  -8169,  -8129,  -8090,  -8051,  -8012,
   -7973,  -7934,  -7895,  -7856,  -7817,  -7778,  -7739,  -7700,  -7661,  -7622,
   -7583,  -7544,  -7505,  -7466,  -7426,  -7387,  -7348,  -7309,  -7270,  -7231,
   -7192,  -7153,  -7114,  -7075,  -7036,  -6997,  -6958,  -6919,  -6880,  -6841,
   -6802,  -6763,  -6723,  -6684,  -6645,  -6606,  -6567,  -6528,  -6489,  -6450,
   -6411,  -6372,  -6333,  -6294,  -6255,  -6216,  -6177,  -6138,  -6099,  -6060,
   -6020,  -5981,  -5942,  -5903,  -5864,  -5825,  -5786,  -5747,  -5708,  -5669,
   -5630,  -5591,  -5552,  -5513,  -5474,  -5435,  -5396,  -5357,  -5317
]},
 "geometry":
 { "type": "LineString", "coordinates": [ [ 39.025585150166158, 10.940748900920234 ], [ 38.482587258028062, 11.46889733883221 ], [ 37.957422737560073, 12.014781676193991 ], [ 37.450670574018815, 12.577800084491207 ], [ 36.962889453339855, 13.157331845177762 ], [ 36.494617146195665, 13.752738034007823 ], [ 36.267958985628624, 14.056189569978946 ], [ 35.829911013433076, 14.674171331352737 ], [ 35.412620944890165, 15.306355230254574 ], [ 35.016548835445377, 15.952044294321203 ], [ 34.826606899680414, 16.279731366804576 ], [ 34.600373212923117, 16.63974342907014 ], [ 34.386776165772943, 17.00739362619953 ], [ 34.090633527035472, 17.572218163236457 ], [ 33.909720936223238, 17.957005117908988 ], [ 33.663671177872601, 18.545381474107092 ], [ 33.516805906295687, 18.944406483354879 ], [ 33.383884012046074, 19.34829029836812 ], [ 33.265065793475323, 19.756545851834613 ], [ 33.160494540480698, 20.168680804304906 ], [ 33.030621848242681, 20.793068747756902 ], [ 32.933436863498088, 21.423372086521312 ], [ 32.869203255603765, 22.05788076552755 ], [ 32.838095294629561, 22.694873320336001 ], [ 32.835805176160086, 23.120061656674089 ], [ 32.848279693961487, 23.54507312993826 ], [ 32.894637390774335, 24.181137736769649 ], [ 32.974051729999275, 24.81392568137893 ], [ 33.028004478747619, 25.223432293101428 ], [ 33.142494141886189, 26.017553020221339 ], [ 33.310647420715711, 26.802065663220748 ], [ 33.53168795896427, 27.57334816182799 ], [ 33.661731450355198, 27.952912463711897 ], [ 33.804595222215795, 28.327839538764536 ], [ 33.960114328001957, 28.697696506595658 ], [ 34.128109209672466, 29.062056340620039 ], [ 34.308385905001657, 29.420498361090502 ], [ 34.500736271522847, 29.772608720803085 ], [ 34.704938226843858, 30.117980882913521 ], [ 34.811410400633939, 30.288015211722978 ], [ 35.032943475985959, 30.622534965164885 ], [ 35.386229197690682, 31.109722264076574 ], [ 35.525798644832143, 31.311892203370952 ], [ 35.695268180566153, 31.592167867048008 ], [ 35.845005448963818, 31.883463458577168 ], [ 35.974297456109142, 32.184391935261999 ], [ 36.082528560916472, 32.493520386142372 ], [ 36.169183406587351, 32.809376854990603 ], [ 36.257836172272292, 33.292479608053881 ], [ 36.283300978086061, 33.536823338471777 ], [ 36.297527995571755, 33.864041863566214 ], [ 36.283532815027257, 34.273166432895508 ], [ 36.220301523228883, 34.760248958365686 ], [ 36.169873337811048, 35.000684631769474 ], [ 36.0834174035339, 35.316595604386414 ], [ 36.004386857217924, 35.549203617315172 ], [ 35.88049712537719, 35.852396139544773 ], [ 35.65993187332208, 36.405066672654883 ], [ 35.529321658030696, 36.787913374981898 ], [ 35.3792004266272, 37.163538509528344 ], [ 35.268474156088544, 37.409451755158365 ], [ 35.086742015352165, 37.770843585232747 ], [ 34.886669556811725, 38.122413830211919 ], [ 34.668786006093768, 38.463232527098796 ], [ 34.513917972619851, 38.684025469856515 ], [ 34.181936572933395, 39.109040007641582 ], [ 34.005213542164398, 39.312761881183704 ], [ 33.821609894693829, 39.510305122017691 ], [ 33.533777647055615, 39.794529017988218 ], [ 33.127998985948992, 40.149765115896287 ], [ 32.916214774195744, 40.316741398690425 ], [ 32.698830363311039, 40.476358594718924 ], [ 32.250097993901726, 40.702663887279421 ], [ 31.733819012458632, 40.904307033752616 ], [ 31.384077608618487, 41.023610635343424 ], [ 31.030387679386198, 41.130642559890603 ], [ 30.673179667065305, 41.225272549039758 ], [ 30.131723241791754, 41.343716142068345 ], [ 29.767630001203038, 41.406870801993172 ], [ 29.033945131253883, 41.494904445266158 ], [ 28.665246399822923, 41.519676291257369 ], [ 28.295907973338768, 41.531572745973968 ], [ 27.742569947579792, 41.629608649654429 ], [ 27.37567558458268, 41.732689239745156 ], [ 27.010559164017121, 41.841900416306451 ], [ 26.647323116545934, 41.957211540965005 ], [ 26.286069345307425, 42.078590264052949 ], [ 25.926899197327216, 42.20600253368341 ], [ 25.569913435086129, 42.339412605303423 ], [ 25.215212208251994, 42.478783051721848 ], [ 24.862895025583452, 42.624074773609259 ], [ 24.513060727013489, 42.775247010466991 ], [ 24.165807455920657, 42.93225735206218 ], [ 23.821232631595674, 43.095061750325613 ], [ 23.479432921911197, 43.263614531709131 ], [ 23.140504216202356, 43.437868409998941 ], [ 22.804541598365731, 43.617774499581472 ], [ 22.471639320184288, 43.803282329157796 ], [ 22.141890774885738, 43.994339855903021 ], [ 21.815388470941777, 44.190893480066492 ], [ 21.407289774069312, 44.412769663424442 ], [ 21.002903674261155, 44.641342342046343 ], [ 20.602340044611474, 44.876549411949256 ], [ 20.205707719636184, 45.118326966563302 ], [ 19.81311446570222, 45.366609314095271 ], [ 19.424666951747007, 45.621328995377382 ], [ 19.040470720296156, 45.882416802196104 ], [ 18.660630158787214, 46.14980179609632 ], [ 18.285248471207204, 46.423411327655501 ], [ 17.914427650051788, 46.703171056222828 ], [ 17.548268448613513, 46.989004970117819 ], [ 17.350408188284831, 47.210744925808378 ], [ 17.24864299736231, 47.319026070991839 ], [ 17.039593452666274, 47.530250071591603 ], [ 16.600297194870645, 47.930478948221911 ], [ 16.370571796317527, 48.119008871116385 ], [ 16.014150998499915, 48.386690683988768 ], [ 15.769059881464131, 48.554761011284036 ], [ 15.390934379078299, 48.790791607828325 ], [ 15.132294415892389, 48.937156426040133 ], [ 15.001122078144652, 49.006976038582266 ], [ 14.735267271618948, 49.139786100001444 ], [ 14.464995772868805, 49.263360399636667 ], [ 13.91249048826473, 49.48222626332165 ], [ 13.416681951584597, 49.749954041941905 ], [ 12.902807676761682, 50.034683682066607 ], [ 12.655253043302702, 50.179196415899547 ], [ 12.153256215274405, 50.456047188573521 ], [ 11.642519709396684, 50.716422662158244 ], [ 11.123584053892909, 50.960047273245713 ], [ 10.59699845439982, 51.186663186383242 ], [ 10.063320212726232, 51.396030566948646 ] ]
 }},


{ "type": "Feature",
    "properties": { "id": 66, "mag": 10, "place": "First Homo Sapiens 200000 ago(AFR-EAS to EUR) ", "time": -16206, "title": "*2.005", "timefinal": -68950,
        "name": "200000 years ago, First Homo Sapiens ",
        "times": [
-13050, -13011, -12972, -12933, -12894, -12855, -12816, -12777, -12738, -12699,
  -12660, -12621, -12582, -12543, -12504, -12465, -12426, -12387, -12347, -12308,
  -12269, -12230, -12191, -12152, -12113, -12074, -12035, -11996, -11957, -11918,
  -11879, -11840, -11801, -11762, -11723, -11684, -11644, -11605, -11566, -11527,
  -11488, -11449, -11410, -11371, -11332, -11293, -11254, -11215, -11176, -11137,
  -11098, -11059, -11020, -10981, -10941, -10902, -10863, -10824, -10785, -10746,
  -10707, -10668, -10629, -10590, -10551, -10512, -10473, -10434, -10395, -10356,
  -10317, -10278, -10238, -10199, -10160, -10121, -10082, -10043, -10004,  -9965,
   -9926,  -9887,  -9848,  -9809,  -9770,  -9731,  -9692,  -9653,  -9614,  -9575,
   -9535,  -9496,  -9457,  -9418,  -9379,  -9340,  -9301,  -9262,  -9223,  -9184,
   -9145,  -9106,  -9067,  -9028,  -8989,  -8950,  -8911,  -8872,  -8832,  -8793,
   -8754,  -8715,  -8676,  -8637,  -8598,  -8559,  -8520,  -8481,  -8442,  -8403,
   -8364,  -8325,  -8286,  -8247,  -8208,  -8169,  -8129,  -8090,  -8051,  -8012,
   -7973,  -7934,  -7895,  -7856,  -7817,  -7778,  -7739,  -7700,  -7661,  -7622,
   -7583,  -7544,  -7505,  -7466,  -7426,  -7387,  -7348,  -7309,  -7270,  -7231,
   -7192,  -7153,  -7114,  -7075,  -7036,  -6997,  -6958,  -6919,  -6880,  -6841
]},
    "geometry": {
        "type": "Point",
        "coordinates": [39.241585150166158, 10.241748900920234]
}},
{ "type": "Feature",
    "properties": { "id": 66, "mag": 10, "place": "First Homo Sapiens 200000 ago(AFR-EAS to EUR) ", "time": -16206, "title": "*2.005", "timefinal": -68950,
        "name": "200000 years ago, First Homo Sapiens ",
        "times": [
   -6802,  -6763,  -6723,  -6684,  -6645,  -6606,  -6567,  -6528,  -6489,  -6450,
   -6411,  -6372,  -6333,  -6294,  -6255,  -6216,  -6177,  -6138,  -6099,  -6060,
   -6020,  -5981,  -5942,  -5903,  -5864,  -5825,  -5786,  -5747,  -5708,  -5669,
   -5630,  -5591,  -5552,  -5513,  -5474,  -5435,  -5396,  -5357,  -5317
]},
    "geometry": {
        "type": "Point",
        "coordinates": [ 10.241320212726232, 51.241030566948646 ]
}},


{ "type": "Feature", "properties": { "id": 3.3, "mag": "#0000FF", "place": "(AFR-EAS to SA)", "time": null, "title": "15000 years ago, South America", "timefinal": null, "name": "15000 years ago, South America",
"times": [
      -12915, -12348, -12141, -11935, -11728, -11521, -11315, -11108, -10901, -10695,
  -10488, -10281, -10075,  -9868,  -9661,  -9455,  -9248,  -9041,  -8835,  -8628,
   -8421,  -8215,  -8008,  -7801,  -7595,  -7388,  -7181,  -6975,  -6768,  -6561,
   -6355,  -6148,  -5941,  -5735,  -5528,  -5321,  -5262
]},
 "geometry":
 { "type": "LineString", "coordinates":[ [ 33.628342241101493, -3.682684826898907 ], [ 33.001616517680773, -1.888990126760813 ], [ 32.711664189919979, -0.984265365183106 ], [ 31.499350047426404, 3.607218012077364 ], [ 31.304886667046233, 4.53715523591393 ], [ 31.126570678084505, 5.470323310092608 ], [ 30.964455653742782, 6.406441873880565 ], [ 30.346713100740253, 18.715671019568507 ], [ 31.488043892683152, 25.514795857792183 ], [ 31.622787347469977, 25.793955329161321 ], [ 31.762328233745752, 26.070747941274355 ], [ 33.226761961009913, 28.442022455209706 ], [ 33.411762082204383, 28.690740697847875 ], [ 33.601026822026888, 28.936229327570118 ], [ 33.794499811493829, 29.178415230152638 ], [ 33.992123428272691, 29.41722627502751 ], [ 34.19383881384379, 29.652591336765418 ], [ 34.399585891030185, 29.884440316259052 ], [ 34.609303381890555, 30.112704161600831 ], [ 35.947408825595325, 31.403269571888135 ], [ 36.183106485788436, 31.60459622696013 ], [ 36.422243371208801, 31.801825431426494 ], [ 36.664748259381554, 31.994898444235915 ], [ 36.91054892473484, 32.183757762181486 ], [ 37.159572160110848, 32.368347137026973 ], [ 37.411743798569219, 32.548611592259299 ], [ 37.666988735476266, 32.724497439462269 ], [ 38.986621437119638, 33.536460609212909 ], [ 39.258679308798783, 33.685021450353503 ], [ 46.658337432779412, 35.776513964732189 ], [ 55.323922578055765, 35.347684865686645 ], [ 67.494994292681071, 30.885803857524568 ], [ 68.000218020805676, 30.57569697582964 ], [ 68.499996795800314, 30.256889087596708 ], [ 68.994180783810805, 29.929475771543849 ], [ 69.839222383850085, 29.046392014770497 ], [ 77.090606171137111, 22.496755045608019 ] ]

}},

{ "type": "Feature",
    "properties": { "id": 66, "mag": 10, "place": "First Homo Sapiens 200000 ago(AFR-EAS to SA)", "time": -16206, "title": "*99.001", "timefinal": -68950,
        "name": "200000 years ago, First Homo Sapiens ",
        "times": [
   -13050, -12348, -12141, -11935, -11728, -11521, -11315, -11108, -10901, -10695,
  -10488, -10281, -10075,  -9868,  -9661,  -9455,  -9248,  -9041,  -8835,  -8628,
   -8421,  -8215,  -8008,  -7801,  -7595,  -7388,  -7181,  -6975,  -6768
]},
    "geometry": {
        "type": "Point",
        "coordinates": [33.128342241101493, -3.382684826898907]
}},
{ "type": "Feature",
    "properties": { "id": 66, "mag": 10, "place": "First Homo Sapiens 200000 ago(AFR-EAS to SA)", "time": -16206, "title": "*99.001", "timefinal": -68950,
        "name": "200000 years ago, First Homo Sapiens ",
        "times": [
  -6561,  -6355,  -6148,  -5941,  -5735,  -5528,  -5321,  -5317
]},
    "geometry": {
        "type": "Point",
        "coordinates": [ 77.190606171137111, 22.396755045608019 ]
}},


{ "type": "Feature", "properties": { "id": 3.3, "mag": "#0000FF", "place": "(AFR-EAS to SA)", "time": null, "title": "15000 years ago, South America", "timefinal": null, "name": "15000 years ago, South America",
"times": [
      -12915, -12348, -12141, -11935, -11728, -11521, -11315, -11108, -10901, -10695,
  -10488, -10281, -10075,  -9868,  -9661,  -9455,  -9248,  -9041,  -8835,  -8628,
   -8421,  -8215,  -8008,  -7801,  -7595,  -7388,  -7181,  -6975,  -6768,  -6561,
   -6355,  -6148,  -5941,  -5735,  -5528,  -5321,  -5262
]},
 "geometry":
 { "type": "LineString", "coordinates":[ [ 33.628342241101493, -3.682684826898907 ], [ 33.001616517680773, -1.888990126760813 ], [ 32.711664189919979, -0.984265365183106 ], [ 31.499350047426404, 3.607218012077364 ], [ 31.304886667046233, 4.53715523591393 ], [ 31.126570678084505, 5.470323310092608 ], [ 30.964455653742782, 6.406441873880565 ], [ 30.346713100740253, 18.715671019568507 ], [ 31.488043892683152, 25.514795857792183 ], [ 31.622787347469977, 25.793955329161321 ], [ 31.762328233745752, 26.070747941274355 ], [ 33.226761961009913, 28.442022455209706 ], [ 33.411762082204383, 28.690740697847875 ], [ 33.601026822026888, 28.936229327570118 ], [ 33.794499811493829, 29.178415230152638 ], [ 33.992123428272691, 29.41722627502751 ], [ 34.19383881384379, 29.652591336765418 ], [ 34.399585891030185, 29.884440316259052 ], [ 34.609303381890555, 30.112704161600831 ], [ 35.947408825595325, 31.403269571888135 ], [ 36.183106485788436, 31.60459622696013 ], [ 36.422243371208801, 31.801825431426494 ], [ 36.664748259381554, 31.994898444235915 ], [ 36.91054892473484, 32.183757762181486 ], [ 37.159572160110848, 32.368347137026973 ], [ 37.411743798569219, 32.548611592259299 ], [ 37.666988735476266, 32.724497439462269 ], [ 38.986621437119638, 33.536460609212909 ], [ 39.258679308798783, 33.685021450353503 ], [ 46.658337432779412, 35.776513964732189 ], [ 55.323922578055765, 35.347684865686645 ], [ 67.494994292681071, 30.885803857524568 ], [ 68.000218020805676, 30.57569697582964 ], [ 68.499996795800314, 30.256889087596708 ], [ 68.994180783810805, 29.929475771543849 ], [ 69.839222383850085, 29.046392014770497 ], [ 77.090606171137111, 22.496755045608019 ] ]

}},

{ "type": "Feature",
    "properties": { "id": 66, "mag": 10, "place": "First Homo Sapiens 200000 ago(AFR-EAS to SA) ", "time": -16206, "title": "*72.001", "timefinal": -68950,
        "name": "200000 years ago, First Homo Sapiens ",
        "times": [
   -13050, -12348, -12141, -11935, -11728, -11521, -11315, -11108, -10901, -10695,
  -10488, -10281, -10075,  -9868,  -9661,  -9455,  -9248,  -9041,  -8835,  -8628,
   -8421,  -8215,  -8008,  -7801,  -7595,  -7388,  -7181,  -6975,  -6768
]},
    "geometry": {
        "type": "Point",
        "coordinates": [33.228342241101493, -3.142684826898907]
}},
{ "type": "Feature",
    "properties": { "id": 66, "mag": 10, "place": "First Homo Sapiens 200000 ago(AFR-EAS to SA)", "time": -16206, "title": "*72.001", "timefinal": -68950,
        "name": "200000 years ago, First Homo Sapiens ",
        "times": [
  -6561,  -6355,  -6148,  -5941,  -5735,  -5528,  -5321,  -5317
]},
    "geometry": {
        "type": "Point",
        "coordinates": [ 77.290606171137111, 22.466755045608019 ]
}},
{ "type": "Feature",
    "properties": { "id": 66, "mag": 10, "place": "First Homo Sapiens 200000 ago ", "time": -16206, "title": "*4.034", "timefinal": -68950,
        "name": "200000 years ago, First Homo Sapiens ",
        "times": [
-13400, -5459
]},
    "geometry": {
        "type": "Point",
        "coordinates": [21.654789568988155, 52.654789517725387]
}},
{ "type": "Feature", "properties": { "id": 3.3, "mag": "#0000FF", "place": "(AFR-EAS to EUR)", "time": null, "title": "15000 years ago, South America", "timefinal": null, "name": "15000 years ago, South America",
  "times": [
  -13500, -13460, -13419, -13379, -13338, -13298, -13258, -13217, -13177, -13136,
  -13096, -13056, -13015, -12975, -12934, -12894, -12854, -12813, -12773, -12732,
  -12692, -12652, -12611, -12571, -12530, -12490, -12449, -12409, -12369, -12328,
  -12288, -12247, -12207, -12167, -12126, -12086, -12045, -12005, -11965, -11924,
  -11884, -11843, -11803, -11763, -11722, -11682, -11641, -11601, -11561, -11520,
  -11480, -11439, -11399, -11359, -11318, -11278, -11237, -11197, -11157, -11116,
  -11076, -11035, -10995, -10955, -10914, -10874, -10833, -10793, -10753, -10712,
  -10672, -10631, -10591, -10551, -10510, -10470, -10429, -10389, -10348, -10308,
  -10268, -10227, -10187, -10146, -10106, -10066, -10025,  -9985,  -9944,  -9904,
   -9864,  -9823,  -9783,  -9742,  -9702,  -9662,  -9621,  -9581,  -9540,  -9500,
   -9460,  -9419,  -9379,  -9338,  -9298,  -9258,  -9217,  -9177,  -9136,  -9096,
   -9056,  -9015,  -8975,  -8934,  -8894,  -8854,  -8813,  -8773,  -8732,  -8692,
   -8652,  -8611,  -8571,  -8530,  -8490,  -8449,  -8409,  -8369,  -8328,  -8288,
   -8247,  -8207,  -8167,  -8126,  -8086,  -8045,  -8005,  -7965,  -7924,  -7884,
   -7843,  -7803,  -7763,  -7722,  -7682,  -7641,  -7601,  -7561,  -7520,  -7480,
   -7439,  -7399,  -7359,  -7318,  -7278,  -7237,  -7197,  -7157,  -7116,  -7076,
   -7035,  -6995,  -6955,  -6914,  -6874,  -6833,  -6793,  -6753,  -6712,  -6672,
   -6631,  -6591,  -6551,  -6510,  -6470,  -6429,  -6389,  -6348,  -6308,  -6268,
   -6227,  -6187,  -6146,  -6106,  -6066,  -6025,  -5985,  -5944,  -5904,  -5864,
   -5823,  -5783,  -5742,  -5702,  -5662,  -5621,  -5581,  -5540,  -5500
]},
 "geometry":
 { "type": "LineString", "coordinates": [ [ 39.025585150166158, 10.940748900920234 ], [ 38.482587258028062, 11.46889733883221 ], [ 37.957422737560073, 12.014781676193991 ], [ 37.450670574018815, 12.577800084491207 ], [ 36.962889453339855, 13.157331845177762 ], [ 36.494617146195665, 13.752738034007823 ], [ 36.267958985628624, 14.056189569978946 ], [ 35.829911013433076, 14.674171331352737 ], [ 35.412620944890165, 15.306355230254574 ], [ 35.016548835445377, 15.952044294321203 ], [ 34.826606899680414, 16.279731366804576 ], [ 34.600373212923117, 16.63974342907014 ], [ 34.386776165772943, 17.00739362619953 ], [ 34.090633527035472, 17.572218163236457 ], [ 33.909720936223238, 17.957005117908988 ], [ 33.663671177872601, 18.545381474107092 ], [ 33.516805906295687, 18.944406483354879 ], [ 33.383884012046074, 19.34829029836812 ], [ 33.265065793475323, 19.756545851834613 ], [ 33.160494540480698, 20.168680804304906 ], [ 33.030621848242681, 20.793068747756902 ], [ 32.933436863498088, 21.423372086521312 ], [ 32.869203255603765, 22.05788076552755 ], [ 32.838095294629561, 22.694873320336001 ], [ 32.835805176160086, 23.120061656674089 ], [ 32.848279693961487, 23.54507312993826 ], [ 32.894637390774335, 24.181137736769649 ], [ 32.974051729999275, 24.81392568137893 ], [ 33.028004478747619, 25.223432293101428 ], [ 33.142494141886189, 26.017553020221339 ], [ 33.310647420715711, 26.802065663220748 ], [ 33.53168795896427, 27.57334816182799 ], [ 33.661731450355198, 27.952912463711897 ], [ 33.804595222215795, 28.327839538764536 ], [ 33.960114328001957, 28.697696506595658 ], [ 34.128109209672466, 29.062056340620039 ], [ 34.308385905001657, 29.420498361090502 ], [ 34.500736271522847, 29.772608720803085 ], [ 34.704938226843858, 30.117980882913521 ], [ 34.811410400633939, 30.288015211722978 ], [ 35.032943475985959, 30.622534965164885 ], [ 35.386229197690682, 31.109722264076574 ], [ 35.525798644832143, 31.311892203370952 ], [ 35.695268180566153, 31.592167867048008 ], [ 35.845005448963818, 31.883463458577168 ], [ 35.974297456109142, 32.184391935261999 ], [ 36.082528560916472, 32.493520386142372 ], [ 36.169183406587351, 32.809376854990603 ], [ 36.257836172272292, 33.292479608053881 ], [ 36.283300978086061, 33.536823338471777 ], [ 36.297527995571755, 33.864041863566214 ], [ 36.283532815027257, 34.273166432895508 ], [ 36.220301523228883, 34.760248958365686 ], [ 36.169873337811048, 35.000684631769474 ], [ 36.0834174035339, 35.316595604386414 ], [ 36.004386857217924, 35.549203617315172 ], [ 35.88049712537719, 35.852396139544773 ], [ 35.65993187332208, 36.405066672654883 ], [ 35.529321658030696, 36.787913374981898 ], [ 35.3792004266272, 37.163538509528344 ], [ 35.268474156088544, 37.409451755158365 ], [ 35.086742015352165, 37.770843585232747 ], [ 34.886669556811725, 38.122413830211919 ], [ 34.668786006093768, 38.463232527098796 ], [ 34.513917972619851, 38.684025469856515 ], [ 34.181936572933395, 39.109040007641582 ], [ 34.005213542164398, 39.312761881183704 ], [ 33.821609894693829, 39.510305122017691 ], [ 33.533777647055615, 39.794529017988218 ], [ 33.127998985948992, 40.149765115896287 ], [ 32.916214774195744, 40.316741398690425 ], [ 32.698830363311039, 40.476358594718924 ], [ 32.250097993901726, 40.702663887279421 ], [ 31.733819012458632, 40.904307033752616 ], [ 31.384077608618487, 41.023610635343424 ], [ 31.030387679386198, 41.130642559890603 ], [ 30.673179667065305, 41.225272549039758 ], [ 30.131723241791754, 41.343716142068345 ], [ 29.767630001203038, 41.406870801993172 ], [ 29.033945131253883, 41.494904445266158 ], [ 28.665246399822923, 41.519676291257369 ], [ 28.295907973338768, 41.531572745973968 ], [ 27.742569947579792, 41.629608649654429 ], [ 27.37567558458268, 41.732689239745156 ], [ 27.010559164017121, 41.841900416306451 ], [ 26.647323116545934, 41.957211540965005 ], [ 26.286069345307425, 42.078590264052949 ], [ 25.926899197327216, 42.20600253368341 ], [ 25.569913435086129, 42.339412605303423 ], [ 25.215212208251994, 42.478783051721848 ], [ 24.862895025583452, 42.624074773609259 ], [ 24.513060727013489, 42.775247010466991 ], [ 24.165807455920657, 42.93225735206218 ], [ 23.821232631595674, 43.095061750325613 ], [ 23.479432921911197, 43.263614531709131 ], [ 23.140504216202356, 43.437868409998941 ], [ 22.804541598365731, 43.617774499581472 ], [ 22.471639320184288, 43.803282329157796 ], [ 22.141890774885738, 43.994339855903021 ], [ 21.815388470941777, 44.190893480066492 ], [ 21.407289774069312, 44.412769663424442 ], [ 21.002903674261155, 44.641342342046343 ], [ 20.602340044611474, 44.876549411949256 ], [ 20.205707719636184, 45.118326966563302 ], [ 19.81311446570222, 45.366609314095271 ], [ 19.424666951747007, 45.621328995377382 ], [ 19.040470720296156, 45.882416802196104 ], [ 18.660630158787214, 46.14980179609632 ], [ 18.285248471207204, 46.423411327655501 ], [ 17.914427650051788, 46.703171056222828 ], [ 17.548268448613513, 46.989004970117819 ], [ 17.350408188284831, 47.210744925808378 ], [ 17.24864299736231, 47.319026070991839 ], [ 17.039593452666274, 47.530250071591603 ], [ 16.600297194870645, 47.930478948221911 ], [ 16.370571796317527, 48.119008871116385 ], [ 16.014150998499915, 48.386690683988768 ], [ 15.769059881464131, 48.554761011284036 ], [ 15.390934379078299, 48.790791607828325 ], [ 15.132294415892389, 48.937156426040133 ], [ 15.001122078144652, 49.006976038582266 ], [ 14.735267271618948, 49.139786100001444 ], [ 14.464995772868805, 49.263360399636667 ], [ 13.91249048826473, 49.48222626332165 ], [ 13.416681951584597, 49.749954041941905 ], [ 12.902807676761682, 50.034683682066607 ], [ 12.655253043302702, 50.179196415899547 ], [ 12.153256215274405, 50.456047188573521 ], [ 11.642519709396684, 50.716422662158244 ], [ 11.123584053892909, 50.960047273245713 ], [ 10.59699845439982, 51.186663186383242 ], [ 10.063320212726232, 51.396030566948646 ] ]
 }},


{ "type": "Feature",
    "properties": { "id": 66, "mag": 10, "place": "First Homo Sapiens 200000 ago(AFR-EAS to EUR) ", "time": -16206, "title": "*35.004", "timefinal": -68950,
        "name": "200000 years ago, First Homo Sapiens ",
        "times": [
-13500, -13460, -13419, -13379, -13338, -13298, -13258, -13217, -13177, -13136,
  -13096, -13056, -13015, -12975, -12934, -12894, -12854, -12813, -12773, -12732,
  -12692, -12652, -12611, -12571, -12530, -12490, -12449, -12409, -12369, -12328,
  -12288, -12247, -12207, -12167, -12126, -12086, -12045, -12005, -11965, -11924,
  -11884, -11843, -11803, -11763, -11722, -11682, -11641, -11601, -11561, -11520,
  -11480, -11439, -11399, -11359, -11318, -11278, -11237, -11197, -11157, -11116,
  -11076, -11035, -10995, -10955, -10914, -10874, -10833, -10793, -10753, -10712,
  -10672, -10631, -10591, -10551, -10510, -10470, -10429, -10389, -10348, -10308,
  -10268, -10227, -10187, -10146, -10106, -10066, -10025,  -9985,  -9944,  -9904,
   -9864,  -9823,  -9783,  -9742,  -9702,  -9662,  -9621,  -9581,  -9540,  -9500,
   -9460,  -9419,  -9379,  -9338,  -9298,  -9258,  -9217,  -9177,  -9136,  -9096,
   -9056,  -9015,  -8975,  -8934,  -8894,  -8854,  -8813,  -8773,  -8732,  -8692,
   -8652,  -8611,  -8571,  -8530,  -8490,  -8449,  -8409,  -8369,  -8328,  -8288,
   -8247,  -8207,  -8167,  -8126,  -8086,  -8045,  -8005,  -7965,  -7924,  -7884,
   -7843,  -7803,  -7763,  -7722,  -7682,  -7641,  -7601,  -7561,  -7520,  -7480
]},
    "geometry": {
        "type": "Point",
        "coordinates": [39.111285150166158, 10.111248900920234]
}},
{ "type": "Feature",
    "properties": { "id": 66, "mag": 10, "place": "First Homo Sapiens 200000 ago(AFR-EAS to EUR) ", "time": -16206, "title": "*35.004", "timefinal": -68950,
        "name": "200000 years ago, First Homo Sapiens ",
        "times": [
   -7439,  -7399,  -7359,  -7318,  -7278,  -7237,  -7197,  -7157,  -7116,  -7076,
   -7035,  -6995,  -6955,  -6914,  -6874,  -6833,  -6793,  -6753,  -6712,  -6672,
   -6631,  -6591,  -6551,  -6510,  -6470,  -6429,  -6389,  -6348,  -6308,  -6268,
   -6227,  -6187,  -6146,  -6106,  -6066,  -6025,  -5985,  -5944,  -5904,  -5864,
   -5823,  -5783,  -5742,  -5702,  -5662,  -5621,  -5581,  -5540,  -5500
]},
    "geometry": {
        "type": "Point",
        "coordinates": [ 10.111220212726232, 51.111230566948646 ]
}},

{ "type": "Feature", "properties": { "id": 3.3, "mag": "#0000FF", "place": "(AFR-EAS to EUR)", "time": null, "title": "15000 years ago, South America", "timefinal": null, "name": "15000 years ago, South America",
  "times": [
  -13500, -13460, -13419, -13379, -13338, -13298, -13258, -13217, -13177, -13136,
  -13096, -13056, -13015, -12975, -12934, -12894, -12854, -12813, -12773, -12732,
  -12692, -12652, -12611, -12571, -12530, -12490, -12449, -12409, -12369, -12328,
  -12288, -12247, -12207, -12167, -12126, -12086, -12045, -12005, -11965, -11924,
  -11884, -11843, -11803, -11763, -11722, -11682, -11641, -11601, -11561, -11520,
  -11480, -11439, -11399, -11359, -11318, -11278, -11237, -11197, -11157, -11116,
  -11076, -11035, -10995, -10955, -10914, -10874, -10833, -10793, -10753, -10712,
  -10672, -10631, -10591, -10551, -10510, -10470, -10429, -10389, -10348, -10308,
  -10268, -10227, -10187, -10146, -10106, -10066, -10025,  -9985,  -9944,  -9904,
   -9864,  -9823,  -9783,  -9742,  -9702,  -9662,  -9621,  -9581,  -9540,  -9500,
   -9460,  -9419,  -9379,  -9338,  -9298,  -9258,  -9217,  -9177,  -9136,  -9096,
   -9056,  -9015,  -8975,  -8934,  -8894,  -8854,  -8813,  -8773,  -8732,  -8692,
   -8652,  -8611,  -8571,  -8530,  -8490,  -8449,  -8409,  -8369,  -8328,  -8288,
   -8247,  -8207,  -8167,  -8126,  -8086,  -8045,  -8005,  -7965,  -7924,  -7884,
   -7843,  -7803,  -7763,  -7722,  -7682,  -7641,  -7601,  -7561,  -7520,  -7480,
   -7439,  -7399,  -7359,  -7318,  -7278,  -7237,  -7197,  -7157,  -7116,  -7076,
   -7035,  -6995,  -6955,  -6914,  -6874,  -6833,  -6793,  -6753,  -6712,  -6672,
   -6631,  -6591,  -6551,  -6510,  -6470,  -6429,  -6389,  -6348,  -6308,  -6268,
   -6227,  -6187,  -6146,  -6106,  -6066,  -6025,  -5985,  -5944,  -5904,  -5864,
   -5823,  -5783,  -5742,  -5702,  -5662,  -5621,  -5581,  -5540,  -5500
]},
 "geometry":
 { "type": "LineString", "coordinates": [ [ 39.025585150166158, 10.940748900920234 ], [ 38.482587258028062, 11.46889733883221 ], [ 37.957422737560073, 12.014781676193991 ], [ 37.450670574018815, 12.577800084491207 ], [ 36.962889453339855, 13.157331845177762 ], [ 36.494617146195665, 13.752738034007823 ], [ 36.267958985628624, 14.056189569978946 ], [ 35.829911013433076, 14.674171331352737 ], [ 35.412620944890165, 15.306355230254574 ], [ 35.016548835445377, 15.952044294321203 ], [ 34.826606899680414, 16.279731366804576 ], [ 34.600373212923117, 16.63974342907014 ], [ 34.386776165772943, 17.00739362619953 ], [ 34.090633527035472, 17.572218163236457 ], [ 33.909720936223238, 17.957005117908988 ], [ 33.663671177872601, 18.545381474107092 ], [ 33.516805906295687, 18.944406483354879 ], [ 33.383884012046074, 19.34829029836812 ], [ 33.265065793475323, 19.756545851834613 ], [ 33.160494540480698, 20.168680804304906 ], [ 33.030621848242681, 20.793068747756902 ], [ 32.933436863498088, 21.423372086521312 ], [ 32.869203255603765, 22.05788076552755 ], [ 32.838095294629561, 22.694873320336001 ], [ 32.835805176160086, 23.120061656674089 ], [ 32.848279693961487, 23.54507312993826 ], [ 32.894637390774335, 24.181137736769649 ], [ 32.974051729999275, 24.81392568137893 ], [ 33.028004478747619, 25.223432293101428 ], [ 33.142494141886189, 26.017553020221339 ], [ 33.310647420715711, 26.802065663220748 ], [ 33.53168795896427, 27.57334816182799 ], [ 33.661731450355198, 27.952912463711897 ], [ 33.804595222215795, 28.327839538764536 ], [ 33.960114328001957, 28.697696506595658 ], [ 34.128109209672466, 29.062056340620039 ], [ 34.308385905001657, 29.420498361090502 ], [ 34.500736271522847, 29.772608720803085 ], [ 34.704938226843858, 30.117980882913521 ], [ 34.811410400633939, 30.288015211722978 ], [ 35.032943475985959, 30.622534965164885 ], [ 35.386229197690682, 31.109722264076574 ], [ 35.525798644832143, 31.311892203370952 ], [ 35.695268180566153, 31.592167867048008 ], [ 35.845005448963818, 31.883463458577168 ], [ 35.974297456109142, 32.184391935261999 ], [ 36.082528560916472, 32.493520386142372 ], [ 36.169183406587351, 32.809376854990603 ], [ 36.257836172272292, 33.292479608053881 ], [ 36.283300978086061, 33.536823338471777 ], [ 36.297527995571755, 33.864041863566214 ], [ 36.283532815027257, 34.273166432895508 ], [ 36.220301523228883, 34.760248958365686 ], [ 36.169873337811048, 35.000684631769474 ], [ 36.0834174035339, 35.316595604386414 ], [ 36.004386857217924, 35.549203617315172 ], [ 35.88049712537719, 35.852396139544773 ], [ 35.65993187332208, 36.405066672654883 ], [ 35.529321658030696, 36.787913374981898 ], [ 35.3792004266272, 37.163538509528344 ], [ 35.268474156088544, 37.409451755158365 ], [ 35.086742015352165, 37.770843585232747 ], [ 34.886669556811725, 38.122413830211919 ], [ 34.668786006093768, 38.463232527098796 ], [ 34.513917972619851, 38.684025469856515 ], [ 34.181936572933395, 39.109040007641582 ], [ 34.005213542164398, 39.312761881183704 ], [ 33.821609894693829, 39.510305122017691 ], [ 33.533777647055615, 39.794529017988218 ], [ 33.127998985948992, 40.149765115896287 ], [ 32.916214774195744, 40.316741398690425 ], [ 32.698830363311039, 40.476358594718924 ], [ 32.250097993901726, 40.702663887279421 ], [ 31.733819012458632, 40.904307033752616 ], [ 31.384077608618487, 41.023610635343424 ], [ 31.030387679386198, 41.130642559890603 ], [ 30.673179667065305, 41.225272549039758 ], [ 30.131723241791754, 41.343716142068345 ], [ 29.767630001203038, 41.406870801993172 ], [ 29.033945131253883, 41.494904445266158 ], [ 28.665246399822923, 41.519676291257369 ], [ 28.295907973338768, 41.531572745973968 ], [ 27.742569947579792, 41.629608649654429 ], [ 27.37567558458268, 41.732689239745156 ], [ 27.010559164017121, 41.841900416306451 ], [ 26.647323116545934, 41.957211540965005 ], [ 26.286069345307425, 42.078590264052949 ], [ 25.926899197327216, 42.20600253368341 ], [ 25.569913435086129, 42.339412605303423 ], [ 25.215212208251994, 42.478783051721848 ], [ 24.862895025583452, 42.624074773609259 ], [ 24.513060727013489, 42.775247010466991 ], [ 24.165807455920657, 42.93225735206218 ], [ 23.821232631595674, 43.095061750325613 ], [ 23.479432921911197, 43.263614531709131 ], [ 23.140504216202356, 43.437868409998941 ], [ 22.804541598365731, 43.617774499581472 ], [ 22.471639320184288, 43.803282329157796 ], [ 22.141890774885738, 43.994339855903021 ], [ 21.815388470941777, 44.190893480066492 ], [ 21.407289774069312, 44.412769663424442 ], [ 21.002903674261155, 44.641342342046343 ], [ 20.602340044611474, 44.876549411949256 ], [ 20.205707719636184, 45.118326966563302 ], [ 19.81311446570222, 45.366609314095271 ], [ 19.424666951747007, 45.621328995377382 ], [ 19.040470720296156, 45.882416802196104 ], [ 18.660630158787214, 46.14980179609632 ], [ 18.285248471207204, 46.423411327655501 ], [ 17.914427650051788, 46.703171056222828 ], [ 17.548268448613513, 46.989004970117819 ], [ 17.350408188284831, 47.210744925808378 ], [ 17.24864299736231, 47.319026070991839 ], [ 17.039593452666274, 47.530250071591603 ], [ 16.600297194870645, 47.930478948221911 ], [ 16.370571796317527, 48.119008871116385 ], [ 16.014150998499915, 48.386690683988768 ], [ 15.769059881464131, 48.554761011284036 ], [ 15.390934379078299, 48.790791607828325 ], [ 15.132294415892389, 48.937156426040133 ], [ 15.001122078144652, 49.006976038582266 ], [ 14.735267271618948, 49.139786100001444 ], [ 14.464995772868805, 49.263360399636667 ], [ 13.91249048826473, 49.48222626332165 ], [ 13.416681951584597, 49.749954041941905 ], [ 12.902807676761682, 50.034683682066607 ], [ 12.655253043302702, 50.179196415899547 ], [ 12.153256215274405, 50.456047188573521 ], [ 11.642519709396684, 50.716422662158244 ], [ 11.123584053892909, 50.960047273245713 ], [ 10.59699845439982, 51.186663186383242 ], [ 10.063320212726232, 51.396030566948646 ] ]
 }},


{ "type": "Feature",
    "properties": { "id": 66, "mag": 10, "place": "First Homo Sapiens 200000 ago(AFR-EAS to EUR) ", "time": -16206, "title": "*2.020", "timefinal": -68950,
        "name": "200000 years ago, First Homo Sapiens ",
        "times": [
-13500, -13460, -13419, -13379, -13338, -13298, -13258, -13217, -13177, -13136,
  -13096, -13056, -13015, -12975, -12934, -12894, -12854, -12813, -12773, -12732,
  -12692, -12652, -12611, -12571, -12530, -12490, -12449, -12409, -12369, -12328,
  -12288, -12247, -12207, -12167, -12126, -12086, -12045, -12005, -11965, -11924,
  -11884, -11843, -11803, -11763, -11722, -11682, -11641, -11601, -11561, -11520,
  -11480, -11439, -11399, -11359, -11318, -11278, -11237, -11197, -11157, -11116,
  -11076, -11035, -10995, -10955, -10914, -10874, -10833, -10793, -10753, -10712,
  -10672, -10631, -10591, -10551, -10510, -10470, -10429, -10389, -10348, -10308,
  -10268, -10227, -10187, -10146, -10106, -10066, -10025,  -9985,  -9944,  -9904,
   -9864,  -9823,  -9783,  -9742,  -9702,  -9662,  -9621,  -9581,  -9540,  -9500,
   -9460,  -9419,  -9379,  -9338,  -9298,  -9258,  -9217,  -9177,  -9136,  -9096,
   -9056,  -9015,  -8975,  -8934,  -8894,  -8854,  -8813,  -8773,  -8732,  -8692,
   -8652,  -8611,  -8571,  -8530,  -8490,  -8449,  -8409,  -8369,  -8328,  -8288,
   -8247,  -8207,  -8167,  -8126,  -8086,  -8045,  -8005,  -7965,  -7924,  -7884,
   -7843,  -7803,  -7763,  -7722,  -7682,  -7641,  -7601,  -7561,  -7520,  -7480
]},
    "geometry": {
        "type": "Point",
        "coordinates": [39.100285150166158, 10.100248900920234]
}},
{ "type": "Feature",
    "properties": { "id": 66, "mag": 10, "place": "First Homo Sapiens 200000 ago(AFR-EAS to EUR) ", "time": -16206, "title": "*2.020", "timefinal": -68950,
        "name": "200000 years ago, First Homo Sapiens ",
        "times": [
   -7439,  -7399,  -7359,  -7318,  -7278,  -7237,  -7197,  -7157,  -7116,  -7076,
   -7035,  -6995,  -6955,  -6914,  -6874,  -6833,  -6793,  -6753,  -6712,  -6672,
   -6631,  -6591,  -6551,  -6510,  -6470,  -6429,  -6389,  -6348,  -6308,  -6268,
   -6227,  -6187,  -6146,  -6106,  -6066,  -6025,  -5985,  -5944,  -5904,  -5864,
   -5823,  -5783,  -5742,  -5702,  -5662,  -5621,  -5581,  -5540,  -5500
]},
    "geometry": {
        "type": "Point",
        "coordinates": [ 10.100220212726232, 51.100230566948646 ]
}},
{ "type": "Feature",
    "properties": { "id": 66, "mag": 10, "place": "First Homo Sapiens 200000 ago ", "time": -16206, "title": "*22.001", "timefinal": -68950,
        "name": "200000 years ago, First Homo Sapiens ",
        "times": [
-13500, -5500
]},
    "geometry": {
        "type": "Point",
        "coordinates": [20.852364268988155, 52.852364917725387]
}},
{ "type": "Feature", "properties": { "id": 3.3, "mag": "#0000FF", "place": "(AFR-EAS to EAS)", "time": null, "title": "15000 years ago, South America", "timefinal": null, "name": "15000 years ago, South America",
"times": [
   -13680, -12862, -12673, -12484, -12296, -12107, -11919, -11730, -11541, -11353,
  -11164, -10975, -10787, -10598, -10410, -10221, -10032,  -9844,  -9655,  -9467,
   -9278,  -9089,  -8901,  -8712,  -8524,  -8335,  -8146,  -7958,  -7769,  -7581,
   -7392,  -7203,  -7015,  -6826,  -6637,  -6449,  -6260,  -6072,  -5883,  -5694,
   -5606,  -5573
]},
 "geometry":
 { "type": "LineString", "coordinates":  [ [ 38.854273250118922, 1.7335961478081 ], [ 37.61137502458682, 3.331608152063659 ], [ 37.433818135225096, 3.686721930787115 ], [ 37.256261245863371, 4.041835709510579 ], [ 34.237794126713979, 11.32166817334145 ], [ 34.060237237352254, 11.676781952064907 ], [ 34.060237237352254, 12.031895730788371 ], [ 33.882680347990515, 12.742123288235284 ], [ 33.70512345862879, 13.274793956320465 ], [ 33.527566569267066, 13.629907735043929 ], [ 33.350009679905341, 14.16257840312911 ], [ 31.929554565011504, 22.507752203130359 ], [ 32.284668343734964, 24.283321096747649 ], [ 32.462225233096689, 24.638434875471106 ], [ 32.639782122458428, 24.993548654194562 ], [ 33.172452790543602, 26.414003769088392 ], [ 33.350009679905341, 26.769117547811849 ], [ 33.70512345862879, 27.124231326535305 ], [ 33.882680347990515, 27.656901994620494 ], [ 41.162512811821401, 33.516279343557542 ], [ 41.695183479906589, 33.693836232919267 ], [ 42.227854147991764, 33.871393122280999 ], [ 42.582967926715227, 34.048950011642724 ], [ 42.938081705438691, 34.226506901004456 ], [ 43.470752373523865, 34.40406379036618 ], [ 44.003423041609054, 34.581620679727912 ], [ 44.358536820332517, 34.759177569089644 ], [ 44.713650599055967, 34.759177569089644 ], [ 45.068764377779431, 34.936734458451369 ], [ 67.973603105442422, 37.600087798877297 ], [ 68.328716884165885, 37.600087798877297 ], [ 69.038944441612799, 37.422530909515572 ], [ 69.394058220336262, 37.422530909515572 ], [ 69.926728888421451, 37.422530909515572 ], [ 70.2818426671449, 37.422530909515572 ], [ 70.814513335230089, 37.422530909515572 ], [ 71.169627113953538, 37.422530909515572 ], [ 79.337244024593062, 37.600087798877297 ], [ 80.047471582039975, 37.777644688239029 ], [ 100.999184526723965, 35.291848237174825 ], [ 106.325891207575822, 34.40406379036618 ], [ 108.456573879916576, 33.693836232919267 ] ]
 }},

{ "type": "Feature",
    "properties": { "id": 66, "mag": 10, "place": "First Homo Sapiens 200000 ago(AFR-EAS to EAS) ", "time": -16206, "title": "*36.003", "timefinal": -68950,
        "name": "200000 years ago, First Homo Sapiens ",
        "times": [
-13680, -12862, -12673, -12484, -12296, -12107, -11919, -11730, -11541, -11353,
  -11164, -10975, -10787, -10598, -10410, -10221, -10032,  -9844,  -9655,  -9467,
   -9278,  -9089,  -8901,  -8712,  -8524,  -8335,  -8146,  -7958,  -7769,  -7581,
   -7392,  -7203,  -7015,  -6826,  -6637,  -6449,  -6260
]},
    "geometry": {
        "type": "Point",
        "coordinates": [38.448973250118922, 1.448996147808156]
}},
{ "type": "Feature",
    "properties": { "id": 66, "mag": 10, "place": "First Homo Sapiens 200000 ago(AFR-EAS to EAS) ", "time": -16206, "title": "*36.003", "timefinal": -68950,
        "name": "200000 years ago, First Homo Sapiens ",
        "times": [
-6072,  -5883,  -5694, -5606, -5573
]},
    "geometry": {
        "type": "Point",
        "coordinates": [ 108.448973879916576, 33.448936232919267 ]
}},
{ "type": "Feature", "properties": { "id": 3.3, "mag": "#0000FF", "place": "(AFR-EAS to EUR)", "time": null, "title": "15000 years ago, South America", "timefinal": null, "name": "15000 years ago, South America",
  "times": [
  -13950, -13909, -13867, -13825, -13783, -13742, -13700, -13658, -13616, -13575,
  -13533, -13491, -13449, -13408, -13366, -13324, -13282, -13241, -13199, -13157,
  -13115, -13074, -13032, -12990, -12948, -12907, -12865, -12823, -12781, -12740,
  -12698, -12656, -12614, -12573, -12531, -12489, -12447, -12406, -12364, -12322,
  -12280, -12239, -12197, -12155, -12113, -12072, -12030, -11988, -11946, -11905,
  -11863, -11821, -11779, -11738, -11696, -11654, -11612, -11571, -11529, -11487,
  -11445, -11404, -11362, -11320, -11278, -11237, -11195, -11153, -11111, -11070,
  -11028, -10986, -10944, -10903, -10861, -10819, -10777, -10736, -10694, -10652,
  -10610, -10569, -10527, -10485, -10443, -10402, -10360, -10318, -10276, -10235,
  -10193, -10151, -10109, -10068, -10026,  -9984,  -9942,  -9901,  -9859,  -9817,
   -9775,  -9733,  -9692,  -9650,  -9608,  -9566,  -9525,  -9483,  -9441,  -9399,
   -9358,  -9316,  -9274,  -9232,  -9191,  -9149,  -9107,  -9065,  -9024,  -8982,
   -8940,  -8898,  -8857,  -8815,  -8773,  -8731,  -8690,  -8648,  -8606,  -8564,
   -8523,  -8481,  -8439,  -8397,  -8356,  -8314,  -8272,  -8230,  -8189,  -8147,
   -8105,  -8063,  -8022,  -7980,  -7938,  -7896,  -7855,  -7813,  -7771,  -7729,
   -7688,  -7646,  -7604,  -7562,  -7521,  -7479,  -7437,  -7395,  -7354,  -7312,
   -7270,  -7228,  -7187,  -7145,  -7103,  -7061,  -7020,  -6978,  -6936,  -6894,
   -6853,  -6811,  -6769,  -6727,  -6686,  -6644,  -6602,  -6560,  -6519,  -6477,
   -6435,  -6393,  -6352,  -6310,  -6268,  -6226,  -6185,  -6143,  -6101,  -6059,
   -6018,  -5976,  -5934,  -5892,  -5851,  -5809,  -5767,  -5725,  -5683
]},
 "geometry":
 { "type": "LineString", "coordinates": [ [ 39.025585150166158, 10.940748900920234 ], [ 38.482587258028062, 11.46889733883221 ], [ 37.957422737560073, 12.014781676193991 ], [ 37.450670574018815, 12.577800084491207 ], [ 36.962889453339855, 13.157331845177762 ], [ 36.494617146195665, 13.752738034007823 ], [ 36.267958985628624, 14.056189569978946 ], [ 35.829911013433076, 14.674171331352737 ], [ 35.412620944890165, 15.306355230254574 ], [ 35.016548835445377, 15.952044294321203 ], [ 34.826606899680414, 16.279731366804576 ], [ 34.600373212923117, 16.63974342907014 ], [ 34.386776165772943, 17.00739362619953 ], [ 34.090633527035472, 17.572218163236457 ], [ 33.909720936223238, 17.957005117908988 ], [ 33.663671177872601, 18.545381474107092 ], [ 33.516805906295687, 18.944406483354879 ], [ 33.383884012046074, 19.34829029836812 ], [ 33.265065793475323, 19.756545851834613 ], [ 33.160494540480698, 20.168680804304906 ], [ 33.030621848242681, 20.793068747756902 ], [ 32.933436863498088, 21.423372086521312 ], [ 32.869203255603765, 22.05788076552755 ], [ 32.838095294629561, 22.694873320336001 ], [ 32.835805176160086, 23.120061656674089 ], [ 32.848279693961487, 23.54507312993826 ], [ 32.894637390774335, 24.181137736769649 ], [ 32.974051729999275, 24.81392568137893 ], [ 33.028004478747619, 25.223432293101428 ], [ 33.142494141886189, 26.017553020221339 ], [ 33.310647420715711, 26.802065663220748 ], [ 33.53168795896427, 27.57334816182799 ], [ 33.661731450355198, 27.952912463711897 ], [ 33.804595222215795, 28.327839538764536 ], [ 33.960114328001957, 28.697696506595658 ], [ 34.128109209672466, 29.062056340620039 ], [ 34.308385905001657, 29.420498361090502 ], [ 34.500736271522847, 29.772608720803085 ], [ 34.704938226843858, 30.117980882913521 ], [ 34.811410400633939, 30.288015211722978 ], [ 35.032943475985959, 30.622534965164885 ], [ 35.386229197690682, 31.109722264076574 ], [ 35.525798644832143, 31.311892203370952 ], [ 35.695268180566153, 31.592167867048008 ], [ 35.845005448963818, 31.883463458577168 ], [ 35.974297456109142, 32.184391935261999 ], [ 36.082528560916472, 32.493520386142372 ], [ 36.169183406587351, 32.809376854990603 ], [ 36.257836172272292, 33.292479608053881 ], [ 36.283300978086061, 33.536823338471777 ], [ 36.297527995571755, 33.864041863566214 ], [ 36.283532815027257, 34.273166432895508 ], [ 36.220301523228883, 34.760248958365686 ], [ 36.169873337811048, 35.000684631769474 ], [ 36.0834174035339, 35.316595604386414 ], [ 36.004386857217924, 35.549203617315172 ], [ 35.88049712537719, 35.852396139544773 ], [ 35.65993187332208, 36.405066672654883 ], [ 35.529321658030696, 36.787913374981898 ], [ 35.3792004266272, 37.163538509528344 ], [ 35.268474156088544, 37.409451755158365 ], [ 35.086742015352165, 37.770843585232747 ], [ 34.886669556811725, 38.122413830211919 ], [ 34.668786006093768, 38.463232527098796 ], [ 34.513917972619851, 38.684025469856515 ], [ 34.181936572933395, 39.109040007641582 ], [ 34.005213542164398, 39.312761881183704 ], [ 33.821609894693829, 39.510305122017691 ], [ 33.533777647055615, 39.794529017988218 ], [ 33.127998985948992, 40.149765115896287 ], [ 32.916214774195744, 40.316741398690425 ], [ 32.698830363311039, 40.476358594718924 ], [ 32.250097993901726, 40.702663887279421 ], [ 31.733819012458632, 40.904307033752616 ], [ 31.384077608618487, 41.023610635343424 ], [ 31.030387679386198, 41.130642559890603 ], [ 30.673179667065305, 41.225272549039758 ], [ 30.131723241791754, 41.343716142068345 ], [ 29.767630001203038, 41.406870801993172 ], [ 29.033945131253883, 41.494904445266158 ], [ 28.665246399822923, 41.519676291257369 ], [ 28.295907973338768, 41.531572745973968 ], [ 27.742569947579792, 41.629608649654429 ], [ 27.37567558458268, 41.732689239745156 ], [ 27.010559164017121, 41.841900416306451 ], [ 26.647323116545934, 41.957211540965005 ], [ 26.286069345307425, 42.078590264052949 ], [ 25.926899197327216, 42.20600253368341 ], [ 25.569913435086129, 42.339412605303423 ], [ 25.215212208251994, 42.478783051721848 ], [ 24.862895025583452, 42.624074773609259 ], [ 24.513060727013489, 42.775247010466991 ], [ 24.165807455920657, 42.93225735206218 ], [ 23.821232631595674, 43.095061750325613 ], [ 23.479432921911197, 43.263614531709131 ], [ 23.140504216202356, 43.437868409998941 ], [ 22.804541598365731, 43.617774499581472 ], [ 22.471639320184288, 43.803282329157796 ], [ 22.141890774885738, 43.994339855903021 ], [ 21.815388470941777, 44.190893480066492 ], [ 21.407289774069312, 44.412769663424442 ], [ 21.002903674261155, 44.641342342046343 ], [ 20.602340044611474, 44.876549411949256 ], [ 20.205707719636184, 45.118326966563302 ], [ 19.81311446570222, 45.366609314095271 ], [ 19.424666951747007, 45.621328995377382 ], [ 19.040470720296156, 45.882416802196104 ], [ 18.660630158787214, 46.14980179609632 ], [ 18.285248471207204, 46.423411327655501 ], [ 17.914427650051788, 46.703171056222828 ], [ 17.548268448613513, 46.989004970117819 ], [ 17.350408188284831, 47.210744925808378 ], [ 17.24864299736231, 47.319026070991839 ], [ 17.039593452666274, 47.530250071591603 ], [ 16.600297194870645, 47.930478948221911 ], [ 16.370571796317527, 48.119008871116385 ], [ 16.014150998499915, 48.386690683988768 ], [ 15.769059881464131, 48.554761011284036 ], [ 15.390934379078299, 48.790791607828325 ], [ 15.132294415892389, 48.937156426040133 ], [ 15.001122078144652, 49.006976038582266 ], [ 14.735267271618948, 49.139786100001444 ], [ 14.464995772868805, 49.263360399636667 ], [ 13.91249048826473, 49.48222626332165 ], [ 13.416681951584597, 49.749954041941905 ], [ 12.902807676761682, 50.034683682066607 ], [ 12.655253043302702, 50.179196415899547 ], [ 12.153256215274405, 50.456047188573521 ], [ 11.642519709396684, 50.716422662158244 ], [ 11.123584053892909, 50.960047273245713 ], [ 10.59699845439982, 51.186663186383242 ], [ 10.063320212726232, 51.396030566948646 ] ]
 }},


{ "type": "Feature",
    "properties": { "id": 66, "mag": 10, "place": "First Homo Sapiens 200000 ago(AFR-EAS to EUR) ", "time": -16206, "title": "*2.013", "timefinal": -68950,
        "name": "200000 years ago, First Homo Sapiens ",
        "times": [
-13950, -13909, -13867, -13825, -13783, -13742, -13700, -13658, -13616, -13575,
  -13533, -13491, -13449, -13408, -13366, -13324, -13282, -13241, -13199, -13157,
  -13115, -13074, -13032, -12990, -12948, -12907, -12865, -12823, -12781, -12740,
  -12698, -12656, -12614, -12573, -12531, -12489, -12447, -12406, -12364, -12322,
  -12280, -12239, -12197, -12155, -12113, -12072, -12030, -11988, -11946, -11905,
  -11863, -11821, -11779, -11738, -11696, -11654, -11612, -11571, -11529, -11487,
  -11445, -11404, -11362, -11320, -11278, -11237, -11195, -11153, -11111, -11070,
  -11028, -10986, -10944, -10903, -10861, -10819, -10777, -10736, -10694, -10652,
  -10610, -10569, -10527, -10485, -10443, -10402, -10360, -10318, -10276, -10235,
  -10193, -10151, -10109, -10068, -10026,  -9984,  -9942,  -9901,  -9859,  -9817,
   -9775,  -9733,  -9692,  -9650,  -9608,  -9566,  -9525,  -9483,  -9441,  -9399,
   -9358,  -9316,  -9274,  -9232,  -9191,  -9149,  -9107,  -9065,  -9024,  -8982,
   -8940,  -8898,  -8857,  -8815,  -8773,  -8731,  -8690,  -8648,  -8606,  -8564,
   -8523,  -8481,  -8439,  -8397,  -8356,  -8314,  -8272,  -8230,  -8189,  -8147
]},
    "geometry": {
        "type": "Point",
        "coordinates": [39.112345150166158, 10.112348900920234]
}},
{ "type": "Feature",
    "properties": { "id": 66, "mag": 10, "place": "First Homo Sapiens 200000 ago(AFR-EAS to EUR) ", "time": -16206, "title": "*2.013", "timefinal": -68950,
        "name": "200000 years ago, First Homo Sapiens ",
        "times": [
   -8105,  -8063,  -8022,  -7980,  -7938,  -7896,  -7855,  -7813,  -7771,  -7729,
   -7688,  -7646,  -7604,  -7562,  -7521,  -7479,  -7437,  -7395,  -7354,  -7312,
   -7270,  -7228,  -7187,  -7145,  -7103,  -7061,  -7020,  -6978,  -6936,  -6894,
   -6853,  -6811,  -6769,  -6727,  -6686,  -6644,  -6602,  -6560,  -6519,  -6477,
   -6435,  -6393,  -6352,  -6310,  -6268,  -6226,  -6185,  -6143,  -6101,  -6059,
   -6018,  -5976,  -5934,  -5892,  -5851,  -5809,  -5767,  -5725,  -5683
]},
    "geometry": {
        "type": "Point",
        "coordinates": [ 10.112340212726232, 51.112340566948646 ]
}},

{ "type": "Feature", "properties": { "id": 3.3, "mag": "#0000FF", "place": "(AFR-EAS to EUR)", "time": null, "title": "15000 years ago, South America", "timefinal": null, "name": "15000 years ago, South America",
  "times": [
  -13950, -13909, -13867, -13825, -13783, -13742, -13700, -13658, -13616, -13575,
  -13533, -13491, -13449, -13408, -13366, -13324, -13282, -13241, -13199, -13157,
  -13115, -13074, -13032, -12990, -12948, -12907, -12865, -12823, -12781, -12740,
  -12698, -12656, -12614, -12573, -12531, -12489, -12447, -12406, -12364, -12322,
  -12280, -12239, -12197, -12155, -12113, -12072, -12030, -11988, -11946, -11905,
  -11863, -11821, -11779, -11738, -11696, -11654, -11612, -11571, -11529, -11487,
  -11445, -11404, -11362, -11320, -11278, -11237, -11195, -11153, -11111, -11070,
  -11028, -10986, -10944, -10903, -10861, -10819, -10777, -10736, -10694, -10652,
  -10610, -10569, -10527, -10485, -10443, -10402, -10360, -10318, -10276, -10235,
  -10193, -10151, -10109, -10068, -10026,  -9984,  -9942,  -9901,  -9859,  -9817,
   -9775,  -9733,  -9692,  -9650,  -9608,  -9566,  -9525,  -9483,  -9441,  -9399,
   -9358,  -9316,  -9274,  -9232,  -9191,  -9149,  -9107,  -9065,  -9024,  -8982,
   -8940,  -8898,  -8857,  -8815,  -8773,  -8731,  -8690,  -8648,  -8606,  -8564,
   -8523,  -8481,  -8439,  -8397,  -8356,  -8314,  -8272,  -8230,  -8189,  -8147,
   -8105,  -8063,  -8022,  -7980,  -7938,  -7896,  -7855,  -7813,  -7771,  -7729,
   -7688,  -7646,  -7604,  -7562,  -7521,  -7479,  -7437,  -7395,  -7354,  -7312,
   -7270,  -7228,  -7187,  -7145,  -7103,  -7061,  -7020,  -6978,  -6936,  -6894,
   -6853,  -6811,  -6769,  -6727,  -6686,  -6644,  -6602,  -6560,  -6519,  -6477,
   -6435,  -6393,  -6352,  -6310,  -6268,  -6226,  -6185,  -6143,  -6101,  -6059,
   -6018,  -5976,  -5934,  -5892,  -5851,  -5809,  -5767,  -5725,  -5683
]},
 "geometry":
 { "type": "LineString", "coordinates": [ [ 39.025585150166158, 10.940748900920234 ], [ 38.482587258028062, 11.46889733883221 ], [ 37.957422737560073, 12.014781676193991 ], [ 37.450670574018815, 12.577800084491207 ], [ 36.962889453339855, 13.157331845177762 ], [ 36.494617146195665, 13.752738034007823 ], [ 36.267958985628624, 14.056189569978946 ], [ 35.829911013433076, 14.674171331352737 ], [ 35.412620944890165, 15.306355230254574 ], [ 35.016548835445377, 15.952044294321203 ], [ 34.826606899680414, 16.279731366804576 ], [ 34.600373212923117, 16.63974342907014 ], [ 34.386776165772943, 17.00739362619953 ], [ 34.090633527035472, 17.572218163236457 ], [ 33.909720936223238, 17.957005117908988 ], [ 33.663671177872601, 18.545381474107092 ], [ 33.516805906295687, 18.944406483354879 ], [ 33.383884012046074, 19.34829029836812 ], [ 33.265065793475323, 19.756545851834613 ], [ 33.160494540480698, 20.168680804304906 ], [ 33.030621848242681, 20.793068747756902 ], [ 32.933436863498088, 21.423372086521312 ], [ 32.869203255603765, 22.05788076552755 ], [ 32.838095294629561, 22.694873320336001 ], [ 32.835805176160086, 23.120061656674089 ], [ 32.848279693961487, 23.54507312993826 ], [ 32.894637390774335, 24.181137736769649 ], [ 32.974051729999275, 24.81392568137893 ], [ 33.028004478747619, 25.223432293101428 ], [ 33.142494141886189, 26.017553020221339 ], [ 33.310647420715711, 26.802065663220748 ], [ 33.53168795896427, 27.57334816182799 ], [ 33.661731450355198, 27.952912463711897 ], [ 33.804595222215795, 28.327839538764536 ], [ 33.960114328001957, 28.697696506595658 ], [ 34.128109209672466, 29.062056340620039 ], [ 34.308385905001657, 29.420498361090502 ], [ 34.500736271522847, 29.772608720803085 ], [ 34.704938226843858, 30.117980882913521 ], [ 34.811410400633939, 30.288015211722978 ], [ 35.032943475985959, 30.622534965164885 ], [ 35.386229197690682, 31.109722264076574 ], [ 35.525798644832143, 31.311892203370952 ], [ 35.695268180566153, 31.592167867048008 ], [ 35.845005448963818, 31.883463458577168 ], [ 35.974297456109142, 32.184391935261999 ], [ 36.082528560916472, 32.493520386142372 ], [ 36.169183406587351, 32.809376854990603 ], [ 36.257836172272292, 33.292479608053881 ], [ 36.283300978086061, 33.536823338471777 ], [ 36.297527995571755, 33.864041863566214 ], [ 36.283532815027257, 34.273166432895508 ], [ 36.220301523228883, 34.760248958365686 ], [ 36.169873337811048, 35.000684631769474 ], [ 36.0834174035339, 35.316595604386414 ], [ 36.004386857217924, 35.549203617315172 ], [ 35.88049712537719, 35.852396139544773 ], [ 35.65993187332208, 36.405066672654883 ], [ 35.529321658030696, 36.787913374981898 ], [ 35.3792004266272, 37.163538509528344 ], [ 35.268474156088544, 37.409451755158365 ], [ 35.086742015352165, 37.770843585232747 ], [ 34.886669556811725, 38.122413830211919 ], [ 34.668786006093768, 38.463232527098796 ], [ 34.513917972619851, 38.684025469856515 ], [ 34.181936572933395, 39.109040007641582 ], [ 34.005213542164398, 39.312761881183704 ], [ 33.821609894693829, 39.510305122017691 ], [ 33.533777647055615, 39.794529017988218 ], [ 33.127998985948992, 40.149765115896287 ], [ 32.916214774195744, 40.316741398690425 ], [ 32.698830363311039, 40.476358594718924 ], [ 32.250097993901726, 40.702663887279421 ], [ 31.733819012458632, 40.904307033752616 ], [ 31.384077608618487, 41.023610635343424 ], [ 31.030387679386198, 41.130642559890603 ], [ 30.673179667065305, 41.225272549039758 ], [ 30.131723241791754, 41.343716142068345 ], [ 29.767630001203038, 41.406870801993172 ], [ 29.033945131253883, 41.494904445266158 ], [ 28.665246399822923, 41.519676291257369 ], [ 28.295907973338768, 41.531572745973968 ], [ 27.742569947579792, 41.629608649654429 ], [ 27.37567558458268, 41.732689239745156 ], [ 27.010559164017121, 41.841900416306451 ], [ 26.647323116545934, 41.957211540965005 ], [ 26.286069345307425, 42.078590264052949 ], [ 25.926899197327216, 42.20600253368341 ], [ 25.569913435086129, 42.339412605303423 ], [ 25.215212208251994, 42.478783051721848 ], [ 24.862895025583452, 42.624074773609259 ], [ 24.513060727013489, 42.775247010466991 ], [ 24.165807455920657, 42.93225735206218 ], [ 23.821232631595674, 43.095061750325613 ], [ 23.479432921911197, 43.263614531709131 ], [ 23.140504216202356, 43.437868409998941 ], [ 22.804541598365731, 43.617774499581472 ], [ 22.471639320184288, 43.803282329157796 ], [ 22.141890774885738, 43.994339855903021 ], [ 21.815388470941777, 44.190893480066492 ], [ 21.407289774069312, 44.412769663424442 ], [ 21.002903674261155, 44.641342342046343 ], [ 20.602340044611474, 44.876549411949256 ], [ 20.205707719636184, 45.118326966563302 ], [ 19.81311446570222, 45.366609314095271 ], [ 19.424666951747007, 45.621328995377382 ], [ 19.040470720296156, 45.882416802196104 ], [ 18.660630158787214, 46.14980179609632 ], [ 18.285248471207204, 46.423411327655501 ], [ 17.914427650051788, 46.703171056222828 ], [ 17.548268448613513, 46.989004970117819 ], [ 17.350408188284831, 47.210744925808378 ], [ 17.24864299736231, 47.319026070991839 ], [ 17.039593452666274, 47.530250071591603 ], [ 16.600297194870645, 47.930478948221911 ], [ 16.370571796317527, 48.119008871116385 ], [ 16.014150998499915, 48.386690683988768 ], [ 15.769059881464131, 48.554761011284036 ], [ 15.390934379078299, 48.790791607828325 ], [ 15.132294415892389, 48.937156426040133 ], [ 15.001122078144652, 49.006976038582266 ], [ 14.735267271618948, 49.139786100001444 ], [ 14.464995772868805, 49.263360399636667 ], [ 13.91249048826473, 49.48222626332165 ], [ 13.416681951584597, 49.749954041941905 ], [ 12.902807676761682, 50.034683682066607 ], [ 12.655253043302702, 50.179196415899547 ], [ 12.153256215274405, 50.456047188573521 ], [ 11.642519709396684, 50.716422662158244 ], [ 11.123584053892909, 50.960047273245713 ], [ 10.59699845439982, 51.186663186383242 ], [ 10.063320212726232, 51.396030566948646 ] ]
 }},


{ "type": "Feature",
    "properties": { "id": 66, "mag": 10, "place": "First Homo Sapiens 200000 ago(AFR-EAS to EUR) ", "time": -16206, "title": "*117.001", "timefinal": -68950,
        "name": "200000 years ago, First Homo Sapiens ",
        "times": [
-13950, -13909, -13867, -13825, -13783, -13742, -13700, -13658, -13616, -13575,
  -13533, -13491, -13449, -13408, -13366, -13324, -13282, -13241, -13199, -13157,
  -13115, -13074, -13032, -12990, -12948, -12907, -12865, -12823, -12781, -12740,
  -12698, -12656, -12614, -12573, -12531, -12489, -12447, -12406, -12364, -12322,
  -12280, -12239, -12197, -12155, -12113, -12072, -12030, -11988, -11946, -11905,
  -11863, -11821, -11779, -11738, -11696, -11654, -11612, -11571, -11529, -11487,
  -11445, -11404, -11362, -11320, -11278, -11237, -11195, -11153, -11111, -11070,
  -11028, -10986, -10944, -10903, -10861, -10819, -10777, -10736, -10694, -10652,
  -10610, -10569, -10527, -10485, -10443, -10402, -10360, -10318, -10276, -10235,
  -10193, -10151, -10109, -10068, -10026,  -9984,  -9942,  -9901,  -9859,  -9817,
   -9775,  -9733,  -9692,  -9650,  -9608,  -9566,  -9525,  -9483,  -9441,  -9399,
   -9358,  -9316,  -9274,  -9232,  -9191,  -9149,  -9107,  -9065,  -9024,  -8982,
   -8940,  -8898,  -8857,  -8815,  -8773,  -8731,  -8690,  -8648,  -8606,  -8564,
   -8523,  -8481,  -8439,  -8397,  -8356,  -8314,  -8272,  -8230,  -8189,  -8147
]},
    "geometry": {
        "type": "Point",
        "coordinates": [39.122425150166158, 10.122428900920234]
}},
{ "type": "Feature",
    "properties": { "id": 66, "mag": 10, "place": "First Homo Sapiens 200000 ago(AFR-EAS to EUR) ", "time": -16206, "title": "*117.001", "timefinal": -68950,
        "name": "200000 years ago, First Homo Sapiens ",
        "times": [
   -8105,  -8063,  -8022,  -7980,  -7938,  -7896,  -7855,  -7813,  -7771,  -7729,
   -7688,  -7646,  -7604,  -7562,  -7521,  -7479,  -7437,  -7395,  -7354,  -7312,
   -7270,  -7228,  -7187,  -7145,  -7103,  -7061,  -7020,  -6978,  -6936,  -6894,
   -6853,  -6811,  -6769,  -6727,  -6686,  -6644,  -6602,  -6560,  -6519,  -6477,
   -6435,  -6393,  -6352,  -6310,  -6268,  -6226,  -6185,  -6143,  -6101,  -6059,
   -6018,  -5976,  -5934,  -5892,  -5851,  -5809,  -5767,  -5725,  -5683
]},
    "geometry": {
        "type": "Point",
        "coordinates": [ 10.122420212726232, 51.122420566948646 ]
}},

{ "type": "Feature", "properties": { "id": 3.3, "mag": "#0000FF", "place": "(AFR-EAS to EUR)", "time": null, "title": "15000 years ago, South America", "timefinal": null, "name": "15000 years ago, South America",
  "times": [
  -14400, -14357, -14314, -14271, -14228, -14185, -14141, -14098, -14055, -14012,
  -13969, -13926, -13883, -13840, -13797, -13754, -13710, -13667, -13624, -13581,
  -13538, -13495, -13452, -13409, -13366, -13323, -13280, -13236, -13193, -13150,
  -13107, -13064, -13021, -12978, -12935, -12892, -12849, -12805, -12762, -12719,
  -12676, -12633, -12590, -12547, -12504, -12461, -12418, -12374, -12331, -12288,
  -12245, -12202, -12159, -12116, -12073, -12030, -11987, -11944, -11900, -11857,
  -11814, -11771, -11728, -11685, -11642, -11599, -11556, -11513, -11469, -11426,
  -11383, -11340, -11297, -11254, -11211, -11168, -11125, -11082, -11039, -10995,
  -10952, -10909, -10866, -10823, -10780, -10737, -10694, -10651, -10608, -10564,
  -10521, -10478, -10435, -10392, -10349, -10306, -10263, -10220, -10177, -10133,
  -10090, -10047, -10004,  -9961,  -9918,  -9875,  -9832,  -9789,  -9746,  -9703,
   -9659,  -9616,  -9573,  -9530,  -9487,  -9444,  -9401,  -9358,  -9315,  -9272,
   -9228,  -9185,  -9142,  -9099,  -9056,  -9013,  -8970,  -8927,  -8884,  -8841,
   -8798,  -8754,  -8711,  -8668,  -8625,  -8582,  -8539,  -8496,  -8453,  -8410,
   -8367,  -8323,  -8280,  -8237,  -8194,  -8151,  -8108,  -8065,  -8022,  -7979,
   -7936,  -7893,  -7849,  -7806,  -7763,  -7720,  -7677,  -7634,  -7591,  -7548,
   -7505,  -7462,  -7418,  -7375,  -7332,  -7289,  -7246,  -7203,  -7160,  -7117,
   -7074,  -7031,  -6987,  -6944,  -6901,  -6858,  -6815,  -6772,  -6729,  -6686,
   -6643,  -6600,  -6557,  -6513,  -6470,  -6427,  -6384,  -6341,  -6298,  -6255,
   -6212,  -6169,  -6126,  -6082,  -6039,  -5996,  -5953,  -5910,  -5867
]},
 "geometry":
 { "type": "LineString", "coordinates": [ [ 39.025585150166158, 10.940748900920234 ], [ 38.482587258028062, 11.46889733883221 ], [ 37.957422737560073, 12.014781676193991 ], [ 37.450670574018815, 12.577800084491207 ], [ 36.962889453339855, 13.157331845177762 ], [ 36.494617146195665, 13.752738034007823 ], [ 36.267958985628624, 14.056189569978946 ], [ 35.829911013433076, 14.674171331352737 ], [ 35.412620944890165, 15.306355230254574 ], [ 35.016548835445377, 15.952044294321203 ], [ 34.826606899680414, 16.279731366804576 ], [ 34.600373212923117, 16.63974342907014 ], [ 34.386776165772943, 17.00739362619953 ], [ 34.090633527035472, 17.572218163236457 ], [ 33.909720936223238, 17.957005117908988 ], [ 33.663671177872601, 18.545381474107092 ], [ 33.516805906295687, 18.944406483354879 ], [ 33.383884012046074, 19.34829029836812 ], [ 33.265065793475323, 19.756545851834613 ], [ 33.160494540480698, 20.168680804304906 ], [ 33.030621848242681, 20.793068747756902 ], [ 32.933436863498088, 21.423372086521312 ], [ 32.869203255603765, 22.05788076552755 ], [ 32.838095294629561, 22.694873320336001 ], [ 32.835805176160086, 23.120061656674089 ], [ 32.848279693961487, 23.54507312993826 ], [ 32.894637390774335, 24.181137736769649 ], [ 32.974051729999275, 24.81392568137893 ], [ 33.028004478747619, 25.223432293101428 ], [ 33.142494141886189, 26.017553020221339 ], [ 33.310647420715711, 26.802065663220748 ], [ 33.53168795896427, 27.57334816182799 ], [ 33.661731450355198, 27.952912463711897 ], [ 33.804595222215795, 28.327839538764536 ], [ 33.960114328001957, 28.697696506595658 ], [ 34.128109209672466, 29.062056340620039 ], [ 34.308385905001657, 29.420498361090502 ], [ 34.500736271522847, 29.772608720803085 ], [ 34.704938226843858, 30.117980882913521 ], [ 34.811410400633939, 30.288015211722978 ], [ 35.032943475985959, 30.622534965164885 ], [ 35.386229197690682, 31.109722264076574 ], [ 35.525798644832143, 31.311892203370952 ], [ 35.695268180566153, 31.592167867048008 ], [ 35.845005448963818, 31.883463458577168 ], [ 35.974297456109142, 32.184391935261999 ], [ 36.082528560916472, 32.493520386142372 ], [ 36.169183406587351, 32.809376854990603 ], [ 36.257836172272292, 33.292479608053881 ], [ 36.283300978086061, 33.536823338471777 ], [ 36.297527995571755, 33.864041863566214 ], [ 36.283532815027257, 34.273166432895508 ], [ 36.220301523228883, 34.760248958365686 ], [ 36.169873337811048, 35.000684631769474 ], [ 36.0834174035339, 35.316595604386414 ], [ 36.004386857217924, 35.549203617315172 ], [ 35.88049712537719, 35.852396139544773 ], [ 35.65993187332208, 36.405066672654883 ], [ 35.529321658030696, 36.787913374981898 ], [ 35.3792004266272, 37.163538509528344 ], [ 35.268474156088544, 37.409451755158365 ], [ 35.086742015352165, 37.770843585232747 ], [ 34.886669556811725, 38.122413830211919 ], [ 34.668786006093768, 38.463232527098796 ], [ 34.513917972619851, 38.684025469856515 ], [ 34.181936572933395, 39.109040007641582 ], [ 34.005213542164398, 39.312761881183704 ], [ 33.821609894693829, 39.510305122017691 ], [ 33.533777647055615, 39.794529017988218 ], [ 33.127998985948992, 40.149765115896287 ], [ 32.916214774195744, 40.316741398690425 ], [ 32.698830363311039, 40.476358594718924 ], [ 32.250097993901726, 40.702663887279421 ], [ 31.733819012458632, 40.904307033752616 ], [ 31.384077608618487, 41.023610635343424 ], [ 31.030387679386198, 41.130642559890603 ], [ 30.673179667065305, 41.225272549039758 ], [ 30.131723241791754, 41.343716142068345 ], [ 29.767630001203038, 41.406870801993172 ], [ 29.033945131253883, 41.494904445266158 ], [ 28.665246399822923, 41.519676291257369 ], [ 28.295907973338768, 41.531572745973968 ], [ 27.742569947579792, 41.629608649654429 ], [ 27.37567558458268, 41.732689239745156 ], [ 27.010559164017121, 41.841900416306451 ], [ 26.647323116545934, 41.957211540965005 ], [ 26.286069345307425, 42.078590264052949 ], [ 25.926899197327216, 42.20600253368341 ], [ 25.569913435086129, 42.339412605303423 ], [ 25.215212208251994, 42.478783051721848 ], [ 24.862895025583452, 42.624074773609259 ], [ 24.513060727013489, 42.775247010466991 ], [ 24.165807455920657, 42.93225735206218 ], [ 23.821232631595674, 43.095061750325613 ], [ 23.479432921911197, 43.263614531709131 ], [ 23.140504216202356, 43.437868409998941 ], [ 22.804541598365731, 43.617774499581472 ], [ 22.471639320184288, 43.803282329157796 ], [ 22.141890774885738, 43.994339855903021 ], [ 21.815388470941777, 44.190893480066492 ], [ 21.407289774069312, 44.412769663424442 ], [ 21.002903674261155, 44.641342342046343 ], [ 20.602340044611474, 44.876549411949256 ], [ 20.205707719636184, 45.118326966563302 ], [ 19.81311446570222, 45.366609314095271 ], [ 19.424666951747007, 45.621328995377382 ], [ 19.040470720296156, 45.882416802196104 ], [ 18.660630158787214, 46.14980179609632 ], [ 18.285248471207204, 46.423411327655501 ], [ 17.914427650051788, 46.703171056222828 ], [ 17.548268448613513, 46.989004970117819 ], [ 17.350408188284831, 47.210744925808378 ], [ 17.24864299736231, 47.319026070991839 ], [ 17.039593452666274, 47.530250071591603 ], [ 16.600297194870645, 47.930478948221911 ], [ 16.370571796317527, 48.119008871116385 ], [ 16.014150998499915, 48.386690683988768 ], [ 15.769059881464131, 48.554761011284036 ], [ 15.390934379078299, 48.790791607828325 ], [ 15.132294415892389, 48.937156426040133 ], [ 15.001122078144652, 49.006976038582266 ], [ 14.735267271618948, 49.139786100001444 ], [ 14.464995772868805, 49.263360399636667 ], [ 13.91249048826473, 49.48222626332165 ], [ 13.416681951584597, 49.749954041941905 ], [ 12.902807676761682, 50.034683682066607 ], [ 12.655253043302702, 50.179196415899547 ], [ 12.153256215274405, 50.456047188573521 ], [ 11.642519709396684, 50.716422662158244 ], [ 11.123584053892909, 50.960047273245713 ], [ 10.59699845439982, 51.186663186383242 ], [ 10.063320212726232, 51.396030566948646 ] ]
 }},


{ "type": "Feature",
    "properties": { "id": 66, "mag": 10, "place": "First Homo Sapiens 200000 ago(AFR-EAS to EUR) ", "time": -16206, "title": "*28.001", "timefinal": -68950,
        "name": "200000 years ago, First Homo Sapiens ",
        "times": [
-14400, -14357, -14314, -14271, -14228, -14185, -14141, -14098, -14055, -14012,
  -13969, -13926, -13883, -13840, -13797, -13754, -13710, -13667, -13624, -13581,
  -13538, -13495, -13452, -13409, -13366, -13323, -13280, -13236, -13193, -13150,
  -13107, -13064, -13021, -12978, -12935, -12892, -12849, -12805, -12762, -12719,
  -12676, -12633, -12590, -12547, -12504, -12461, -12418, -12374, -12331, -12288,
  -12245, -12202, -12159, -12116, -12073, -12030, -11987, -11944, -11900, -11857,
  -11814, -11771, -11728, -11685, -11642, -11599, -11556, -11513, -11469, -11426,
  -11383, -11340, -11297, -11254, -11211, -11168, -11125, -11082, -11039, -10995,
  -10952, -10909, -10866, -10823, -10780, -10737, -10694, -10651, -10608, -10564,
  -10521, -10478, -10435, -10392, -10349, -10306, -10263, -10220, -10177, -10133,
  -10090, -10047, -10004,  -9961,  -9918,  -9875,  -9832,  -9789,  -9746,  -9703,
   -9659,  -9616,  -9573,  -9530,  -9487,  -9444,  -9401,  -9358,  -9315,  -9272,
   -9228,  -9185,  -9142,  -9099,  -9056,  -9013,  -8970,  -8927,  -8884,  -8841,
   -8798,  -8754,  -8711,  -8668,  -8625,  -8582,  -8539,  -8496,  -8453,  -8410,
   -8367,  -8323,  -8280,  -8237,  -8194,  -8151,  -8108,  -8065,  -8022,  -7979,
   -7936,  -7893,  -7849,  -7806,  -7763,  -7720,  -7677,  -7634,  -7591,  -7548
]},
    "geometry": {
        "type": "Point",
        "coordinates": [39.444425150166158, 10.444428900920234]
}},
{ "type": "Feature",
    "properties": { "id": 66, "mag": 10, "place": "First Homo Sapiens 200000 ago(AFR-EAS to EUR) ", "time": -16206, "title": "*28.001", "timefinal": -68950,
        "name": "200000 years ago, First Homo Sapiens ",
        "times": [
   -7505,  -7462,  -7418,  -7375,  -7332,  -7289,  -7246,  -7203,  -7160,  -7117,
   -7074,  -7031,  -6987,  -6944,  -6901,  -6858,  -6815,  -6772,  -6729,  -6686,
   -6643,  -6600,  -6557,  -6513,  -6470,  -6427,  -6384,  -6341,  -6298,  -6255,
   -6212,  -6169,  -6126,  -6082,  -6039,  -5996,  -5953,  -5910,  -5867
]},
    "geometry": {
        "type": "Point",
        "coordinates": [ 10.444420212726232, 51.444420566948646 ]
}},
{ "type": "Feature", "properties": { "id": 3.3, "mag": "#0000FF", "place": "(AFR-EAS to EAS)", "time": null, "title": "15000 years ago, South America", "timefinal": null, "name": "15000 years ago, South America",
"times": [
     -14400, -14192, -13984, -13776, -13568, -13360, -13152, -12944, -12736, -12527,
  -12319, -12111, -11903, -11695, -11487, -11279, -11071, -10862, -10654, -10446,
  -10238, -10030,  -9822,  -9614,  -9406,  -9197,  -8989,  -8781,  -8573,  -8365,
   -8157,  -7949,  -7741,  -7532,  -7324,  -7116,  -6908,  -6700,  -6492,  -6284,
   -6076,  -5867
]},
 "geometry":
 { "type": "LineString", "coordinates":  [ [ 38.854273250118922, 1.7335961478081 ], [ 37.61137502458682, 3.331608152063659 ], [ 37.433818135225096, 3.686721930787115 ], [ 37.256261245863371, 4.041835709510579 ], [ 34.237794126713979, 11.32166817334145 ], [ 34.060237237352254, 11.676781952064907 ], [ 34.060237237352254, 12.031895730788371 ], [ 33.882680347990515, 12.742123288235284 ], [ 33.70512345862879, 13.274793956320465 ], [ 33.527566569267066, 13.629907735043929 ], [ 33.350009679905341, 14.16257840312911 ], [ 31.929554565011504, 22.507752203130359 ], [ 32.284668343734964, 24.283321096747649 ], [ 32.462225233096689, 24.638434875471106 ], [ 32.639782122458428, 24.993548654194562 ], [ 33.172452790543602, 26.414003769088392 ], [ 33.350009679905341, 26.769117547811849 ], [ 33.70512345862879, 27.124231326535305 ], [ 33.882680347990515, 27.656901994620494 ], [ 41.162512811821401, 33.516279343557542 ], [ 41.695183479906589, 33.693836232919267 ], [ 42.227854147991764, 33.871393122280999 ], [ 42.582967926715227, 34.048950011642724 ], [ 42.938081705438691, 34.226506901004456 ], [ 43.470752373523865, 34.40406379036618 ], [ 44.003423041609054, 34.581620679727912 ], [ 44.358536820332517, 34.759177569089644 ], [ 44.713650599055967, 34.759177569089644 ], [ 45.068764377779431, 34.936734458451369 ], [ 67.973603105442422, 37.600087798877297 ], [ 68.328716884165885, 37.600087798877297 ], [ 69.038944441612799, 37.422530909515572 ], [ 69.394058220336262, 37.422530909515572 ], [ 69.926728888421451, 37.422530909515572 ], [ 70.2818426671449, 37.422530909515572 ], [ 70.814513335230089, 37.422530909515572 ], [ 71.169627113953538, 37.422530909515572 ], [ 79.337244024593062, 37.600087798877297 ], [ 80.047471582039975, 37.777644688239029 ], [ 100.999184526723965, 35.291848237174825 ], [ 106.325891207575822, 34.40406379036618 ], [ 108.456573879916576, 33.693836232919267 ] ]
 }},

{ "type": "Feature",
    "properties": { "id": 66, "mag": 10, "place": "First Homo Sapiens 200000 ago(AFR-EAS to EAS) ", "time": -16206, "title": "*133.001", "timefinal": -68950,
        "name": "200000 years ago, First Homo Sapiens ",
        "times": [
-14400, -14192, -13984, -13776, -13568, -13360, -13152, -12944, -12736, -12527,
  -12319, -12111, -11903, -11695, -11487, -11279, -11071, -10862, -10654, -10446,
  -10238, -10030,  -9822,  -9614,  -9406,  -9197,  -8989,  -8781,  -8573,  -8365,
   -8157,  -7949,  -7741,  -7532,  -7324,  -7116
]},
    "geometry": {
        "type": "Point",
        "coordinates": [38.118973250118922, 1.118996147808156]
}},
{ "type": "Feature",
    "properties": { "id": 66, "mag": 10, "place": "First Homo Sapiens 200000 ago(AFR-EAS to EAS) ", "time": -16206, "title": "*133.001", "timefinal": -68950,
        "name": "200000 years ago, First Homo Sapiens ",
        "times": [
-6908,  -6700,  -6492,  -6284,  -6076,  -5867
]},
    "geometry": {
        "type": "Point",
        "coordinates": [ 108.118973879916576, 33.118936232919267 ]
}},
{ "type": "Feature", "properties": { "id": 3.3, "mag": "#0000FF", "place": "(AFR-EAS to EAS)", "time": null, "title": "15000 years ago, South America", "timefinal": null, "name": "15000 years ago, South America",
"times": [
     -14400, -14192, -13984, -13776, -13568, -13360, -13152, -12944, -12736, -12527,
  -12319, -12111, -11903, -11695, -11487, -11279, -11071, -10862, -10654, -10446,
  -10238, -10030,  -9822,  -9614,  -9406,  -9197,  -8989,  -8781,  -8573,  -8365,
   -8157,  -7949,  -7741,  -7532,  -7324,  -7116,  -6908,  -6700,  -6492,  -6284,
   -6076,  -5867
]},
 "geometry":
 { "type": "LineString", "coordinates":  [ [ 38.854273250118922, 1.7335961478081 ], [ 37.61137502458682, 3.331608152063659 ], [ 37.433818135225096, 3.686721930787115 ], [ 37.256261245863371, 4.041835709510579 ], [ 34.237794126713979, 11.32166817334145 ], [ 34.060237237352254, 11.676781952064907 ], [ 34.060237237352254, 12.031895730788371 ], [ 33.882680347990515, 12.742123288235284 ], [ 33.70512345862879, 13.274793956320465 ], [ 33.527566569267066, 13.629907735043929 ], [ 33.350009679905341, 14.16257840312911 ], [ 31.929554565011504, 22.507752203130359 ], [ 32.284668343734964, 24.283321096747649 ], [ 32.462225233096689, 24.638434875471106 ], [ 32.639782122458428, 24.993548654194562 ], [ 33.172452790543602, 26.414003769088392 ], [ 33.350009679905341, 26.769117547811849 ], [ 33.70512345862879, 27.124231326535305 ], [ 33.882680347990515, 27.656901994620494 ], [ 41.162512811821401, 33.516279343557542 ], [ 41.695183479906589, 33.693836232919267 ], [ 42.227854147991764, 33.871393122280999 ], [ 42.582967926715227, 34.048950011642724 ], [ 42.938081705438691, 34.226506901004456 ], [ 43.470752373523865, 34.40406379036618 ], [ 44.003423041609054, 34.581620679727912 ], [ 44.358536820332517, 34.759177569089644 ], [ 44.713650599055967, 34.759177569089644 ], [ 45.068764377779431, 34.936734458451369 ], [ 67.973603105442422, 37.600087798877297 ], [ 68.328716884165885, 37.600087798877297 ], [ 69.038944441612799, 37.422530909515572 ], [ 69.394058220336262, 37.422530909515572 ], [ 69.926728888421451, 37.422530909515572 ], [ 70.2818426671449, 37.422530909515572 ], [ 70.814513335230089, 37.422530909515572 ], [ 71.169627113953538, 37.422530909515572 ], [ 79.337244024593062, 37.600087798877297 ], [ 80.047471582039975, 37.777644688239029 ], [ 100.999184526723965, 35.291848237174825 ], [ 106.325891207575822, 34.40406379036618 ], [ 108.456573879916576, 33.693836232919267 ] ]
 }},

{ "type": "Feature",
    "properties": { "id": 66, "mag": 10, "place": "First Homo Sapiens 200000 ago(AFR-EAS to EAS) ", "time": -16206, "title": "*129.001", "timefinal": -68950,
        "name": "200000 years ago, First Homo Sapiens ",
        "times": [
-14400, -14192, -13984, -13776, -13568, -13360, -13152, -12944, -12736, -12527,
  -12319, -12111, -11903, -11695, -11487, -11279, -11071, -10862, -10654, -10446,
  -10238, -10030,  -9822,  -9614,  -9406,  -9197,  -8989,  -8781,  -8573,  -8365,
   -8157,  -7949,  -7741,  -7532,  -7324,  -7116
]},
    "geometry": {
        "type": "Point",
        "coordinates": [38.228973250118922, 1.228996147808156]
}},
{ "type": "Feature",
    "properties": { "id": 66, "mag": 10, "place": "First Homo Sapiens 200000 ago(AFR-EAS to EAS) ", "time": -16206, "title": "*129.001", "timefinal": -68950,
        "name": "200000 years ago, First Homo Sapiens ",
        "times": [
-6908,  -6700,  -6492,  -6284,  -6076,  -5867
]},
    "geometry": {
        "type": "Point",
        "coordinates": [ 108.228973879916576, 33.228936232919267 ]
}},
{ "type": "Feature", "properties": { "id": 3.3, "mag": "#0000FF", "place": "(AFR-EAS to EUR)", "time": null, "title": "15000 years ago, South America", "timefinal": null, "name": "15000 years ago, South America",
  "times": [
  -14400, -14357, -14314, -14271, -14228, -14185, -14141, -14098, -14055, -14012,
  -13969, -13926, -13883, -13840, -13797, -13754, -13710, -13667, -13624, -13581,
  -13538, -13495, -13452, -13409, -13366, -13323, -13280, -13236, -13193, -13150,
  -13107, -13064, -13021, -12978, -12935, -12892, -12849, -12805, -12762, -12719,
  -12676, -12633, -12590, -12547, -12504, -12461, -12418, -12374, -12331, -12288,
  -12245, -12202, -12159, -12116, -12073, -12030, -11987, -11944, -11900, -11857,
  -11814, -11771, -11728, -11685, -11642, -11599, -11556, -11513, -11469, -11426,
  -11383, -11340, -11297, -11254, -11211, -11168, -11125, -11082, -11039, -10995,
  -10952, -10909, -10866, -10823, -10780, -10737, -10694, -10651, -10608, -10564,
  -10521, -10478, -10435, -10392, -10349, -10306, -10263, -10220, -10177, -10133,
  -10090, -10047, -10004,  -9961,  -9918,  -9875,  -9832,  -9789,  -9746,  -9703,
   -9659,  -9616,  -9573,  -9530,  -9487,  -9444,  -9401,  -9358,  -9315,  -9272,
   -9228,  -9185,  -9142,  -9099,  -9056,  -9013,  -8970,  -8927,  -8884,  -8841,
   -8798,  -8754,  -8711,  -8668,  -8625,  -8582,  -8539,  -8496,  -8453,  -8410,
   -8367,  -8323,  -8280,  -8237,  -8194,  -8151,  -8108,  -8065,  -8022,  -7979,
   -7936,  -7893,  -7849,  -7806,  -7763,  -7720,  -7677,  -7634,  -7591,  -7548,
   -7505,  -7462,  -7418,  -7375,  -7332,  -7289,  -7246,  -7203,  -7160,  -7117,
   -7074,  -7031,  -6987,  -6944,  -6901,  -6858,  -6815,  -6772,  -6729,  -6686,
   -6643,  -6600,  -6557,  -6513,  -6470,  -6427,  -6384,  -6341,  -6298,  -6255,
   -6212,  -6169,  -6126,  -6082,  -6039,  -5996,  -5953,  -5910,  -5867
]},
 "geometry":
 { "type": "LineString", "coordinates": [ [ 39.025585150166158, 10.940748900920234 ], [ 38.482587258028062, 11.46889733883221 ], [ 37.957422737560073, 12.014781676193991 ], [ 37.450670574018815, 12.577800084491207 ], [ 36.962889453339855, 13.157331845177762 ], [ 36.494617146195665, 13.752738034007823 ], [ 36.267958985628624, 14.056189569978946 ], [ 35.829911013433076, 14.674171331352737 ], [ 35.412620944890165, 15.306355230254574 ], [ 35.016548835445377, 15.952044294321203 ], [ 34.826606899680414, 16.279731366804576 ], [ 34.600373212923117, 16.63974342907014 ], [ 34.386776165772943, 17.00739362619953 ], [ 34.090633527035472, 17.572218163236457 ], [ 33.909720936223238, 17.957005117908988 ], [ 33.663671177872601, 18.545381474107092 ], [ 33.516805906295687, 18.944406483354879 ], [ 33.383884012046074, 19.34829029836812 ], [ 33.265065793475323, 19.756545851834613 ], [ 33.160494540480698, 20.168680804304906 ], [ 33.030621848242681, 20.793068747756902 ], [ 32.933436863498088, 21.423372086521312 ], [ 32.869203255603765, 22.05788076552755 ], [ 32.838095294629561, 22.694873320336001 ], [ 32.835805176160086, 23.120061656674089 ], [ 32.848279693961487, 23.54507312993826 ], [ 32.894637390774335, 24.181137736769649 ], [ 32.974051729999275, 24.81392568137893 ], [ 33.028004478747619, 25.223432293101428 ], [ 33.142494141886189, 26.017553020221339 ], [ 33.310647420715711, 26.802065663220748 ], [ 33.53168795896427, 27.57334816182799 ], [ 33.661731450355198, 27.952912463711897 ], [ 33.804595222215795, 28.327839538764536 ], [ 33.960114328001957, 28.697696506595658 ], [ 34.128109209672466, 29.062056340620039 ], [ 34.308385905001657, 29.420498361090502 ], [ 34.500736271522847, 29.772608720803085 ], [ 34.704938226843858, 30.117980882913521 ], [ 34.811410400633939, 30.288015211722978 ], [ 35.032943475985959, 30.622534965164885 ], [ 35.386229197690682, 31.109722264076574 ], [ 35.525798644832143, 31.311892203370952 ], [ 35.695268180566153, 31.592167867048008 ], [ 35.845005448963818, 31.883463458577168 ], [ 35.974297456109142, 32.184391935261999 ], [ 36.082528560916472, 32.493520386142372 ], [ 36.169183406587351, 32.809376854990603 ], [ 36.257836172272292, 33.292479608053881 ], [ 36.283300978086061, 33.536823338471777 ], [ 36.297527995571755, 33.864041863566214 ], [ 36.283532815027257, 34.273166432895508 ], [ 36.220301523228883, 34.760248958365686 ], [ 36.169873337811048, 35.000684631769474 ], [ 36.0834174035339, 35.316595604386414 ], [ 36.004386857217924, 35.549203617315172 ], [ 35.88049712537719, 35.852396139544773 ], [ 35.65993187332208, 36.405066672654883 ], [ 35.529321658030696, 36.787913374981898 ], [ 35.3792004266272, 37.163538509528344 ], [ 35.268474156088544, 37.409451755158365 ], [ 35.086742015352165, 37.770843585232747 ], [ 34.886669556811725, 38.122413830211919 ], [ 34.668786006093768, 38.463232527098796 ], [ 34.513917972619851, 38.684025469856515 ], [ 34.181936572933395, 39.109040007641582 ], [ 34.005213542164398, 39.312761881183704 ], [ 33.821609894693829, 39.510305122017691 ], [ 33.533777647055615, 39.794529017988218 ], [ 33.127998985948992, 40.149765115896287 ], [ 32.916214774195744, 40.316741398690425 ], [ 32.698830363311039, 40.476358594718924 ], [ 32.250097993901726, 40.702663887279421 ], [ 31.733819012458632, 40.904307033752616 ], [ 31.384077608618487, 41.023610635343424 ], [ 31.030387679386198, 41.130642559890603 ], [ 30.673179667065305, 41.225272549039758 ], [ 30.131723241791754, 41.343716142068345 ], [ 29.767630001203038, 41.406870801993172 ], [ 29.033945131253883, 41.494904445266158 ], [ 28.665246399822923, 41.519676291257369 ], [ 28.295907973338768, 41.531572745973968 ], [ 27.742569947579792, 41.629608649654429 ], [ 27.37567558458268, 41.732689239745156 ], [ 27.010559164017121, 41.841900416306451 ], [ 26.647323116545934, 41.957211540965005 ], [ 26.286069345307425, 42.078590264052949 ], [ 25.926899197327216, 42.20600253368341 ], [ 25.569913435086129, 42.339412605303423 ], [ 25.215212208251994, 42.478783051721848 ], [ 24.862895025583452, 42.624074773609259 ], [ 24.513060727013489, 42.775247010466991 ], [ 24.165807455920657, 42.93225735206218 ], [ 23.821232631595674, 43.095061750325613 ], [ 23.479432921911197, 43.263614531709131 ], [ 23.140504216202356, 43.437868409998941 ], [ 22.804541598365731, 43.617774499581472 ], [ 22.471639320184288, 43.803282329157796 ], [ 22.141890774885738, 43.994339855903021 ], [ 21.815388470941777, 44.190893480066492 ], [ 21.407289774069312, 44.412769663424442 ], [ 21.002903674261155, 44.641342342046343 ], [ 20.602340044611474, 44.876549411949256 ], [ 20.205707719636184, 45.118326966563302 ], [ 19.81311446570222, 45.366609314095271 ], [ 19.424666951747007, 45.621328995377382 ], [ 19.040470720296156, 45.882416802196104 ], [ 18.660630158787214, 46.14980179609632 ], [ 18.285248471207204, 46.423411327655501 ], [ 17.914427650051788, 46.703171056222828 ], [ 17.548268448613513, 46.989004970117819 ], [ 17.350408188284831, 47.210744925808378 ], [ 17.24864299736231, 47.319026070991839 ], [ 17.039593452666274, 47.530250071591603 ], [ 16.600297194870645, 47.930478948221911 ], [ 16.370571796317527, 48.119008871116385 ], [ 16.014150998499915, 48.386690683988768 ], [ 15.769059881464131, 48.554761011284036 ], [ 15.390934379078299, 48.790791607828325 ], [ 15.132294415892389, 48.937156426040133 ], [ 15.001122078144652, 49.006976038582266 ], [ 14.735267271618948, 49.139786100001444 ], [ 14.464995772868805, 49.263360399636667 ], [ 13.91249048826473, 49.48222626332165 ], [ 13.416681951584597, 49.749954041941905 ], [ 12.902807676761682, 50.034683682066607 ], [ 12.655253043302702, 50.179196415899547 ], [ 12.153256215274405, 50.456047188573521 ], [ 11.642519709396684, 50.716422662158244 ], [ 11.123584053892909, 50.960047273245713 ], [ 10.59699845439982, 51.186663186383242 ], [ 10.063320212726232, 51.396030566948646 ] ]
 }},


{ "type": "Feature",
    "properties": { "id": 66, "mag": 10, "place": "First Homo Sapiens 200000 ago(AFR-EAS to EUR) ", "time": -16206, "title": "*28.003", "timefinal": -68950,
        "name": "200000 years ago, First Homo Sapiens ",
        "times": [
-14400, -14357, -14314, -14271, -14228, -14185, -14141, -14098, -14055, -14012,
  -13969, -13926, -13883, -13840, -13797, -13754, -13710, -13667, -13624, -13581,
  -13538, -13495, -13452, -13409, -13366, -13323, -13280, -13236, -13193, -13150,
  -13107, -13064, -13021, -12978, -12935, -12892, -12849, -12805, -12762, -12719,
  -12676, -12633, -12590, -12547, -12504, -12461, -12418, -12374, -12331, -12288,
  -12245, -12202, -12159, -12116, -12073, -12030, -11987, -11944, -11900, -11857,
  -11814, -11771, -11728, -11685, -11642, -11599, -11556, -11513, -11469, -11426,
  -11383, -11340, -11297, -11254, -11211, -11168, -11125, -11082, -11039, -10995,
  -10952, -10909, -10866, -10823, -10780, -10737, -10694, -10651, -10608, -10564,
  -10521, -10478, -10435, -10392, -10349, -10306, -10263, -10220, -10177, -10133,
  -10090, -10047, -10004,  -9961,  -9918,  -9875,  -9832,  -9789,  -9746,  -9703,
   -9659,  -9616,  -9573,  -9530,  -9487,  -9444,  -9401,  -9358,  -9315,  -9272,
   -9228,  -9185,  -9142,  -9099,  -9056,  -9013,  -8970,  -8927,  -8884,  -8841,
   -8798,  -8754,  -8711,  -8668,  -8625,  -8582,  -8539,  -8496,  -8453,  -8410,
   -8367,  -8323,  -8280,  -8237,  -8194,  -8151,  -8108,  -8065,  -8022,  -7979,
   -7936,  -7893,  -7849,  -7806,  -7763,  -7720,  -7677,  -7634,  -7591,  -7548
]},
    "geometry": {
        "type": "Point",
        "coordinates": [36.527192404502063, -2.145925220835992]
}},
{ "type": "Feature",
    "properties": { "id": 66, "mag": 10, "place": "First Homo Sapiens 200000 ago(AFR-EAS to EUR) ", "time": -16206, "title": "*28.003", "timefinal": -68950,
        "name": "200000 years ago, First Homo Sapiens ",
        "times": [
   -7505,  -7462,  -7418,  -7375,  -7332,  -7289,  -7246,  -7203,  -7160,  -7117,
   -7074,  -7031,  -6987,  -6944,  -6901,  -6858,  -6815,  -6772,  -6729,  -6686,
   -6643,  -6600,  -6557,  -6513,  -6470,  -6427,  -6384,  -6341,  -6298,  -6255,
   -6212,  -6169,  -6126,  -6082,  -6039,  -5996,  -5953,  -5910,  -5867
]},
    "geometry": {
        "type": "Point",
        "coordinates": [ 10.233420212726232, 51.233420566948646 ]
}},

{ "type": "Feature", "properties": { "id": 3.3, "mag": "#0000FF", "place": "(AFR-EAS to EAS)", "time": null, "title": "15000 years ago, South America", "timefinal": null, "name": "15000 years ago, South America",
"times": [
   -15750, -15522, -15295, -15067, -14839, -14612, -14384, -14157, -13929, -13701,
  -13474, -13246, -13018, -12791, -12563, -12335, -12108, -11880, -11653, -11425,
  -11197, -10970, -10742, -10514, -10287, -10059,  -9832,  -9604,  -9376,  -9149,
   -8921,  -8693,  -8466,  -8238,  -8010,  -7783,  -7555,  -7328,  -7100,  -6872,
   -6645,  -6417
]},
 "geometry":
 { "type": "LineString", "coordinates":  [ [ 38.854273250118922, 1.7335961478081 ], [ 37.61137502458682, 3.331608152063659 ], [ 37.433818135225096, 3.686721930787115 ], [ 37.256261245863371, 4.041835709510579 ], [ 34.237794126713979, 11.32166817334145 ], [ 34.060237237352254, 11.676781952064907 ], [ 34.060237237352254, 12.031895730788371 ], [ 33.882680347990515, 12.742123288235284 ], [ 33.70512345862879, 13.274793956320465 ], [ 33.527566569267066, 13.629907735043929 ], [ 33.350009679905341, 14.16257840312911 ], [ 31.929554565011504, 22.507752203130359 ], [ 32.284668343734964, 24.283321096747649 ], [ 32.462225233096689, 24.638434875471106 ], [ 32.639782122458428, 24.993548654194562 ], [ 33.172452790543602, 26.414003769088392 ], [ 33.350009679905341, 26.769117547811849 ], [ 33.70512345862879, 27.124231326535305 ], [ 33.882680347990515, 27.656901994620494 ], [ 41.162512811821401, 33.516279343557542 ], [ 41.695183479906589, 33.693836232919267 ], [ 42.227854147991764, 33.871393122280999 ], [ 42.582967926715227, 34.048950011642724 ], [ 42.938081705438691, 34.226506901004456 ], [ 43.470752373523865, 34.40406379036618 ], [ 44.003423041609054, 34.581620679727912 ], [ 44.358536820332517, 34.759177569089644 ], [ 44.713650599055967, 34.759177569089644 ], [ 45.068764377779431, 34.936734458451369 ], [ 67.973603105442422, 37.600087798877297 ], [ 68.328716884165885, 37.600087798877297 ], [ 69.038944441612799, 37.422530909515572 ], [ 69.394058220336262, 37.422530909515572 ], [ 69.926728888421451, 37.422530909515572 ], [ 70.2818426671449, 37.422530909515572 ], [ 70.814513335230089, 37.422530909515572 ], [ 71.169627113953538, 37.422530909515572 ], [ 79.337244024593062, 37.600087798877297 ], [ 80.047471582039975, 37.777644688239029 ], [ 100.999184526723965, 35.291848237174825 ], [ 106.325891207575822, 34.40406379036618 ], [ 108.456573879916576, 33.693836232919267 ] ]
 }},

{ "type": "Feature",
    "properties": { "id": 66, "mag": 10, "place": "First Homo Sapiens 200000 ago(AFR-EAS to EAS) ", "time": -16206, "title": "*113.001", "timefinal": -68950,
        "name": "200000 years ago, First Homo Sapiens ",
        "times": [
-15750, -15522, -15295, -15067, -14839, -14612, -14384, -14157, -13929, -13701,
  -13474, -13246, -13018, -12791, -12563, -12335, -12108, -11880, -11653, -11425,
  -11197, -10970, -10742, -10514, -10287, -10059,  -9832,  -9604,  -9376,  -9149,
   -8921,  -8693,  -8466,  -8238,  -8010,  -7783
]},
    "geometry": {
        "type": "Point",
        "coordinates": [38.624973250118922, 1.624996147808156]
}},
{ "type": "Feature",
    "properties": { "id": 66, "mag": 10, "place": "First Homo Sapiens 200000 ago(AFR-EAS to EAS) ", "time": -16206, "title": "*113.001", "timefinal": -68950,
        "name": "200000 years ago, First Homo Sapiens ",
        "times": [
-7555,  -7328,  -7100,  -6872,  -6645,  -6417
]},
    "geometry": {
        "type": "Point",
        "coordinates": [ 108.624973879916576, 33.624936232919267 ]
}},
{ "type": "Feature", "properties": { "id": 3.3, "mag": "#0000FF", "place": "(EUR to EAS)", "time": null, "title": "15000 years ago, South America", "timefinal": null, "name": "15000 years ago, South America",
"times": [
  -15750, -15595, -15439, -15284, -15128, -14973, -14817, -14662, -14506, -14351,
  -14195, -14039, -13884, -13728, -13573, -13417, -13262, -13106, -12951, -12795,
  -12639, -12484, -12328, -12173, -12017, -11862, -11706, -11551, -11395, -11240,
  -11084, -10928, -10773, -10617, -10462, -10306, -10151,  -9995,  -9840,  -9684,
   -9528,  -9373,  -9217,  -9062,  -8906,  -8751,  -8595,  -8440,  -8284,  -8129,
   -7973,  -7817,  -7662,  -7506,  -7351,  -7195,  -7040,  -6884,  -6729,  -6573,
   -6417
]},
 "geometry":
 { "type": "LineString", "coordinates":  [ [ 2.009227690736033, 46.029686462103975 ], [ 2.330685253960253, 46.029686462103975 ], [ 3.937973070081352, 46.190415243716089 ], [ 4.259430633305572, 46.190415243716089 ], [ 4.580888196529791, 46.351144025328196 ], [ 4.902345759754011, 46.351144025328196 ], [ 5.223803322978231, 46.511872806940303 ], [ 14.063886311644275, 48.440618186285619 ], [ 14.385343874868497, 48.440618186285619 ], [ 17.117733162274362, 48.762075749509847 ], [ 17.439190725498584, 48.762075749509847 ], [ 19.046478541619685, 48.922804531121955 ], [ 19.367936104843903, 48.922804531121955 ], [ 27.725832748673618, 49.726448439182505 ], [ 28.047290311897839, 49.726448439182505 ], [ 28.368747875122054, 49.887177220794612 ], [ 30.940408380915812, 50.047906002406719 ], [ 31.261865944140034, 50.047906002406719 ], [ 31.744052288976363, 50.047906002406719 ], [ 40.262677714418189, 50.530092347243055 ], [ 40.58413527764241, 50.530092347243055 ], [ 42.352151875375618, 50.530092347243055 ], [ 42.67360943859984, 50.369363565630941 ], [ 42.995067001824061, 50.369363565630941 ], [ 43.316524565048276, 50.208634784018834 ], [ 50.870777300817444, 49.404990875958283 ], [ 51.192234864041666, 49.404990875958283 ], [ 52.960251461774874, 49.244262094346169 ], [ 53.281709024999095, 49.083533312734062 ], [ 54.246081714671753, 48.922804531121955 ], [ 54.567539277895975, 48.762075749509847 ], [ 66.943655462028431, 45.708228898879753 ], [ 67.26511302525266, 45.708228898879753 ], [ 69.354587186210082, 45.386771335655538 ], [ 69.676044749434297, 45.386771335655538 ], [ 69.997502312658526, 45.226042554043424 ], [ 79.15904286454878, 42.81511082986178 ], [ 79.641229209385116, 42.81511082986178 ], [ 79.962686772609331, 42.654382048249666 ], [ 80.28414433583356, 42.654382048249666 ], [ 80.605601899057774, 42.493653266637558 ], [ 87.516939508378499, 41.047094232128572 ], [ 87.999125853214835, 40.886365450516458 ], [ 88.32058341643905, 40.886365450516458 ], [ 88.642040979663278, 40.72563666890435 ], [ 88.963498542887493, 40.72563666890435 ], [ 89.284956106111707, 40.564907887292236 ], [ 96.357022497044554, 38.957620071171135 ], [ 96.678480060268768, 38.957620071171135 ], [ 101.661072290244178, 37.189603473437927 ], [ 102.303987416692621, 37.02887469182582 ], [ 102.625444979916836, 36.868145910213713 ], [ 102.94690254314105, 36.707417128601598 ], [ 103.268360106365279, 36.707417128601598 ], [ 105.518563048934809, 36.225230783765269 ], [ 105.840020612159037, 36.225230783765269 ], [ 106.161478175383252, 36.225230783765269 ], [ 106.482935738607466, 36.064502002153162 ], [ 106.804393301831695, 36.064502002153162 ], [ 107.125850865055909, 36.064502002153162 ], [ 107.447308428280138, 36.064502002153162 ] ]

 }},

{ "type": "Feature",
    "properties": { "id": 66, "mag": 10, "place": "First Homo Sapiens 200000 ago(EUR to EAS) ", "time": -16206, "title": "*4.032", "timefinal": -68950,
        "name": "200000 years ago, First Homo Sapiens ",
        "times": [
-15750, -15595, -15439, -15284, -15128, -14973, -14817, -14662, -14506, -14351,
  -14195, -14039, -13884, -13728, -13573, -13417, -13262, -13106, -12951, -12795,
  -12639, -12484, -12328, -12173, -12017, -11862, -11706, -11551, -11395, -11240,
  -11084, -10928, -10773, -10617, -10462, -10306, -10151,  -9995,  -9840,  -9684,
   -9528,  -9373,  -9217,  -9062,  -8906,  -8751,  -8595,  -8440,  -8284,  -8129
]},
    "geometry": {
        "type": "Point",
        "coordinates": [2.009227690736033, 46.029686462103975]
}},
{ "type": "Feature",
    "properties": { "id": 66, "mag": 10, "place": "First Homo Sapiens 200000 ago(EUR to EAS) ", "time": -16206, "title": "*4.032", "timefinal": -68950,
        "name": "200000 years ago, First Homo Sapiens ",
        "times": [
-7973,  -7817,  -7662,  -7506,  -7351,  -7195,  -7040,  -6884,  -6729,  -6573, -6417
]},
    "geometry": {
        "type": "Point",
        "coordinates": [ 107.447308428280138, 36.064502002153162 ]
}},
{ "type": "Feature",
    "properties": { "id": 66, "mag": 10, "place": "First Homo Sapiens 200000 ago ", "time": -16206, "title": "*1.034", "timefinal": -68950,
        "name": "200000 years ago, First Homo Sapiens ",
        "times": [
-15750, -6417
]},
    "geometry": {
        "type": "Point",
        "coordinates": [22.147852268988155, 52.147852691772538]
}},

{ "type": "Feature", "properties": { "id": 3.3, "mag": "#0000FF", "place": "(AFR-EAS to EAS)", "time": null, "title": "15000 years ago, South America", "timefinal": null, "name": "15000 years ago, South America",
"times": [
   -16200, -15522, -15295, -15067, -14839, -14612, -14384, -14157, -13929, -13701,
  -13474, -13246, -13018, -12791, -12563, -12335, -12108, -11880, -11653, -11425,
  -11197, -10970, -10742, -10514, -10287, -10059,  -9832,  -9604,  -9376,  -9149,
   -8921,  -8693,  -8466,  -8238,  -8010,  -7783,  -7555,  -7328,  -7100,  -6872,
   -6645,  -6600
]},
 "geometry":
 { "type": "LineString", "coordinates":  [ [ 38.854273250118922, 1.7335961478081 ], [ 37.61137502458682, 3.331608152063659 ], [ 37.433818135225096, 3.686721930787115 ], [ 37.256261245863371, 4.041835709510579 ], [ 34.237794126713979, 11.32166817334145 ], [ 34.060237237352254, 11.676781952064907 ], [ 34.060237237352254, 12.031895730788371 ], [ 33.882680347990515, 12.742123288235284 ], [ 33.70512345862879, 13.274793956320465 ], [ 33.527566569267066, 13.629907735043929 ], [ 33.350009679905341, 14.16257840312911 ], [ 31.929554565011504, 22.507752203130359 ], [ 32.284668343734964, 24.283321096747649 ], [ 32.462225233096689, 24.638434875471106 ], [ 32.639782122458428, 24.993548654194562 ], [ 33.172452790543602, 26.414003769088392 ], [ 33.350009679905341, 26.769117547811849 ], [ 33.70512345862879, 27.124231326535305 ], [ 33.882680347990515, 27.656901994620494 ], [ 41.162512811821401, 33.516279343557542 ], [ 41.695183479906589, 33.693836232919267 ], [ 42.227854147991764, 33.871393122280999 ], [ 42.582967926715227, 34.048950011642724 ], [ 42.938081705438691, 34.226506901004456 ], [ 43.470752373523865, 34.40406379036618 ], [ 44.003423041609054, 34.581620679727912 ], [ 44.358536820332517, 34.759177569089644 ], [ 44.713650599055967, 34.759177569089644 ], [ 45.068764377779431, 34.936734458451369 ], [ 67.973603105442422, 37.600087798877297 ], [ 68.328716884165885, 37.600087798877297 ], [ 69.038944441612799, 37.422530909515572 ], [ 69.394058220336262, 37.422530909515572 ], [ 69.926728888421451, 37.422530909515572 ], [ 70.2818426671449, 37.422530909515572 ], [ 70.814513335230089, 37.422530909515572 ], [ 71.169627113953538, 37.422530909515572 ], [ 79.337244024593062, 37.600087798877297 ], [ 80.047471582039975, 37.777644688239029 ], [ 100.999184526723965, 35.291848237174825 ], [ 106.325891207575822, 34.40406379036618 ], [ 108.456573879916576, 33.693836232919267 ] ]
 }},

{ "type": "Feature",
    "properties": { "id": 66, "mag": 10, "place": "First Homo Sapiens 200000 ago(AFR-EAS to EAS) ", "time": -16206, "title": "*7.001", "timefinal": -68950,
        "name": "200000 years ago, First Homo Sapiens ",
        "times": [
-16200, -15522, -15295, -15067, -14839, -14612, -14384, -14157, -13929, -13701,
  -13474, -13246, -13018, -12791, -12563, -12335, -12108, -11880, -11653, -11425,
  -11197, -10970, -10742, -10514, -10287, -10059,  -9832,  -9604,  -9376,  -9149,
   -8921,  -8693,  -8466,  -8238,  -8010,  -7783
]},
    "geometry": {
        "type": "Point",
        "coordinates": [38.729973250118922, 1.729996147808156]
}},
{ "type": "Feature",
    "properties": { "id": 66, "mag": 10, "place": "First Homo Sapiens 200000 ago(AFR-EAS to EAS) ", "time": -16206, "title": "*7.001", "timefinal": -68950,
        "name": "200000 years ago, First Homo Sapiens ",
        "times": [
-7555,  -7328,  -7100,  -6872,  -6645,  -6600
]},
    "geometry": {
        "type": "Point",
        "coordinates": [ 108.729973879916576, 33.729936232919267 ]
}},

{ "type": "Feature", "properties": { "id": 3.3, "mag": "#0000FF", "place": "(AFR-EAS to SA)", "time": null, "title": "15000 years ago, South America", "timefinal": null, "name": "15000 years ago, South America",
"times": [
    -16200, -15933, -15666, -15400, -15133, -14866, -14600, -14333, -14066, -13800,
  -13533, -13266, -13000, -12733, -12466, -12200, -11933, -11666, -11400, -11133,
  -10866, -10600, -10333, -10066,  -9800,  -9533,  -9266,  -9000,  -8733,  -8466,
   -8200,  -7933,  -7666,  -7400,  -7133,  -6866,  -6600
]},
 "geometry":
 { "type": "LineString", "coordinates":[ [ 33.628342241101493, -3.682684826898907 ], [ 33.001616517680773, -1.888990126760813 ], [ 32.711664189919979, -0.984265365183106 ], [ 31.499350047426404, 3.607218012077364 ], [ 31.304886667046233, 4.53715523591393 ], [ 31.126570678084505, 5.470323310092608 ], [ 30.964455653742782, 6.406441873880565 ], [ 30.346713100740253, 18.715671019568507 ], [ 31.488043892683152, 25.514795857792183 ], [ 31.622787347469977, 25.793955329161321 ], [ 31.762328233745752, 26.070747941274355 ], [ 33.226761961009913, 28.442022455209706 ], [ 33.411762082204383, 28.690740697847875 ], [ 33.601026822026888, 28.936229327570118 ], [ 33.794499811493829, 29.178415230152638 ], [ 33.992123428272691, 29.41722627502751 ], [ 34.19383881384379, 29.652591336765418 ], [ 34.399585891030185, 29.884440316259052 ], [ 34.609303381890555, 30.112704161600831 ], [ 35.947408825595325, 31.403269571888135 ], [ 36.183106485788436, 31.60459622696013 ], [ 36.422243371208801, 31.801825431426494 ], [ 36.664748259381554, 31.994898444235915 ], [ 36.91054892473484, 32.183757762181486 ], [ 37.159572160110848, 32.368347137026973 ], [ 37.411743798569219, 32.548611592259299 ], [ 37.666988735476266, 32.724497439462269 ], [ 38.986621437119638, 33.536460609212909 ], [ 39.258679308798783, 33.685021450353503 ], [ 46.658337432779412, 35.776513964732189 ], [ 55.323922578055765, 35.347684865686645 ], [ 67.494994292681071, 30.885803857524568 ], [ 68.000218020805676, 30.57569697582964 ], [ 68.499996795800314, 30.256889087596708 ], [ 68.994180783810805, 29.929475771543849 ], [ 69.839222383850085, 29.046392014770497 ], [ 77.090606171137111, 22.496755045608019 ] ]

}},

{ "type": "Feature",
    "properties": { "id": 66, "mag": 10, "place": "First Homo Sapiens 200000 ago(AFR-EAS to SA)", "time": -16206, "title": "*111.002", "timefinal": -68950,
        "name": "200000 years ago, First Homo Sapiens ",
        "times": [
   -16200, -15933, -15666, -15400, -15133, -14866, -14600, -14333, -14066, -13800,
  -13533, -13266, -13000, -12733, -12466, -12200, -11933, -11666, -11400, -11133,
  -10866, -10600, -10333, -10066,  -9800,  -9533,  -9266,  -9000
]},
    "geometry": {
        "type": "Point",
        "coordinates": [33.438342241101493, -3.562684826898907]
}},
{ "type": "Feature",
    "properties": { "id": 66, "mag": 10, "place": "First Homo Sapiens 200000 ago(AFR-EAS to SA)", "time": -16206, "title": "*111.002", "timefinal": -68950,
        "name": "200000 years ago, First Homo Sapiens ",
        "times": [
  -8733,  -8466,  -8200,  -7933,  -7666,  -7400,  -7133,  -6866,  -6600
]},
    "geometry": {
        "type": "Point",
        "coordinates": [ 77.490606171137111, 22.236755045608019 ]
}},
{ "type": "Feature",
    "properties": { "id": 66, "mag": 10, "place": "First Homo Sapiens 200000 ago ", "time": -16206, "title": "*114.001", "timefinal": -68950,
        "name": "200000 years ago, First Homo Sapiens ",
        "times": [
-16605, -6765
]},
    "geometry": {
        "type": "Point",
        "coordinates": [115.452225365550419, 45.213869240048069]
}},
{ "type": "Feature", "properties": { "id": 3.3, "mag": "#0000FF", "place": "(AFR-EAS to EAS)", "time": null, "title": "15000 years ago, South America", "timefinal": null, "name": "15000 years ago, South America",
"times": [
   -16605, -15522, -15295, -15067, -14839, -14612, -14384, -14157, -13929, -13701,
  -13474, -13246, -13018, -12791, -12563, -12335, -12108, -11880, -11653, -11425,
  -11197, -10970, -10742, -10514, -10287, -10059,  -9832,  -9604,  -9376,  -9149,
   -8921,  -8693,  -8466,  -8238,  -8010,  -7783,  -7555,  -7328,  -7100,  -6872,
   -6845,  -6765
]},
 "geometry":
 { "type": "LineString", "coordinates":  [ [ 38.854273250118922, 1.7335961478081 ], [ 37.61137502458682, 3.331608152063659 ], [ 37.433818135225096, 3.686721930787115 ], [ 37.256261245863371, 4.041835709510579 ], [ 34.237794126713979, 11.32166817334145 ], [ 34.060237237352254, 11.676781952064907 ], [ 34.060237237352254, 12.031895730788371 ], [ 33.882680347990515, 12.742123288235284 ], [ 33.70512345862879, 13.274793956320465 ], [ 33.527566569267066, 13.629907735043929 ], [ 33.350009679905341, 14.16257840312911 ], [ 31.929554565011504, 22.507752203130359 ], [ 32.284668343734964, 24.283321096747649 ], [ 32.462225233096689, 24.638434875471106 ], [ 32.639782122458428, 24.993548654194562 ], [ 33.172452790543602, 26.414003769088392 ], [ 33.350009679905341, 26.769117547811849 ], [ 33.70512345862879, 27.124231326535305 ], [ 33.882680347990515, 27.656901994620494 ], [ 41.162512811821401, 33.516279343557542 ], [ 41.695183479906589, 33.693836232919267 ], [ 42.227854147991764, 33.871393122280999 ], [ 42.582967926715227, 34.048950011642724 ], [ 42.938081705438691, 34.226506901004456 ], [ 43.470752373523865, 34.40406379036618 ], [ 44.003423041609054, 34.581620679727912 ], [ 44.358536820332517, 34.759177569089644 ], [ 44.713650599055967, 34.759177569089644 ], [ 45.068764377779431, 34.936734458451369 ], [ 67.973603105442422, 37.600087798877297 ], [ 68.328716884165885, 37.600087798877297 ], [ 69.038944441612799, 37.422530909515572 ], [ 69.394058220336262, 37.422530909515572 ], [ 69.926728888421451, 37.422530909515572 ], [ 70.2818426671449, 37.422530909515572 ], [ 70.814513335230089, 37.422530909515572 ], [ 71.169627113953538, 37.422530909515572 ], [ 79.337244024593062, 37.600087798877297 ], [ 80.047471582039975, 37.777644688239029 ], [ 100.999184526723965, 35.291848237174825 ], [ 106.325891207575822, 34.40406379036618 ], [ 108.456573879916576, 33.693836232919267 ] ]
 }},

{ "type": "Feature",
    "properties": { "id": 66, "mag": 10, "place": "First Homo Sapiens 200000 ago(AFR-EAS to EAS) ", "time": -16206, "title": "*14.001", "timefinal": -68950,
        "name": "200000 years ago, First Homo Sapiens ",
        "times": [
-16605, -15522, -15295, -15067, -14839, -14612, -14384, -14157, -13929, -13701,
  -13474, -13246, -13018, -12791, -12563, -12335, -12108, -11880, -11653, -11425,
  -11197, -10970, -10742, -10514, -10287, -10059,  -9832,  -9604,  -9376,  -9149,
   -8921,  -8693,  -8466,  -8238,  -8010,  -7783
]},
    "geometry": {
        "type": "Point",
        "coordinates": [38.426973250118922, 1.426996147808156]
}},
{ "type": "Feature",
    "properties": { "id": 66, "mag": 10, "place": "First Homo Sapiens 200000 ago(AFR-EAS to EAS) ", "time": -16206, "title": "*14.001", "timefinal": -68950,
        "name": "200000 years ago, First Homo Sapiens ",
        "times": [
-7555,  -7328,  -7100,  -6872,  -6845,  -6765
]},
    "geometry": {
        "type": "Point",
        "coordinates": [ 108.426973879916576, 33.426936232919267 ]
}},
{ "type": "Feature",
    "properties": { "id": 66, "mag": 10, "place": "First Homo Sapiens 200000 ago ", "time": -16206, "title": "*86.001", "timefinal": -68950,
        "name": "200000 years ago, First Homo Sapiens ",
        "times": [
-16920, -6893
]},
    "geometry": {
        "type": "Point",
        "coordinates": [115.982225365550419, 47.213869240048069]
}},
{ "type": "Feature", "properties": { "id": 3.3, "mag": "#0000FF", "place": "(AFR-EAS to EAS)", "time": null, "title": "15000 years ago, South America", "timefinal": null, "name": "15000 years ago, South America",
"times": [
     -17505, -17252, -16999, -16746, -16493, -16240, -15987, -15734, -15481, -15228,
  -14975, -14722, -14469, -14216, -13963, -13710, -13457, -13204, -12951, -12698,
  -12445, -12192, -11939, -11686, -11433, -11180, -10927, -10674, -10421, -10168,
   -9915,  -9662,  -9409,  -9156,  -8903,  -8650,  -8397,  -8144,  -7891,  -7638,
   -7385,  -7132
]},
 "geometry":
 { "type": "LineString", "coordinates":  [ [ 38.854273250118922, 1.7335961478081 ], [ 37.61137502458682, 3.331608152063659 ], [ 37.433818135225096, 3.686721930787115 ], [ 37.256261245863371, 4.041835709510579 ], [ 34.237794126713979, 11.32166817334145 ], [ 34.060237237352254, 11.676781952064907 ], [ 34.060237237352254, 12.031895730788371 ], [ 33.882680347990515, 12.742123288235284 ], [ 33.70512345862879, 13.274793956320465 ], [ 33.527566569267066, 13.629907735043929 ], [ 33.350009679905341, 14.16257840312911 ], [ 31.929554565011504, 22.507752203130359 ], [ 32.284668343734964, 24.283321096747649 ], [ 32.462225233096689, 24.638434875471106 ], [ 32.639782122458428, 24.993548654194562 ], [ 33.172452790543602, 26.414003769088392 ], [ 33.350009679905341, 26.769117547811849 ], [ 33.70512345862879, 27.124231326535305 ], [ 33.882680347990515, 27.656901994620494 ], [ 41.162512811821401, 33.516279343557542 ], [ 41.695183479906589, 33.693836232919267 ], [ 42.227854147991764, 33.871393122280999 ], [ 42.582967926715227, 34.048950011642724 ], [ 42.938081705438691, 34.226506901004456 ], [ 43.470752373523865, 34.40406379036618 ], [ 44.003423041609054, 34.581620679727912 ], [ 44.358536820332517, 34.759177569089644 ], [ 44.713650599055967, 34.759177569089644 ], [ 45.068764377779431, 34.936734458451369 ], [ 67.973603105442422, 37.600087798877297 ], [ 68.328716884165885, 37.600087798877297 ], [ 69.038944441612799, 37.422530909515572 ], [ 69.394058220336262, 37.422530909515572 ], [ 69.926728888421451, 37.422530909515572 ], [ 70.2818426671449, 37.422530909515572 ], [ 70.814513335230089, 37.422530909515572 ], [ 71.169627113953538, 37.422530909515572 ], [ 79.337244024593062, 37.600087798877297 ], [ 80.047471582039975, 37.777644688239029 ], [ 100.999184526723965, 35.291848237174825 ], [ 106.325891207575822, 34.40406379036618 ], [ 108.456573879916576, 33.693836232919267 ] ]
 }},

{ "type": "Feature",
    "properties": { "id": 66, "mag": 10, "place": "First Homo Sapiens 200000 ago(AFR-EAS to EAS) ", "time": -16206, "title": "*10.005", "timefinal": -68950,
        "name": "200000 years ago, First Homo Sapiens ",
        "times": [
-17505, -17252, -16999, -16746, -16493, -16240, -15987, -15734, -15481, -15228,
  -14975, -14722, -14469, -14216, -13963, -13710, -13457, -13204, -12951, -12698,
  -12445, -12192, -11939, -11686, -11433, -11180, -10927, -10674, -10421, -10168,
   -9915,  -9662,  -9409,  -9156,  -8903,  -8650,  -8397
]},
    "geometry": {
        "type": "Point",
        "coordinates": [38.951973250118922, 1.951996147808156]
}},
{ "type": "Feature",
    "properties": { "id": 66, "mag": 10, "place": "First Homo Sapiens 200000 ago(AFR-EAS to EAS) ", "time": -16206, "title": "*10.005", "timefinal": -68950,
        "name": "200000 years ago, First Homo Sapiens ",
        "times": [
-8144,  -7891,  -7638,  -7385,  -7132
]},
    "geometry": {
        "type": "Point",
        "coordinates": [ 108.951973879916576, 33.951936232919267 ]
}},

{ "type": "Feature",
    "properties": { "id": 66, "mag": 10, "place": "First Homo Sapiens 200000 ago ", "time": -16206, "title": "*2.010", "timefinal": -68950,
        "name": "200000 years ago, First Homo Sapiens ",
        "times": [
-18092, -7371
]},
    "geometry": {
        "type": "Point",
        "coordinates": [41.279463404502063, 7.279463220835992]
}},
{ "type": "Feature",
    "properties": { "id": 66, "mag": 10, "place": "First Homo Sapiens 200000 ago ", "time": -16206, "title": "*56.003", "timefinal": -68950,
        "name": "200000 years ago, First Homo Sapiens ",
        "times": [
-18092, -7371
]},
    "geometry": {
        "type": "Point",
        "coordinates": [41.521486504502063, 7.521486520835992]
}},
{ "type": "Feature", "properties": { "id": 3.3, "mag": "#0000FF", "place": "(AFR-EAS to EUR)", "time": null, "title": "15000 years ago, South America", "timefinal": null, "name": "15000 years ago, South America",
  "times": [
  -18391, -18336, -18281, -18226, -18171, -18116, -18061, -18006, -17951, -17896,
  -17841, -17786, -17731, -17676, -17621, -17566, -17511, -17456, -17401, -17346,
  -17291, -17236, -17181, -17126, -17071, -17015, -16960, -16905, -16850, -16795,
  -16740, -16685, -16630, -16575, -16520, -16465, -16410, -16355, -16300, -16245,
  -16190, -16135, -16080, -16025, -15970, -15915, -15860, -15805, -15750, -15695,
  -15639, -15584, -15529, -15474, -15419, -15364, -15309, -15254, -15199, -15144,
  -15089, -15034, -14979, -14924, -14869, -14814, -14759, -14704, -14649, -14594,
  -14539, -14484, -14429, -14374, -14318, -14263, -14208, -14153, -14098, -14043,
  -13988, -13933, -13878, -13823, -13768, -13713, -13658, -13603, -13548, -13493,
  -13438, -13383, -13328, -13273, -13218, -13163, -13108, -13053, -12998, -12942,
  -12887, -12832, -12777, -12722, -12667, -12612, -12557, -12502, -12447, -12392,
  -12337, -12282, -12227, -12172, -12117, -12062, -12007, -11952, -11897, -11842,
  -11787, -11732, -11677, -11622, -11566, -11511, -11456, -11401, -11346, -11291,
  -11236, -11181, -11126, -11071, -11016, -10961, -10906, -10851, -10796, -10741,
  -10686, -10631, -10576, -10521, -10466, -10411, -10356, -10301, -10246, -10190,
  -10135, -10080, -10025,  -9970,  -9915,  -9860,  -9805,  -9750,  -9695,  -9640,
   -9585,  -9530,  -9475,  -9420,  -9365,  -9310,  -9255,  -9200,  -9145,  -9090,
   -9035,  -8980,  -8925,  -8869,  -8814,  -8759,  -8704,  -8649,  -8594,  -8539,
   -8484,  -8429,  -8374,  -8319,  -8264,  -8209,  -8154,  -8099,  -8044,  -7989,
   -7934,  -7879,  -7824,  -7769,  -7714,  -7659,  -7604,  -7549,  -7493
]},
 "geometry":
 { "type": "LineString", "coordinates": [ [ 39.025585150166158, 10.940748900920234 ], [ 38.482587258028062, 11.46889733883221 ], [ 37.957422737560073, 12.014781676193991 ], [ 37.450670574018815, 12.577800084491207 ], [ 36.962889453339855, 13.157331845177762 ], [ 36.494617146195665, 13.752738034007823 ], [ 36.267958985628624, 14.056189569978946 ], [ 35.829911013433076, 14.674171331352737 ], [ 35.412620944890165, 15.306355230254574 ], [ 35.016548835445377, 15.952044294321203 ], [ 34.826606899680414, 16.279731366804576 ], [ 34.600373212923117, 16.63974342907014 ], [ 34.386776165772943, 17.00739362619953 ], [ 34.090633527035472, 17.572218163236457 ], [ 33.909720936223238, 17.957005117908988 ], [ 33.663671177872601, 18.545381474107092 ], [ 33.516805906295687, 18.944406483354879 ], [ 33.383884012046074, 19.34829029836812 ], [ 33.265065793475323, 19.756545851834613 ], [ 33.160494540480698, 20.168680804304906 ], [ 33.030621848242681, 20.793068747756902 ], [ 32.933436863498088, 21.423372086521312 ], [ 32.869203255603765, 22.05788076552755 ], [ 32.838095294629561, 22.694873320336001 ], [ 32.835805176160086, 23.120061656674089 ], [ 32.848279693961487, 23.54507312993826 ], [ 32.894637390774335, 24.181137736769649 ], [ 32.974051729999275, 24.81392568137893 ], [ 33.028004478747619, 25.223432293101428 ], [ 33.142494141886189, 26.017553020221339 ], [ 33.310647420715711, 26.802065663220748 ], [ 33.53168795896427, 27.57334816182799 ], [ 33.661731450355198, 27.952912463711897 ], [ 33.804595222215795, 28.327839538764536 ], [ 33.960114328001957, 28.697696506595658 ], [ 34.128109209672466, 29.062056340620039 ], [ 34.308385905001657, 29.420498361090502 ], [ 34.500736271522847, 29.772608720803085 ], [ 34.704938226843858, 30.117980882913521 ], [ 34.811410400633939, 30.288015211722978 ], [ 35.032943475985959, 30.622534965164885 ], [ 35.386229197690682, 31.109722264076574 ], [ 35.525798644832143, 31.311892203370952 ], [ 35.695268180566153, 31.592167867048008 ], [ 35.845005448963818, 31.883463458577168 ], [ 35.974297456109142, 32.184391935261999 ], [ 36.082528560916472, 32.493520386142372 ], [ 36.169183406587351, 32.809376854990603 ], [ 36.257836172272292, 33.292479608053881 ], [ 36.283300978086061, 33.536823338471777 ], [ 36.297527995571755, 33.864041863566214 ], [ 36.283532815027257, 34.273166432895508 ], [ 36.220301523228883, 34.760248958365686 ], [ 36.169873337811048, 35.000684631769474 ], [ 36.0834174035339, 35.316595604386414 ], [ 36.004386857217924, 35.549203617315172 ], [ 35.88049712537719, 35.852396139544773 ], [ 35.65993187332208, 36.405066672654883 ], [ 35.529321658030696, 36.787913374981898 ], [ 35.3792004266272, 37.163538509528344 ], [ 35.268474156088544, 37.409451755158365 ], [ 35.086742015352165, 37.770843585232747 ], [ 34.886669556811725, 38.122413830211919 ], [ 34.668786006093768, 38.463232527098796 ], [ 34.513917972619851, 38.684025469856515 ], [ 34.181936572933395, 39.109040007641582 ], [ 34.005213542164398, 39.312761881183704 ], [ 33.821609894693829, 39.510305122017691 ], [ 33.533777647055615, 39.794529017988218 ], [ 33.127998985948992, 40.149765115896287 ], [ 32.916214774195744, 40.316741398690425 ], [ 32.698830363311039, 40.476358594718924 ], [ 32.250097993901726, 40.702663887279421 ], [ 31.733819012458632, 40.904307033752616 ], [ 31.384077608618487, 41.023610635343424 ], [ 31.030387679386198, 41.130642559890603 ], [ 30.673179667065305, 41.225272549039758 ], [ 30.131723241791754, 41.343716142068345 ], [ 29.767630001203038, 41.406870801993172 ], [ 29.033945131253883, 41.494904445266158 ], [ 28.665246399822923, 41.519676291257369 ], [ 28.295907973338768, 41.531572745973968 ], [ 27.742569947579792, 41.629608649654429 ], [ 27.37567558458268, 41.732689239745156 ], [ 27.010559164017121, 41.841900416306451 ], [ 26.647323116545934, 41.957211540965005 ], [ 26.286069345307425, 42.078590264052949 ], [ 25.926899197327216, 42.20600253368341 ], [ 25.569913435086129, 42.339412605303423 ], [ 25.215212208251994, 42.478783051721848 ], [ 24.862895025583452, 42.624074773609259 ], [ 24.513060727013489, 42.775247010466991 ], [ 24.165807455920657, 42.93225735206218 ], [ 23.821232631595674, 43.095061750325613 ], [ 23.479432921911197, 43.263614531709131 ], [ 23.140504216202356, 43.437868409998941 ], [ 22.804541598365731, 43.617774499581472 ], [ 22.471639320184288, 43.803282329157796 ], [ 22.141890774885738, 43.994339855903021 ], [ 21.815388470941777, 44.190893480066492 ], [ 21.407289774069312, 44.412769663424442 ], [ 21.002903674261155, 44.641342342046343 ], [ 20.602340044611474, 44.876549411949256 ], [ 20.205707719636184, 45.118326966563302 ], [ 19.81311446570222, 45.366609314095271 ], [ 19.424666951747007, 45.621328995377382 ], [ 19.040470720296156, 45.882416802196104 ], [ 18.660630158787214, 46.14980179609632 ], [ 18.285248471207204, 46.423411327655501 ], [ 17.914427650051788, 46.703171056222828 ], [ 17.548268448613513, 46.989004970117819 ], [ 17.350408188284831, 47.210744925808378 ], [ 17.24864299736231, 47.319026070991839 ], [ 17.039593452666274, 47.530250071591603 ], [ 16.600297194870645, 47.930478948221911 ], [ 16.370571796317527, 48.119008871116385 ], [ 16.014150998499915, 48.386690683988768 ], [ 15.769059881464131, 48.554761011284036 ], [ 15.390934379078299, 48.790791607828325 ], [ 15.132294415892389, 48.937156426040133 ], [ 15.001122078144652, 49.006976038582266 ], [ 14.735267271618948, 49.139786100001444 ], [ 14.464995772868805, 49.263360399636667 ], [ 13.91249048826473, 49.48222626332165 ], [ 13.416681951584597, 49.749954041941905 ], [ 12.902807676761682, 50.034683682066607 ], [ 12.655253043302702, 50.179196415899547 ], [ 12.153256215274405, 50.456047188573521 ], [ 11.642519709396684, 50.716422662158244 ], [ 11.123584053892909, 50.960047273245713 ], [ 10.59699845439982, 51.186663186383242 ], [ 10.063320212726232, 51.396030566948646 ] ]
 }},


{ "type": "Feature",
    "properties": { "id": 66, "mag": 10, "place": "First Homo Sapiens 200000 ago(AFR-EAS to EUR) ", "time": -16206, "title": "*1.054", "timefinal": -68950,
        "name": "200000 years ago, First Homo Sapiens ",
        "times": [
      -18391, -18336, -18281, -18226, -18171, -18116, -18061, -18006, -17951, -17896,
      -17841, -17786, -17731, -17676, -17621, -17566, -17511, -17456, -17401, -17346,
      -17291, -17236, -17181, -17126, -17071, -17015, -16960, -16905, -16850, -16795,
      -16740, -16685, -16630, -16575, -16520, -16465, -16410, -16355, -16300, -16245,
      -16190, -16135, -16080, -16025, -15970, -15915, -15860, -15805, -15750, -15695,
      -15639, -15584, -15529, -15474, -15419, -15364, -15309, -15254, -15199, -15144,
      -15089, -15034, -14979, -14924, -14869, -14814, -14759, -14704, -14649, -14594,
      -14539, -14484, -14429, -14374, -14318, -14263, -14208, -14153, -14098, -14043,
      -13988, -13933, -13878, -13823, -13768, -13713, -13658, -13603, -13548, -13493,
      -13438, -13383, -13328, -13273, -13218, -13163, -13108, -13053, -12998, -12942,
      -12887, -12832, -12777, -12722, -12667, -12612, -12557, -12502, -12447, -12392,
      -12337, -12282, -12227, -12172, -12117, -12062, -12007, -11952, -11897, -11842,
      -11787, -11732, -11677, -11622, -11566, -11511, -11456, -11401, -11346, -11291,
      -11236, -11181, -11126, -11071, -11016, -10961, -10906, -10851, -10796, -10741,
      -10686, -10631, -10576, -10521, -10466, -10411, -10356, -10301, -10246, -10190,
      -10135, -10080, -10025, -9970, -9915, -9860, -9805, -9750, -9695, -9640, -9585,
      -9530, -9475, -9420, -9365, -9310, -9255, -9200, -9145, -9090
]},
    "geometry": {
        "type": "Point",
        "coordinates": [37.444425150166158, 10.444428900920234]
}},
{ "type": "Feature",
    "properties": { "id": 66, "mag": 10, "place": "First Homo Sapiens 200000 ago(AFR-EAS to EUR) ", "time": -16206, "title": "*1.054", "timefinal": -68950,
        "name": "200000 years ago, First Homo Sapiens ",
        "times": [
   -9035,  -8980,  -8925,  -8869,  -8814,  -8759,  -8704,  -8649,  -8594,  -8539,
   -8484,  -8429,  -8374,  -8319,  -8264,  -8209,  -8154,  -8099,  -8044,  -7989,
   -7934,  -7879,  -7824,  -7769,  -7714,  -7659,  -7604,  -7549,  -7493
]},
    "geometry": {
        "type": "Point",
        "coordinates": [ 10.044420212726232, 51.475215256694864 ]
}},
{ "type": "Feature",
    "properties": { "id": 66, "mag": 10, "place": "First Homo Sapiens 200000 ago ", "time": -16206, "title": "*1.032", "timefinal": -68950,
        "name": "200000 years ago, First Homo Sapiens ",
        "times": [
-18983, -7734
]},
    "geometry": {
        "type": "Point",
        "coordinates": [23.963248268988155, 53.963458917725387]
}},
{ "type": "Feature", "properties": { "id": 3.3, "mag": "#0000FF", "place": "(EUR to EAS)", "time": null, "title": "15000 years ago, South America", "timefinal": null, "name": "15000 years ago, South America",
"times": [
  -20925, -20718, -20511, -20305, -20098, -19891, -19685, -19478, -19271, -19065,
  -18858, -18651, -18445, -18238, -18031, -17825, -17618, -17411, -17205, -16998,
  -16791, -16585, -16378, -16171, -15965, -15758, -15551, -15345, -15138, -14931,
  -14725, -14518, -14311, -14105, -13898, -13691, -13485, -13278, -13071, -12865,
  -12658, -12451, -12245, -12038, -11831, -11625, -11418, -11211, -11005, -10798,
  -10591, -10385, -10178,  -9971,  -9765,  -9558,  -9351,  -9145,  -8938,  -8731,
   -8525
]},
 "geometry":
 { "type": "LineString", "coordinates":  [ [ 2.009227690736033, 46.029686462103975 ], [ 2.330685253960253, 46.029686462103975 ], [ 3.937973070081352, 46.190415243716089 ], [ 4.259430633305572, 46.190415243716089 ], [ 4.580888196529791, 46.351144025328196 ], [ 4.902345759754011, 46.351144025328196 ], [ 5.223803322978231, 46.511872806940303 ], [ 14.063886311644275, 48.440618186285619 ], [ 14.385343874868497, 48.440618186285619 ], [ 17.117733162274362, 48.762075749509847 ], [ 17.439190725498584, 48.762075749509847 ], [ 19.046478541619685, 48.922804531121955 ], [ 19.367936104843903, 48.922804531121955 ], [ 27.725832748673618, 49.726448439182505 ], [ 28.047290311897839, 49.726448439182505 ], [ 28.368747875122054, 49.887177220794612 ], [ 30.940408380915812, 50.047906002406719 ], [ 31.261865944140034, 50.047906002406719 ], [ 31.744052288976363, 50.047906002406719 ], [ 40.262677714418189, 50.530092347243055 ], [ 40.58413527764241, 50.530092347243055 ], [ 42.352151875375618, 50.530092347243055 ], [ 42.67360943859984, 50.369363565630941 ], [ 42.995067001824061, 50.369363565630941 ], [ 43.316524565048276, 50.208634784018834 ], [ 50.870777300817444, 49.404990875958283 ], [ 51.192234864041666, 49.404990875958283 ], [ 52.960251461774874, 49.244262094346169 ], [ 53.281709024999095, 49.083533312734062 ], [ 54.246081714671753, 48.922804531121955 ], [ 54.567539277895975, 48.762075749509847 ], [ 66.943655462028431, 45.708228898879753 ], [ 67.26511302525266, 45.708228898879753 ], [ 69.354587186210082, 45.386771335655538 ], [ 69.676044749434297, 45.386771335655538 ], [ 69.997502312658526, 45.226042554043424 ], [ 79.15904286454878, 42.81511082986178 ], [ 79.641229209385116, 42.81511082986178 ], [ 79.962686772609331, 42.654382048249666 ], [ 80.28414433583356, 42.654382048249666 ], [ 80.605601899057774, 42.493653266637558 ], [ 87.516939508378499, 41.047094232128572 ], [ 87.999125853214835, 40.886365450516458 ], [ 88.32058341643905, 40.886365450516458 ], [ 88.642040979663278, 40.72563666890435 ], [ 88.963498542887493, 40.72563666890435 ], [ 89.284956106111707, 40.564907887292236 ], [ 96.357022497044554, 38.957620071171135 ], [ 96.678480060268768, 38.957620071171135 ], [ 101.661072290244178, 37.189603473437927 ], [ 102.303987416692621, 37.02887469182582 ], [ 102.625444979916836, 36.868145910213713 ], [ 102.94690254314105, 36.707417128601598 ], [ 103.268360106365279, 36.707417128601598 ], [ 105.518563048934809, 36.225230783765269 ], [ 105.840020612159037, 36.225230783765269 ], [ 106.161478175383252, 36.225230783765269 ], [ 106.482935738607466, 36.064502002153162 ], [ 106.804393301831695, 36.064502002153162 ], [ 107.125850865055909, 36.064502002153162 ], [ 107.447308428280138, 36.064502002153162 ] ]

 }},

{ "type": "Feature",
    "properties": { "id": 66, "mag": 10, "place": "First Homo Sapiens 200000 ago(EUR to EAS) ", "time": -16206, "title": "*4.013", "timefinal": -68950,
        "name": "200000 years ago, First Homo Sapiens ",
        "times": [
-20925, -20718, -20511, -20305, -20098, -19891, -19685, -19478, -19271, -19065,
  -18858, -18651, -18445, -18238, -18031, -17825, -17618, -17411, -17205, -16998,
  -16791, -16585, -16378, -16171, -15965, -15758, -15551, -15345, -15138, -14931,
  -14725, -14518, -14311, -14105, -13898, -13691, -13485, -13278, -13071, -12865,
  -12658, -12451, -12245, -12038, -11831, -11625, -11418, -11211, -11005, -10798
]},
    "geometry": {
        "type": "Point",
        "coordinates": [2.119227690736033, 46.119686462103975]
}},
{ "type": "Feature",
    "properties": { "id": 66, "mag": 10, "place": "First Homo Sapiens 200000 ago(EUR to EAS) ", "time": -16206, "title": "*4.013", "timefinal": -68950,
        "name": "200000 years ago, First Homo Sapiens ",
        "times": [
-10591, -10385, -10178,  -9971,  -9765,  -9558,  -9351,  -9145,  -8938,  -8731, -8525
]},
    "geometry": {
        "type": "Point",
        "coordinates": [ 107.117308428280138, 36.114502002153162 ]
}},
{ "type": "Feature",
    "properties": { "id": 66, "mag": 10, "place": "First Homo Sapiens 200000 ago ", "time": -16206, "title": "*40.002", "timefinal": -68950,
        "name": "200000 years ago, First Homo Sapiens ",
        "times": [
-19926, -8118
]},
    "geometry": {
        "type": "Point",
        "coordinates": [41.845962150450206, 7.845962120835992]
}},
{ "type": "Feature", "properties": { "id": 3.3, "mag": "#0000FF", "place": "(AFR-EAS to EAS)", "time": null, "title": "15000 years ago, South America", "timefinal": null, "name": "15000 years ago, South America",
"times": [
       -21150, -20844, -20538, -20233, -19927, -19621, -19316, -19010, -18704, -18399,
  -18093, -17787, -17482, -17176, -16870, -16565, -16259, -15953, -15648, -15342,
  -15036, -14731, -14425, -14119, -13814, -13508, -13202, -12897, -12591, -12285,
  -11980, -11674, -11368, -11063, -10757, -10451, -10146,  -9840,  -9534,  -9229,
   -8923,  -8617
]},
 "geometry":
 { "type": "LineString", "coordinates":  [ [ 38.854273250118922, 1.7335961478081 ], [ 37.61137502458682, 3.331608152063659 ], [ 37.433818135225096, 3.686721930787115 ], [ 37.256261245863371, 4.041835709510579 ], [ 34.237794126713979, 11.32166817334145 ], [ 34.060237237352254, 11.676781952064907 ], [ 34.060237237352254, 12.031895730788371 ], [ 33.882680347990515, 12.742123288235284 ], [ 33.70512345862879, 13.274793956320465 ], [ 33.527566569267066, 13.629907735043929 ], [ 33.350009679905341, 14.16257840312911 ], [ 31.929554565011504, 22.507752203130359 ], [ 32.284668343734964, 24.283321096747649 ], [ 32.462225233096689, 24.638434875471106 ], [ 32.639782122458428, 24.993548654194562 ], [ 33.172452790543602, 26.414003769088392 ], [ 33.350009679905341, 26.769117547811849 ], [ 33.70512345862879, 27.124231326535305 ], [ 33.882680347990515, 27.656901994620494 ], [ 41.162512811821401, 33.516279343557542 ], [ 41.695183479906589, 33.693836232919267 ], [ 42.227854147991764, 33.871393122280999 ], [ 42.582967926715227, 34.048950011642724 ], [ 42.938081705438691, 34.226506901004456 ], [ 43.470752373523865, 34.40406379036618 ], [ 44.003423041609054, 34.581620679727912 ], [ 44.358536820332517, 34.759177569089644 ], [ 44.713650599055967, 34.759177569089644 ], [ 45.068764377779431, 34.936734458451369 ], [ 67.973603105442422, 37.600087798877297 ], [ 68.328716884165885, 37.600087798877297 ], [ 69.038944441612799, 37.422530909515572 ], [ 69.394058220336262, 37.422530909515572 ], [ 69.926728888421451, 37.422530909515572 ], [ 70.2818426671449, 37.422530909515572 ], [ 70.814513335230089, 37.422530909515572 ], [ 71.169627113953538, 37.422530909515572 ], [ 79.337244024593062, 37.600087798877297 ], [ 80.047471582039975, 37.777644688239029 ], [ 100.999184526723965, 35.291848237174825 ], [ 106.325891207575822, 34.40406379036618 ], [ 108.456573879916576, 33.693836232919267 ] ]
 }},

{ "type": "Feature",
    "properties": { "id": 66, "mag": 10, "place": "First Homo Sapiens 200000 ago(AFR-EAS to EAS) ", "time": -16206, "title": "*176.001", "timefinal": -68950,
        "name": "200000 years ago, First Homo Sapiens ",
        "times": [
-21150, -20844, -20538, -20233, -19927, -19621, -19316, -19010, -18704, -18399,
  -18093, -17787, -17482, -17176, -16870, -16565, -16259, -15953, -15648, -15342,
  -15036, -14731, -14425, -14119, -13814, -13508, -13202, -12897, -12591, -12285,
  -11980, -11674, -11368, -11063, -10757, -10451
]},
    "geometry": {
        "type": "Point",
        "coordinates": [38.817973250118922, 1.817996147808156]
}},
{ "type": "Feature",
    "properties": { "id": 66, "mag": 10, "place": "First Homo Sapiens 200000 ago(AFR-EAS to EAS) ", "time": -16206, "title": "*176.001", "timefinal": -68950,
        "name": "200000 years ago, First Homo Sapiens ",
        "times": [
-10146,  -9840,  -9534,  -9229,  -8923,  -8617
]},
    "geometry": {
        "type": "Point",
        "coordinates": [ 108.817973879916576, 33.817936232919267 ]
}},
{ "type": "Feature", "properties": { "id": 3.3, "mag": "#0000FF", "place": "(AFR-EAS to SA)", "time": null, "title": "15000 years ago, South America", "timefinal": null, "name": "15000 years ago, South America",
"times": [
      -21150, -20802, -20454, -20106, -19758, -19410, -19061, -18713, -18365, -18017,
  -17669, -17321, -16972, -16624, -16276, -15928, -15580, -15232, -14883, -14535,
  -14187, -13839, -13491, -13143, -12794, -12446, -12098, -11750, -11402, -11054,
  -10705, -10357, -10009,  -9661,  -9313,  -8965,  -8617
]},
 "geometry":
 { "type": "LineString", "coordinates":[ [ 33.628342241101493, -3.682684826898907 ], [ 33.001616517680773, -1.888990126760813 ], [ 32.711664189919979, -0.984265365183106 ], [ 31.499350047426404, 3.607218012077364 ], [ 31.304886667046233, 4.53715523591393 ], [ 31.126570678084505, 5.470323310092608 ], [ 30.964455653742782, 6.406441873880565 ], [ 30.346713100740253, 18.715671019568507 ], [ 31.488043892683152, 25.514795857792183 ], [ 31.622787347469977, 25.793955329161321 ], [ 31.762328233745752, 26.070747941274355 ], [ 33.226761961009913, 28.442022455209706 ], [ 33.411762082204383, 28.690740697847875 ], [ 33.601026822026888, 28.936229327570118 ], [ 33.794499811493829, 29.178415230152638 ], [ 33.992123428272691, 29.41722627502751 ], [ 34.19383881384379, 29.652591336765418 ], [ 34.399585891030185, 29.884440316259052 ], [ 34.609303381890555, 30.112704161600831 ], [ 35.947408825595325, 31.403269571888135 ], [ 36.183106485788436, 31.60459622696013 ], [ 36.422243371208801, 31.801825431426494 ], [ 36.664748259381554, 31.994898444235915 ], [ 36.91054892473484, 32.183757762181486 ], [ 37.159572160110848, 32.368347137026973 ], [ 37.411743798569219, 32.548611592259299 ], [ 37.666988735476266, 32.724497439462269 ], [ 38.986621437119638, 33.536460609212909 ], [ 39.258679308798783, 33.685021450353503 ], [ 46.658337432779412, 35.776513964732189 ], [ 55.323922578055765, 35.347684865686645 ], [ 67.494994292681071, 30.885803857524568 ], [ 68.000218020805676, 30.57569697582964 ], [ 68.499996795800314, 30.256889087596708 ], [ 68.994180783810805, 29.929475771543849 ], [ 69.839222383850085, 29.046392014770497 ], [ 77.090606171137111, 22.496755045608019 ] ]

}},

{ "type": "Feature",
    "properties": { "id": 66, "mag": 10, "place": "First Homo Sapiens 200000 ago(AFR-EAS to SA)", "time": -16206, "title": "*1.065", "timefinal": -68950,
        "name": "200000 years ago, First Homo Sapiens ",
        "times": [
   -21150, -20802, -20454, -20106, -19758, -19410, -19061, -18713, -18365, -18017,
  -17669, -17321, -16972, -16624, -16276, -15928, -15580, -15232, -14883, -14535,
  -14187, -13839, -13491, -13143, -12794, -12446, -12098, -11750, -11402
]},
    "geometry": {
        "type": "Point",
        "coordinates": [33.598342241101493, -3.192684826898907]
}},
{ "type": "Feature",
    "properties": { "id": 66, "mag": 10, "place": "First Homo Sapiens 200000 ago(AFR-EAS to SA)", "time": -16206, "title": "*1.065", "timefinal": -68950,
        "name": "200000 years ago, First Homo Sapiens ",
        "times": [
  -11054, -10705, -10357, -10009,  -9661,  -9313,  -8965,  -8617
]},
    "geometry": {
        "type": "Point",
        "coordinates": [ 77.640606171137111, 22.106755045608019 ]
}},
{ "type": "Feature",
    "properties": { "id": 66, "mag": 10, "place": "First Homo Sapiens 200000 ago ", "time": -16206, "title": "*130.001", "timefinal": -68950,
        "name": "200000 years ago, First Homo Sapiens ",
        "times": [
-22334, -9099
]},
    "geometry": {
        "type": "Point",
        "coordinates": [302.48591368938437, -24.98562537115795]
}},
{ "type": "Feature",
    "properties": { "id": 66, "mag": 10, "place": "First Homo Sapiens 200000 ago ", "time": -16206, "title": "*36.004", "timefinal": -68950,
        "name": "200000 years ago, First Homo Sapiens ",
        "times": [
-22653, -9229
]},
    "geometry": {
        "type": "Point",
        "coordinates": [117.982225365550419, 45.953869240048069]
}},
{ "type": "Feature",
    "properties": { "id": 66, "mag": 10, "place": "First Homo Sapiens 200000 ago ", "time": -16206, "title": "*6.002", "timefinal": -68950,
        "name": "200000 years ago, First Homo Sapiens ",
        "times": [
-22676, -9238
]},
    "geometry": {
        "type": "Point",
        "coordinates": [20.852147268988165, 52.852147917725352]
}},
{ "type": "Feature", "properties": { "id": 3.3, "mag": "#0000FF", "place": "(EUR to SA)", "time": null, "title": "15000 years ago, South America", "timefinal": null, "name": "15000 years ago, South America",
"times": [
  -23652, -23451, -23251, -23051, -22850, -22650, -22450, -22249, -22049, -21849,
  -21648, -21448, -21248, -21047, -20847, -20647, -20446, -20246, -20046, -19845,
  -19645, -19445, -19244, -19044, -18844, -18643, -18443, -18243, -18042, -17842,
  -17642, -17441, -17241, -17041, -16840, -16640, -16440, -16239, -16039, -15839,
  -15638, -15438, -15238, -15037, -14837, -14637, -14436, -14236, -14036, -13835,
  -13635, -13435, -13234, -13034, -12834, -12633, -12433, -12233, -12032, -11832,
  -11632, -11431, -11231, -11031, -10830, -10630, -10430, -10229, -10029,  -9829,
   -9628,  -9636
]},
 "geometry":
 { "type": "LineString", "coordinates":  [ [ 3.395015144991383, 44.9465968060343 ], [ 3.675947494071334, 45.087062980574274 ], [ 3.956879843151281, 45.087062980574274 ], [ 4.237812192231232, 45.087062980574274 ], [ 10.418323871990101, 45.648927678734168 ], [ 10.699256221070048, 45.648927678734168 ], [ 10.980188570149998, 45.789393853274149 ], [ 11.261120919229946, 45.789393853274149 ], [ 11.542053268309893, 45.789393853274149 ], [ 11.822985617389847, 45.789393853274149 ], [ 12.103917966469794, 45.929860027814115 ], [ 12.525316490089715, 46.070326202354096 ], [ 12.806248839169662, 46.210792376894062 ], [ 13.087181188249616, 46.210792376894062 ], [ 13.368113537329563, 46.351258551434043 ], [ 13.789512060949484, 46.491724725974017 ], [ 15.896504679049102, 47.053589424133918 ], [ 16.177437028129049, 47.053589424133918 ], [ 16.458369377208996, 47.334521773213865 ], [ 16.739301726288943, 47.334521773213865 ], [ 21.234219311568125, 47.615454122293812 ], [ 21.515151660648073, 47.615454122293812 ], [ 21.79608400972802, 47.615454122293812 ], [ 22.077016358807967, 47.755920296833786 ], [ 27.274264816787017, 47.896386471373759 ], [ 27.555197165866964, 47.896386471373759 ], [ 27.836129514946919, 47.896386471373759 ], [ 29.802655958506556, 47.896386471373759 ], [ 30.083588307586503, 47.896386471373759 ], [ 34.297573543785731, 47.896386471373759 ], [ 34.578505892865685, 48.036852645913733 ], [ 37.949694081825065, 48.036852645913733 ], [ 38.230626430905012, 47.896386471373759 ], [ 38.511558779984966, 47.896386471373759 ], [ 38.932957303604887, 47.896386471373759 ], [ 45.113468983363759, 47.474987947753831 ], [ 45.394401332443707, 47.474987947753831 ], [ 45.675333681523654, 47.615454122293812 ], [ 45.956266030603601, 47.615454122293812 ], [ 46.237198379683548, 47.615454122293812 ], [ 46.518130728763495, 47.615454122293812 ], [ 50.310717441342803, 47.615454122293812 ], [ 50.59164979042275, 47.755920296833786 ], [ 50.872582139502697, 47.755920296833786 ], [ 52.979574757602322, 47.755920296833786 ], [ 53.260507106682269, 47.755920296833786 ], [ 53.541439455762216, 47.615454122293812 ], [ 57.038195319699312, 45.726911970015841 ], [ 59.862417310061062, 43.822867409714505 ], [ 60.143349659141009, 43.541935060634557 ], [ 60.564748182760937, 43.26100271155461 ], [ 63.374071673560422, 41.013543918915019 ], [ 63.655004022640369, 40.873077744375045 ], [ 63.935936371720317, 40.592145395295098 ], [ 64.216868720800264, 40.592145395295098 ], [ 66.183395164359908, 38.485152777195481 ], [ 66.464327513439855, 38.204220428115534 ], [ 67.026192211599749, 37.782821904495606 ], [ 67.307124560679696, 37.501889555415659 ], [ 67.588056909759644, 37.220957206335711 ], [ 67.868989258839591, 37.080491031795738 ], [ 68.290387782459518, 36.799558682715791 ], [ 68.711786306079446, 36.518626333635837 ], [ 68.992718655159393, 36.237693984555889 ], [ 69.13318482969936, 35.956761635475942 ], [ 73.066237716818648, 31.883242573816688 ], [ 73.347170065898595, 31.742776399276714 ], [ 73.628102414978542, 31.60231022473674 ], [ 77.076611903130924, 27.59726695521563 ], [ 79.199106929253873, 24.767273587051697 ], [ 79.582335197859408, 23.853421561915425 ] ]

 }},

{ "type": "Feature",
    "properties": { "id": 66, "mag": 10, "place": "First Homo Sapiens 200000 ago(EUR to SA) ", "time": -16206, "title": "*143.001", "timefinal": -68950,
        "name": "200000 years ago, First Homo Sapiens ",
        "times": [
-23652, -23451, -23251, -23051, -22850, -22650, -22450, -22249, -22049, -21849,
  -21648, -21448, -21248, -21047, -20847, -20647, -20446, -20246, -20046, -19845,
  -19645, -19445, -19244, -19044, -18844, -18643, -18443, -18243, -18042, -17842,
  -17642, -17441, -17241, -17041, -16840, -16640, -16440, -16239, -16039, -15839,
  -15638, -15438, -15238, -15037, -14837, -14637, -14436, -14236, -14036, -13835,
  -13635, -13435, -13234, -13034, -12834, -12633, -12433, -12233, -12032, -11832
]},
    "geometry": {
        "type": "Point",
        "coordinates": [3.395015144991383, 44.9465968060343]
}},
{ "type": "Feature",
    "properties": { "id": 66, "mag": 10, "place": "First Homo Sapiens 200000 ago(EUR to SA) ", "time": -16206, "title": "*143.001", "timefinal": -68950,
        "name": "200000 years ago, First Homo Sapiens ",
        "times": [
-11632, -11431, -11231, -11031, -10830, -10630, -10430, -10229, -10029,  -9829, -9628,  -9636
]},
    "geometry": {
        "type": "Point",
        "coordinates": [ 79.582335197859408, 23.853421561915425 ]
}},
{ "type": "Feature",
    "properties": { "id": 66, "mag": 10, "place": "First Homo Sapiens 200000 ago ", "time": -16206, "title": "*4.021", "timefinal": -68950,
        "name": "200000 years ago, First Homo Sapiens ",
        "times": [
-25178, -10258
]},
    "geometry": {
        "type": "Point",
        "coordinates": [19.856974268988155, 53.654258917725387]
}},

{ "type": "Feature", "properties": { "id": 3.3, "mag": "#0000FF", "place": "(AFR-EAS to EUR)", "time": null, "title": "15000 years ago, South America", "timefinal": null, "name": "15000 years ago, South America",
  "times": [
      -25200, -25125, -25049, -24974, -24898, -24823, -24747, -24672, -24597, -24521,
      -24446, -24370, -24295, -24220, -24144, -24069, -23993, -23918, -23842, -23767,
      -23692, -23616, -23541, -23465, -23390, -23315, -23239, -23164, -23088, -23013,
      -22937, -22862, -22787, -22711, -22636, -22560, -22485, -22409, -22334, -22259,
      -22183, -22108, -22032, -21957, -21882, -21806, -21731, -21655, -21580, -21504,
      -21429, -21354, -21278, -21203, -21127, -21052, -20977, -20901, -20826, -20750,
      -20675, -20599, -20524, -20449, -20373, -20298, -20222, -20147, -20071, -19996,
      -19921, -19845, -19770, -19694, -19619, -19544, -19468, -19393, -19317, -19242,
      -19166, -19091, -19016, -18940, -18865, -18789, -18714, -18639, -18563, -18488,
      -18412, -18337, -18261, -18186, -18111, -18035, -17960, -17884, -17809, -17733,
      -17658, -17583, -17507, -17432, -17356, -17281, -17206, -17130, -17055, -16979,
      -16904, -16828, -16753, -16678, -16602, -16527, -16451, -16376, -16301, -16225,
      -16150, -16074, -15999, -15923, -15848, -15773, -15697, -15622, -15546, -15471,
      -15396, -15320, -15245, -15169, -15094, -15018, -14943, -14868, -14792, -14717,
      -14641, -14566, -14490, -14415, -14340, -14264, -14189, -14113, -14038, -13963,
      -13887, -13812, -13736, -13661, -13585, -13510, -13435, -13359, -13284, -13208,
      -13133, -13058, -12982, -12907, -12831, -12756, -12680, -12605, -12530, -12454,
      -12379, -12303, -12228, -12152, -12077, -12002, -11926, -11851, -11775, -11700,
      -11625, -11549, -11474, -11398, -11323, -11247, -11172, -11097, -11021, -10946,
      -10870, -10795, -10720, -10644, -10569, -10493, -10418, -10342, -10267
]},
 "geometry":
 { "type": "LineString", "coordinates": [ [ 39.025585150166158, 10.940748900920234 ], [ 38.482587258028062, 11.46889733883221 ], [ 37.957422737560073, 12.014781676193991 ], [ 37.450670574018815, 12.577800084491207 ], [ 36.962889453339855, 13.157331845177762 ], [ 36.494617146195665, 13.752738034007823 ], [ 36.267958985628624, 14.056189569978946 ], [ 35.829911013433076, 14.674171331352737 ], [ 35.412620944890165, 15.306355230254574 ], [ 35.016548835445377, 15.952044294321203 ], [ 34.826606899680414, 16.279731366804576 ], [ 34.600373212923117, 16.63974342907014 ], [ 34.386776165772943, 17.00739362619953 ], [ 34.090633527035472, 17.572218163236457 ], [ 33.909720936223238, 17.957005117908988 ], [ 33.663671177872601, 18.545381474107092 ], [ 33.516805906295687, 18.944406483354879 ], [ 33.383884012046074, 19.34829029836812 ], [ 33.265065793475323, 19.756545851834613 ], [ 33.160494540480698, 20.168680804304906 ], [ 33.030621848242681, 20.793068747756902 ], [ 32.933436863498088, 21.423372086521312 ], [ 32.869203255603765, 22.05788076552755 ], [ 32.838095294629561, 22.694873320336001 ], [ 32.835805176160086, 23.120061656674089 ], [ 32.848279693961487, 23.54507312993826 ], [ 32.894637390774335, 24.181137736769649 ], [ 32.974051729999275, 24.81392568137893 ], [ 33.028004478747619, 25.223432293101428 ], [ 33.142494141886189, 26.017553020221339 ], [ 33.310647420715711, 26.802065663220748 ], [ 33.53168795896427, 27.57334816182799 ], [ 33.661731450355198, 27.952912463711897 ], [ 33.804595222215795, 28.327839538764536 ], [ 33.960114328001957, 28.697696506595658 ], [ 34.128109209672466, 29.062056340620039 ], [ 34.308385905001657, 29.420498361090502 ], [ 34.500736271522847, 29.772608720803085 ], [ 34.704938226843858, 30.117980882913521 ], [ 34.811410400633939, 30.288015211722978 ], [ 35.032943475985959, 30.622534965164885 ], [ 35.386229197690682, 31.109722264076574 ], [ 35.525798644832143, 31.311892203370952 ], [ 35.695268180566153, 31.592167867048008 ], [ 35.845005448963818, 31.883463458577168 ], [ 35.974297456109142, 32.184391935261999 ], [ 36.082528560916472, 32.493520386142372 ], [ 36.169183406587351, 32.809376854990603 ], [ 36.257836172272292, 33.292479608053881 ], [ 36.283300978086061, 33.536823338471777 ], [ 36.297527995571755, 33.864041863566214 ], [ 36.283532815027257, 34.273166432895508 ], [ 36.220301523228883, 34.760248958365686 ], [ 36.169873337811048, 35.000684631769474 ], [ 36.0834174035339, 35.316595604386414 ], [ 36.004386857217924, 35.549203617315172 ], [ 35.88049712537719, 35.852396139544773 ], [ 35.65993187332208, 36.405066672654883 ], [ 35.529321658030696, 36.787913374981898 ], [ 35.3792004266272, 37.163538509528344 ], [ 35.268474156088544, 37.409451755158365 ], [ 35.086742015352165, 37.770843585232747 ], [ 34.886669556811725, 38.122413830211919 ], [ 34.668786006093768, 38.463232527098796 ], [ 34.513917972619851, 38.684025469856515 ], [ 34.181936572933395, 39.109040007641582 ], [ 34.005213542164398, 39.312761881183704 ], [ 33.821609894693829, 39.510305122017691 ], [ 33.533777647055615, 39.794529017988218 ], [ 33.127998985948992, 40.149765115896287 ], [ 32.916214774195744, 40.316741398690425 ], [ 32.698830363311039, 40.476358594718924 ], [ 32.250097993901726, 40.702663887279421 ], [ 31.733819012458632, 40.904307033752616 ], [ 31.384077608618487, 41.023610635343424 ], [ 31.030387679386198, 41.130642559890603 ], [ 30.673179667065305, 41.225272549039758 ], [ 30.131723241791754, 41.343716142068345 ], [ 29.767630001203038, 41.406870801993172 ], [ 29.033945131253883, 41.494904445266158 ], [ 28.665246399822923, 41.519676291257369 ], [ 28.295907973338768, 41.531572745973968 ], [ 27.742569947579792, 41.629608649654429 ], [ 27.37567558458268, 41.732689239745156 ], [ 27.010559164017121, 41.841900416306451 ], [ 26.647323116545934, 41.957211540965005 ], [ 26.286069345307425, 42.078590264052949 ], [ 25.926899197327216, 42.20600253368341 ], [ 25.569913435086129, 42.339412605303423 ], [ 25.215212208251994, 42.478783051721848 ], [ 24.862895025583452, 42.624074773609259 ], [ 24.513060727013489, 42.775247010466991 ], [ 24.165807455920657, 42.93225735206218 ], [ 23.821232631595674, 43.095061750325613 ], [ 23.479432921911197, 43.263614531709131 ], [ 23.140504216202356, 43.437868409998941 ], [ 22.804541598365731, 43.617774499581472 ], [ 22.471639320184288, 43.803282329157796 ], [ 22.141890774885738, 43.994339855903021 ], [ 21.815388470941777, 44.190893480066492 ], [ 21.407289774069312, 44.412769663424442 ], [ 21.002903674261155, 44.641342342046343 ], [ 20.602340044611474, 44.876549411949256 ], [ 20.205707719636184, 45.118326966563302 ], [ 19.81311446570222, 45.366609314095271 ], [ 19.424666951747007, 45.621328995377382 ], [ 19.040470720296156, 45.882416802196104 ], [ 18.660630158787214, 46.14980179609632 ], [ 18.285248471207204, 46.423411327655501 ], [ 17.914427650051788, 46.703171056222828 ], [ 17.548268448613513, 46.989004970117819 ], [ 17.350408188284831, 47.210744925808378 ], [ 17.24864299736231, 47.319026070991839 ], [ 17.039593452666274, 47.530250071591603 ], [ 16.600297194870645, 47.930478948221911 ], [ 16.370571796317527, 48.119008871116385 ], [ 16.014150998499915, 48.386690683988768 ], [ 15.769059881464131, 48.554761011284036 ], [ 15.390934379078299, 48.790791607828325 ], [ 15.132294415892389, 48.937156426040133 ], [ 15.001122078144652, 49.006976038582266 ], [ 14.735267271618948, 49.139786100001444 ], [ 14.464995772868805, 49.263360399636667 ], [ 13.91249048826473, 49.48222626332165 ], [ 13.416681951584597, 49.749954041941905 ], [ 12.902807676761682, 50.034683682066607 ], [ 12.655253043302702, 50.179196415899547 ], [ 12.153256215274405, 50.456047188573521 ], [ 11.642519709396684, 50.716422662158244 ], [ 11.123584053892909, 50.960047273245713 ], [ 10.59699845439982, 51.186663186383242 ], [ 10.063320212726232, 51.396030566948646 ] ]
 }},


{ "type": "Feature",
    "properties": { "id": 66, "mag": 10, "place": "First Homo Sapiens 200000 ago(AFR-EAS to EUR) ", "time": -16206, "title": "*131.001", "timefinal": -68950,
        "name": "200000 years ago, First Homo Sapiens ",
        "times": [
       -25200, -25125, -25049, -24974, -24898, -24823, -24747, -24672, -24597, -24521,
      -24446, -24370, -24295, -24220, -24144, -24069, -23993, -23918, -23842, -23767,
      -23692, -23616, -23541, -23465, -23390, -23315, -23239, -23164, -23088, -23013,
      -22937, -22862, -22787, -22711, -22636, -22560, -22485, -22409, -22334, -22259,
      -22183, -22108, -22032, -21957, -21882, -21806, -21731, -21655, -21580, -21504,
      -21429, -21354, -21278, -21203, -21127, -21052, -20977, -20901, -20826, -20750,
      -20675, -20599, -20524, -20449, -20373, -20298, -20222, -20147, -20071, -19996,
      -19921, -19845, -19770, -19694, -19619, -19544, -19468, -19393, -19317, -19242,
      -19166, -19091, -19016, -18940, -18865, -18789, -18714, -18639, -18563, -18488,
      -18412, -18337, -18261, -18186, -18111, -18035, -17960, -17884, -17809, -17733,
      -17658, -17583, -17507, -17432, -17356, -17281, -17206, -17130, -17055, -16979,
      -16904, -16828, -16753, -16678, -16602, -16527, -16451, -16376, -16301, -16225,
      -16150, -16074, -15999, -15923, -15848, -15773, -15697, -15622, -15546, -15471
]},
    "geometry": {
        "type": "Point",
        "coordinates": [39.321585150166158, 10.321748900920234]
}},
{ "type": "Feature",
    "properties": { "id": 66, "mag": 10, "place": "First Homo Sapiens 200000 ago(AFR-EAS to EUR) ", "time": -16206, "title": "*131.001", "timefinal": -68950,
        "name": "200000 years ago, First Homo Sapiens ",
        "times": [
      -15396, -15320, -15245, -15169, -15094, -15018, -14943, -14868, -14792, -14717,
      -14641, -14566, -14490, -14415, -14340, -14264, -14189, -14113, -14038, -13963,
      -13887, -13812, -13736, -13661, -13585, -13510, -13435, -13359, -13284, -13208,
      -13133, -13058, -12982, -12907, -12831, -12756, -12680, -12605, -12530, -12454,
      -12379, -12303, -12228, -12152, -12077, -12002, -11926, -11851, -11775, -11700,
      -11625, -11549, -11474, -11398, -11323, -11247, -11172, -11097, -11021, -10946,
      -10870, -10795, -10720, -10644, -10569, -10493, -10418, -10342, -10267
]},
    "geometry": {
        "type": "Point",
        "coordinates": [ 10.163320212726232, 51.196030566948646 ]
}},
{ "type": "Feature",
    "properties": { "id": 66, "mag": 10, "place": "First Homo Sapiens 200000 ago ", "time": -16206, "title": "*60.001", "timefinal": -68950,
        "name": "200000 years ago, First Homo Sapiens ",
        "times": [
-25524, -10399
]},
    "geometry": {
        "type": "Point",
        "coordinates": [304.18591368938437, -26.18562537115795]
}},
{ "type": "Feature",
    "properties": { "id": 66, "mag": 10, "place": "First Homo Sapiens 200000 ago ", "time": -16206, "title": "*134.001", "timefinal": -68950,
        "name": "200000 years ago, First Homo Sapiens ",
        "times": [
-25524, -10399
]},
    "geometry": {
        "type": "Point",
        "coordinates": [304.98591368938437, -24.98562537115795]
}},

{ "type": "Feature", "properties": { "id": 3.3, "mag": "#0000FF", "place": "(AFR-EAS to EAS)", "time": null, "title": "15000 years ago, South America", "timefinal": null, "name": "15000 years ago, South America",
"times": [
  -25524, -25155, -24786, -24417, -24048, -23679, -23310, -22941, -22572, -22203,
  -21835, -21466, -21097, -20728, -20359, -19990, -19621, -19252, -18883, -18514,
  -18146, -17777, -17408, -17039, -16670, -16301, -15932, -15563, -15194, -14825,
  -14457, -14088, -13719, -13350, -12981, -12612, -12243, -11874, -11505, -11136,
  -10768, -10399
]},
 "geometry":
 { "type": "LineString", "coordinates":  [ [ 38.854273250118922, 1.7335961478081 ], [ 37.61137502458682, 3.331608152063659 ], [ 37.433818135225096, 3.686721930787115 ], [ 37.256261245863371, 4.041835709510579 ], [ 34.237794126713979, 11.32166817334145 ], [ 34.060237237352254, 11.676781952064907 ], [ 34.060237237352254, 12.031895730788371 ], [ 33.882680347990515, 12.742123288235284 ], [ 33.70512345862879, 13.274793956320465 ], [ 33.527566569267066, 13.629907735043929 ], [ 33.350009679905341, 14.16257840312911 ], [ 31.929554565011504, 22.507752203130359 ], [ 32.284668343734964, 24.283321096747649 ], [ 32.462225233096689, 24.638434875471106 ], [ 32.639782122458428, 24.993548654194562 ], [ 33.172452790543602, 26.414003769088392 ], [ 33.350009679905341, 26.769117547811849 ], [ 33.70512345862879, 27.124231326535305 ], [ 33.882680347990515, 27.656901994620494 ], [ 41.162512811821401, 33.516279343557542 ], [ 41.695183479906589, 33.693836232919267 ], [ 42.227854147991764, 33.871393122280999 ], [ 42.582967926715227, 34.048950011642724 ], [ 42.938081705438691, 34.226506901004456 ], [ 43.470752373523865, 34.40406379036618 ], [ 44.003423041609054, 34.581620679727912 ], [ 44.358536820332517, 34.759177569089644 ], [ 44.713650599055967, 34.759177569089644 ], [ 45.068764377779431, 34.936734458451369 ], [ 67.973603105442422, 37.600087798877297 ], [ 68.328716884165885, 37.600087798877297 ], [ 69.038944441612799, 37.422530909515572 ], [ 69.394058220336262, 37.422530909515572 ], [ 69.926728888421451, 37.422530909515572 ], [ 70.2818426671449, 37.422530909515572 ], [ 70.814513335230089, 37.422530909515572 ], [ 71.169627113953538, 37.422530909515572 ], [ 79.337244024593062, 37.600087798877297 ], [ 80.047471582039975, 37.777644688239029 ], [ 100.999184526723965, 35.291848237174825 ], [ 106.325891207575822, 34.40406379036618 ], [ 108.456573879916576, 33.693836232919267 ] ]
 }},

{ "type": "Feature",
    "properties": { "id": 66, "mag": 10, "place": "First Homo Sapiens 200000 ago(AFR-EAS to EAS) ", "time": -16206, "title": "*36.002", "timefinal": -68950,
        "name": "200000 years ago, First Homo Sapiens ",
        "times": [
-25524, -25155, -24786, -24417, -24048, -23679, -23310, -22941, -22572, -22203,
  -21835, -21466, -21097, -20728, -20359, -19990, -19621, -19252, -18883, -18514,
  -18146, -17777, -17408, -17039, -16670, -16301, -15932, -15563, -15194, -14825,
  -14457, -14088, -13719, -13350, -12981, -12612
]},
    "geometry": {
        "type": "Point",
        "coordinates": [38.726973250118922, 1.726996147808156]
}},
{ "type": "Feature",
    "properties": { "id": 66, "mag": 10, "place": "First Homo Sapiens 200000 ago(AFR-EAS to EAS) ", "time": -16206, "title": "*36.002", "timefinal": -68950,
        "name": "200000 years ago, First Homo Sapiens ",
        "times": [
-12243, -11874, -11505, -11136, -10768, -10399
]},
    "geometry": {
        "type": "Point",
        "coordinates": [ 108.726973879916576, 33.726936232919267 ]
}},
{ "type": "Feature",
    "properties": { "id": 66, "mag": 10, "place": "First Homo Sapiens 200000 ago ", "time": -16206, "title": "*1.009", "timefinal": -68950,
        "name": "200000 years ago, First Homo Sapiens ",
        "times": [
-26100, -10633
]},
    "geometry": {
        "type": "Point",
        "coordinates": [19.125478568988155, 50.785469517725387]
}},

{ "type": "Feature",
    "properties": { "id": 66, "mag": 10, "place": "First Homo Sapiens 200000 ago ", "time": -16206, "title": "*2.034", "timefinal": -68950,
        "name": "200000 years ago, First Homo Sapiens ",
        "times": [
-26100, -10633
]},
    "geometry": {
        "type": "Point",
        "coordinates": [41.623589461202063, 7.623589461235992]
}},
{ "type": "Feature", "properties": { "id": 3.3, "mag": "#0000FF", "place": "(AFR-EAS to SA)", "time": null, "title": "15000 years ago, South America", "timefinal": null, "name": "15000 years ago, South America",
"times": [
        -26235, -25803, -25371, -24939, -24507, -24075, -23643, -23212, -22780, -22348,
  -21916, -21484, -21052, -20620, -20189, -19757, -19325, -18893, -18461, -18029,
  -17597, -17166, -16734, -16302, -15870, -15438, -15006, -14574, -14143, -13711,
  -13279, -12847, -12415, -11983, -11551, -11120, -10688
]},
 "geometry":
 { "type": "LineString", "coordinates":[ [ 33.628342241101493, -3.682684826898907 ], [ 33.001616517680773, -1.888990126760813 ], [ 32.711664189919979, -0.984265365183106 ], [ 31.499350047426404, 3.607218012077364 ], [ 31.304886667046233, 4.53715523591393 ], [ 31.126570678084505, 5.470323310092608 ], [ 30.964455653742782, 6.406441873880565 ], [ 30.346713100740253, 18.715671019568507 ], [ 31.488043892683152, 25.514795857792183 ], [ 31.622787347469977, 25.793955329161321 ], [ 31.762328233745752, 26.070747941274355 ], [ 33.226761961009913, 28.442022455209706 ], [ 33.411762082204383, 28.690740697847875 ], [ 33.601026822026888, 28.936229327570118 ], [ 33.794499811493829, 29.178415230152638 ], [ 33.992123428272691, 29.41722627502751 ], [ 34.19383881384379, 29.652591336765418 ], [ 34.399585891030185, 29.884440316259052 ], [ 34.609303381890555, 30.112704161600831 ], [ 35.947408825595325, 31.403269571888135 ], [ 36.183106485788436, 31.60459622696013 ], [ 36.422243371208801, 31.801825431426494 ], [ 36.664748259381554, 31.994898444235915 ], [ 36.91054892473484, 32.183757762181486 ], [ 37.159572160110848, 32.368347137026973 ], [ 37.411743798569219, 32.548611592259299 ], [ 37.666988735476266, 32.724497439462269 ], [ 38.986621437119638, 33.536460609212909 ], [ 39.258679308798783, 33.685021450353503 ], [ 46.658337432779412, 35.776513964732189 ], [ 55.323922578055765, 35.347684865686645 ], [ 67.494994292681071, 30.885803857524568 ], [ 68.000218020805676, 30.57569697582964 ], [ 68.499996795800314, 30.256889087596708 ], [ 68.994180783810805, 29.929475771543849 ], [ 69.839222383850085, 29.046392014770497 ], [ 77.090606171137111, 22.496755045608019 ] ]

}},

{ "type": "Feature",
    "properties": { "id": 66, "mag": 10, "place": "First Homo Sapiens 200000 ago(AFR-EAS to SA)", "time": -16206, "title": "*15.003", "timefinal": -68950,
        "name": "200000 years ago, First Homo Sapiens ",
        "times": [
   -26235, -25803, -25371, -24939, -24507, -24075, -23643, -23212, -22780, -22348,
  -21916, -21484, -21052, -20620, -20189, -19757, -19325, -18893, -18461, -18029,
  -17597, -17166, -16734, -16302, -15870, -15438, -15006, -14574, -14143
]},
    "geometry": {
        "type": "Point",
        "coordinates": [33.675342241101493, -3.285684826898907]
}},
{ "type": "Feature",
    "properties": { "id": 66, "mag": 10, "place": "First Homo Sapiens 200000 ago(AFR-EAS to SA)", "time": -16206, "title": "*15.003", "timefinal": -68950,
        "name": "200000 years ago, First Homo Sapiens ",
        "times": [
  -13711, -13279, -12847, -12415, -11983, -11551, -11120, -10688
]},
    "geometry": {
        "type": "Point",
        "coordinates": [ 77.675606171137111, 22.285755045608019 ]
}},
{ "type": "Feature",
    "properties": { "id": 66, "mag": 10, "place": "First Homo Sapiens 200000 ago ", "time": -16206, "title": "*53.001", "timefinal": -68950,
        "name": "200000 years ago, First Homo Sapiens ",
        "times": [
-26428, -10767
]},
    "geometry": {
        "type": "Point",
        "coordinates": [118.152225365550419, 47.113869240048069]
}},
{ "type": "Feature",
    "properties": { "id": 66, "mag": 10, "place": "First Homo Sapiens 200000 ago ", "time": -16206, "title": "*4.027", "timefinal": -68950,
        "name": "200000 years ago, First Homo Sapiens ",
        "times": [
-26799, -10918
]},
    "geometry": {
        "type": "Point",
        "coordinates": [41.784965231802063, 7.784965231835992]
}},
{ "type": "Feature", "properties": { "id": 3.3, "mag": "#0000FF", "place": "(AFR-EAS to EUR)", "time": null, "title": "15000 years ago, South America", "timefinal": null, "name": "15000 years ago, South America",
  "times": [
      -27000, -26919, -26838, -26758, -26677, -26596, -26515, -26434, -26354, -26273,
      -26192, -26111, -26030, -25949, -25869, -25788, -25707, -25626, -25545, -25465,
      -25384, -25303, -25222, -25141, -25061, -24980, -24899, -24818, -24737, -24657,
      -24576, -24495, -24414, -24333, -24253, -24172, -24091, -24010, -23929, -23848,
      -23768, -23687, -23606, -23525, -23444, -23364, -23283, -23202, -23121, -23040,
      -22960, -22879, -22798, -22717, -22636, -22556, -22475, -22394, -22313, -22232,
      -22152, -22071, -21990, -21909, -21828, -21747, -21667, -21586, -21505, -21424,
      -21343, -21263, -21182, -21101, -21020, -20939, -20859, -20778, -20697, -20616,
      -20535, -20455, -20374, -20293, -20212, -20131, -20051, -19970, -19889, -19808,
      -19727, -19646, -19566, -19485, -19404, -19323, -19242, -19162, -19081, -19000,
      -18919, -18838, -18758, -18677, -18596, -18515, -18434, -18354, -18273, -18192,
      -18111, -18030, -17949, -17869, -17788, -17707, -17626, -17545, -17465, -17384,
      -17303, -17222, -17141, -17061, -16980, -16899, -16818, -16737, -16657, -16576,
      -16495, -16414, -16333, -16253, -16172, -16091, -16010, -15929, -15848, -15768,
      -15687, -15606, -15525, -15444, -15364, -15283, -15202, -15121, -15040, -14960,
      -14879, -14798, -14717, -14636, -14556, -14475, -14394, -14313, -14232, -14152,
      -14071, -13990, -13909, -13828, -13747, -13667, -13586, -13505, -13424, -13343,
      -13263, -13182, -13101, -13020, -12939, -12859, -12778, -12697, -12616, -12535,
      -12455, -12374, -12293, -12212, -12131, -12051, -11970, -11889, -11808, -11727,
      -11646, -11566, -11485, -11404, -11323, -11242, -11162, -11081, -11000
]},
 "geometry":
 { "type": "LineString", "coordinates": [ [ 39.025585150166158, 10.940748900920234 ], [ 38.482587258028062, 11.46889733883221 ], [ 37.957422737560073, 12.014781676193991 ], [ 37.450670574018815, 12.577800084491207 ], [ 36.962889453339855, 13.157331845177762 ], [ 36.494617146195665, 13.752738034007823 ], [ 36.267958985628624, 14.056189569978946 ], [ 35.829911013433076, 14.674171331352737 ], [ 35.412620944890165, 15.306355230254574 ], [ 35.016548835445377, 15.952044294321203 ], [ 34.826606899680414, 16.279731366804576 ], [ 34.600373212923117, 16.63974342907014 ], [ 34.386776165772943, 17.00739362619953 ], [ 34.090633527035472, 17.572218163236457 ], [ 33.909720936223238, 17.957005117908988 ], [ 33.663671177872601, 18.545381474107092 ], [ 33.516805906295687, 18.944406483354879 ], [ 33.383884012046074, 19.34829029836812 ], [ 33.265065793475323, 19.756545851834613 ], [ 33.160494540480698, 20.168680804304906 ], [ 33.030621848242681, 20.793068747756902 ], [ 32.933436863498088, 21.423372086521312 ], [ 32.869203255603765, 22.05788076552755 ], [ 32.838095294629561, 22.694873320336001 ], [ 32.835805176160086, 23.120061656674089 ], [ 32.848279693961487, 23.54507312993826 ], [ 32.894637390774335, 24.181137736769649 ], [ 32.974051729999275, 24.81392568137893 ], [ 33.028004478747619, 25.223432293101428 ], [ 33.142494141886189, 26.017553020221339 ], [ 33.310647420715711, 26.802065663220748 ], [ 33.53168795896427, 27.57334816182799 ], [ 33.661731450355198, 27.952912463711897 ], [ 33.804595222215795, 28.327839538764536 ], [ 33.960114328001957, 28.697696506595658 ], [ 34.128109209672466, 29.062056340620039 ], [ 34.308385905001657, 29.420498361090502 ], [ 34.500736271522847, 29.772608720803085 ], [ 34.704938226843858, 30.117980882913521 ], [ 34.811410400633939, 30.288015211722978 ], [ 35.032943475985959, 30.622534965164885 ], [ 35.386229197690682, 31.109722264076574 ], [ 35.525798644832143, 31.311892203370952 ], [ 35.695268180566153, 31.592167867048008 ], [ 35.845005448963818, 31.883463458577168 ], [ 35.974297456109142, 32.184391935261999 ], [ 36.082528560916472, 32.493520386142372 ], [ 36.169183406587351, 32.809376854990603 ], [ 36.257836172272292, 33.292479608053881 ], [ 36.283300978086061, 33.536823338471777 ], [ 36.297527995571755, 33.864041863566214 ], [ 36.283532815027257, 34.273166432895508 ], [ 36.220301523228883, 34.760248958365686 ], [ 36.169873337811048, 35.000684631769474 ], [ 36.0834174035339, 35.316595604386414 ], [ 36.004386857217924, 35.549203617315172 ], [ 35.88049712537719, 35.852396139544773 ], [ 35.65993187332208, 36.405066672654883 ], [ 35.529321658030696, 36.787913374981898 ], [ 35.3792004266272, 37.163538509528344 ], [ 35.268474156088544, 37.409451755158365 ], [ 35.086742015352165, 37.770843585232747 ], [ 34.886669556811725, 38.122413830211919 ], [ 34.668786006093768, 38.463232527098796 ], [ 34.513917972619851, 38.684025469856515 ], [ 34.181936572933395, 39.109040007641582 ], [ 34.005213542164398, 39.312761881183704 ], [ 33.821609894693829, 39.510305122017691 ], [ 33.533777647055615, 39.794529017988218 ], [ 33.127998985948992, 40.149765115896287 ], [ 32.916214774195744, 40.316741398690425 ], [ 32.698830363311039, 40.476358594718924 ], [ 32.250097993901726, 40.702663887279421 ], [ 31.733819012458632, 40.904307033752616 ], [ 31.384077608618487, 41.023610635343424 ], [ 31.030387679386198, 41.130642559890603 ], [ 30.673179667065305, 41.225272549039758 ], [ 30.131723241791754, 41.343716142068345 ], [ 29.767630001203038, 41.406870801993172 ], [ 29.033945131253883, 41.494904445266158 ], [ 28.665246399822923, 41.519676291257369 ], [ 28.295907973338768, 41.531572745973968 ], [ 27.742569947579792, 41.629608649654429 ], [ 27.37567558458268, 41.732689239745156 ], [ 27.010559164017121, 41.841900416306451 ], [ 26.647323116545934, 41.957211540965005 ], [ 26.286069345307425, 42.078590264052949 ], [ 25.926899197327216, 42.20600253368341 ], [ 25.569913435086129, 42.339412605303423 ], [ 25.215212208251994, 42.478783051721848 ], [ 24.862895025583452, 42.624074773609259 ], [ 24.513060727013489, 42.775247010466991 ], [ 24.165807455920657, 42.93225735206218 ], [ 23.821232631595674, 43.095061750325613 ], [ 23.479432921911197, 43.263614531709131 ], [ 23.140504216202356, 43.437868409998941 ], [ 22.804541598365731, 43.617774499581472 ], [ 22.471639320184288, 43.803282329157796 ], [ 22.141890774885738, 43.994339855903021 ], [ 21.815388470941777, 44.190893480066492 ], [ 21.407289774069312, 44.412769663424442 ], [ 21.002903674261155, 44.641342342046343 ], [ 20.602340044611474, 44.876549411949256 ], [ 20.205707719636184, 45.118326966563302 ], [ 19.81311446570222, 45.366609314095271 ], [ 19.424666951747007, 45.621328995377382 ], [ 19.040470720296156, 45.882416802196104 ], [ 18.660630158787214, 46.14980179609632 ], [ 18.285248471207204, 46.423411327655501 ], [ 17.914427650051788, 46.703171056222828 ], [ 17.548268448613513, 46.989004970117819 ], [ 17.350408188284831, 47.210744925808378 ], [ 17.24864299736231, 47.319026070991839 ], [ 17.039593452666274, 47.530250071591603 ], [ 16.600297194870645, 47.930478948221911 ], [ 16.370571796317527, 48.119008871116385 ], [ 16.014150998499915, 48.386690683988768 ], [ 15.769059881464131, 48.554761011284036 ], [ 15.390934379078299, 48.790791607828325 ], [ 15.132294415892389, 48.937156426040133 ], [ 15.001122078144652, 49.006976038582266 ], [ 14.735267271618948, 49.139786100001444 ], [ 14.464995772868805, 49.263360399636667 ], [ 13.91249048826473, 49.48222626332165 ], [ 13.416681951584597, 49.749954041941905 ], [ 12.902807676761682, 50.034683682066607 ], [ 12.655253043302702, 50.179196415899547 ], [ 12.153256215274405, 50.456047188573521 ], [ 11.642519709396684, 50.716422662158244 ], [ 11.123584053892909, 50.960047273245713 ], [ 10.59699845439982, 51.186663186383242 ], [ 10.063320212726232, 51.396030566948646 ] ]
 }},


{ "type": "Feature",
    "properties": { "id": 66, "mag": 10, "place": "First Homo Sapiens 200000 ago(AFR-EAS to EUR) ", "time": -16206, "title": "*1.025", "timefinal": -68950,
        "name": "200000 years ago, First Homo Sapiens ",
        "times": [
      -27000, -26919, -26838, -26758, -26677, -26596, -26515, -26434, -26354, -26273,
      -26192, -26111, -26030, -25949, -25869, -25788, -25707, -25626, -25545, -25465,
      -25384, -25303, -25222, -25141, -25061, -24980, -24899, -24818, -24737, -24657,
      -24576, -24495, -24414, -24333, -24253, -24172, -24091, -24010, -23929, -23848,
      -23768, -23687, -23606, -23525, -23444, -23364, -23283, -23202, -23121, -23040,
      -22960, -22879, -22798, -22717, -22636, -22556, -22475, -22394, -22313, -22232,
      -22152, -22071, -21990, -21909, -21828, -21747, -21667, -21586, -21505, -21424,
      -21343, -21263, -21182, -21101, -21020, -20939, -20859, -20778, -20697, -20616,
      -20535, -20455, -20374, -20293, -20212, -20131, -20051, -19970, -19889, -19808,
      -19727, -19646, -19566, -19485, -19404, -19323, -19242, -19162, -19081, -19000,
      -18919, -18838, -18758, -18677, -18596, -18515, -18434, -18354, -18273, -18192,
      -18111, -18030, -17949, -17869, -17788, -17707, -17626, -17545, -17465, -17384,
      -17303, -17222, -17141, -17061, -16980, -16899, -16818, -16737, -16657, -16576,
      -16495, -16414, -16333, -16253, -16172, -16091, -16010, -15929, -15848, -15768
]},
    "geometry": {
        "type": "Point",
        "coordinates": [39.432585150166158, 10.432748900920234]
}},
{ "type": "Feature",
    "properties": { "id": 66, "mag": 10, "place": "First Homo Sapiens 200000 ago(AFR-EAS to EUR) ", "time": -16206, "title": "*1.025", "timefinal": -68950,
        "name": "200000 years ago, First Homo Sapiens ",
        "times": [
      -15687, -15606, -15525, -15444, -15364, -15283, -15202, -15121, -15040, -14960,
      -14879, -14798, -14717, -14636, -14556, -14475, -14394, -14313, -14232, -14152,
      -14071, -13990, -13909, -13828, -13747, -13667, -13586, -13505, -13424, -13343,
      -13263, -13182, -13101, -13020, -12939, -12859, -12778, -12697, -12616, -12535,
      -12455, -12374, -12293, -12212, -12131, -12051, -11970, -11889, -11808, -11727,
      -11646, -11566, -11485, -11404, -11323, -11242, -11162, -11081, -11000
]},
    "geometry": {
        "type": "Point",
        "coordinates": [ 10.432320212726232, 51.432030566948646 ]
}},

{ "type": "Feature",
    "properties": { "id": 66, "mag": 10, "place": "First Homo Sapiens 200000 ago ", "time": -16206, "title": "*75.002", "timefinal": -68950,
        "name": "200000 years ago, First Homo Sapiens ",
        "times": [
-27138, -11056
]},
    "geometry": {
        "type": "Point",
        "coordinates": [41.451876404502063, 7.451876220835992]
}},
{ "type": "Feature",
    "properties": { "id": 66, "mag": 10, "place": "First Homo Sapiens 200000 ago ", "time": -16206, "title": "*56.002", "timefinal": -68950,
        "name": "200000 years ago, First Homo Sapiens ",
        "times": [
-27138, -11056
]},
    "geometry": {
        "type": "Point",
        "coordinates": [41.311192404502063, 7.321925220835992]
}},
{ "type": "Feature", "properties": { "id": 3.3, "mag": "#0000FF", "place": "(EUR to SA)", "time": null, "title": "15000 years ago, South America", "timefinal": null, "name": "15000 years ago, South America",
"times": [
  -28715, -28472, -28229, -27986, -27743, -27500, -27257, -27014, -26771, -26528,
  -26284, -26041, -25798, -25555, -25312, -25069, -24826, -24583, -24340, -24097,
  -23853, -23610, -23367, -23124, -22881, -22638, -22395, -22152, -21909, -21666,
  -21422, -21179, -20936, -20693, -20450, -20207, -19964, -19721, -19478, -19235,
  -18991, -18748, -18505, -18262, -18019, -17776, -17533, -17290, -17047, -16804,
  -16560, -16317, -16074, -15831, -15588, -15345, -15102, -14859, -14616, -14373,
  -14129, -13886, -13643, -13400, -13157, -12914, -12671, -12428, -12185, -11942,
  -11699
]},
 "geometry":
 { "type": "LineString", "coordinates":  [ [ 3.395015144991383, 44.9465968060343 ], [ 3.675947494071334, 45.087062980574274 ], [ 3.956879843151281, 45.087062980574274 ], [ 4.237812192231232, 45.087062980574274 ], [ 10.418323871990101, 45.648927678734168 ], [ 10.699256221070048, 45.648927678734168 ], [ 10.980188570149998, 45.789393853274149 ], [ 11.261120919229946, 45.789393853274149 ], [ 11.542053268309893, 45.789393853274149 ], [ 11.822985617389847, 45.789393853274149 ], [ 12.103917966469794, 45.929860027814115 ], [ 12.525316490089715, 46.070326202354096 ], [ 12.806248839169662, 46.210792376894062 ], [ 13.087181188249616, 46.210792376894062 ], [ 13.368113537329563, 46.351258551434043 ], [ 13.789512060949484, 46.491724725974017 ], [ 15.896504679049102, 47.053589424133918 ], [ 16.177437028129049, 47.053589424133918 ], [ 16.458369377208996, 47.334521773213865 ], [ 16.739301726288943, 47.334521773213865 ], [ 21.234219311568125, 47.615454122293812 ], [ 21.515151660648073, 47.615454122293812 ], [ 21.79608400972802, 47.615454122293812 ], [ 22.077016358807967, 47.755920296833786 ], [ 27.274264816787017, 47.896386471373759 ], [ 27.555197165866964, 47.896386471373759 ], [ 27.836129514946919, 47.896386471373759 ], [ 29.802655958506556, 47.896386471373759 ], [ 30.083588307586503, 47.896386471373759 ], [ 34.297573543785731, 47.896386471373759 ], [ 34.578505892865685, 48.036852645913733 ], [ 37.949694081825065, 48.036852645913733 ], [ 38.230626430905012, 47.896386471373759 ], [ 38.511558779984966, 47.896386471373759 ], [ 38.932957303604887, 47.896386471373759 ], [ 45.113468983363759, 47.474987947753831 ], [ 45.394401332443707, 47.474987947753831 ], [ 45.675333681523654, 47.615454122293812 ], [ 45.956266030603601, 47.615454122293812 ], [ 46.237198379683548, 47.615454122293812 ], [ 46.518130728763495, 47.615454122293812 ], [ 50.310717441342803, 47.615454122293812 ], [ 50.59164979042275, 47.755920296833786 ], [ 50.872582139502697, 47.755920296833786 ], [ 52.979574757602322, 47.755920296833786 ], [ 53.260507106682269, 47.755920296833786 ], [ 53.541439455762216, 47.615454122293812 ], [ 57.038195319699312, 45.726911970015841 ], [ 59.862417310061062, 43.822867409714505 ], [ 60.143349659141009, 43.541935060634557 ], [ 60.564748182760937, 43.26100271155461 ], [ 63.374071673560422, 41.013543918915019 ], [ 63.655004022640369, 40.873077744375045 ], [ 63.935936371720317, 40.592145395295098 ], [ 64.216868720800264, 40.592145395295098 ], [ 66.183395164359908, 38.485152777195481 ], [ 66.464327513439855, 38.204220428115534 ], [ 67.026192211599749, 37.782821904495606 ], [ 67.307124560679696, 37.501889555415659 ], [ 67.588056909759644, 37.220957206335711 ], [ 67.868989258839591, 37.080491031795738 ], [ 68.290387782459518, 36.799558682715791 ], [ 68.711786306079446, 36.518626333635837 ], [ 68.992718655159393, 36.237693984555889 ], [ 69.13318482969936, 35.956761635475942 ], [ 73.066237716818648, 31.883242573816688 ], [ 73.347170065898595, 31.742776399276714 ], [ 73.628102414978542, 31.60231022473674 ], [ 77.076611903130924, 27.59726695521563 ], [ 79.199106929253873, 24.767273587051697 ], [ 79.582335197859408, 23.853421561915425 ] ]

 }},

{ "type": "Feature",
    "properties": { "id": 66, "mag": 10, "place": "First Homo Sapiens 200000 ago(EUR to SA) ", "time": -16206, "title": "*1.020", "timefinal": -68950,
        "name": "200000 years ago, First Homo Sapiens ",
        "times": [
-28715, -28472, -28229, -27986, -27743, -27500, -27257, -27014, -26771, -26528,
  -26284, -26041, -25798, -25555, -25312, -25069, -24826, -24583, -24340, -24097,
  -23853, -23610, -23367, -23124, -22881, -22638, -22395, -22152, -21909, -21666,
  -21422, -21179, -20936, -20693, -20450, -20207, -19964, -19721, -19478, -19235,
  -18991, -18748, -18505, -18262, -18019, -17776, -17533, -17290, -17047, -16804,
  -16560, -16317, -16074, -15831, -15588, -15345, -15102, -14859, -14616, -14373
]},
    "geometry": {
        "type": "Point",
        "coordinates": [3.455015144991383, 44.4565968060343]
}},
{ "type": "Feature",
    "properties": { "id": 66, "mag": 10, "place": "First Homo Sapiens 200000 ago(EUR to SA) ", "time": -16206, "title": "*1.020", "timefinal": -68950,
        "name": "200000 years ago, First Homo Sapiens ",
        "times": [
-14129, -13886, -13643, -13400, -13157, -12914, -12671, -12428, -12185, -11942, -11699
]},
    "geometry": {
        "type": "Point",
        "coordinates": [ 79.442335197859408, 23.443421561915425 ]
}},
{ "type": "Feature", "properties": { "id": 3.3, "mag": "#0000FF", "place": "(AFR-EAS to EUR)", "time": null, "title": "15000 years ago, South America", "timefinal": null, "name": "15000 years ago, South America",
  "times": [
      -29129, -29042, -28955, -28867, -28780, -28693, -28606, -28519, -28432, -28344,
      -28257, -28170, -28083, -27996, -27909, -27821, -27734, -27647, -27560, -27473,
      -27385, -27298, -27211, -27124, -27037, -26950, -26862, -26775, -26688, -26601,
      -26514, -26427, -26339, -26252, -26165, -26078, -25991, -25903, -25816, -25729,
      -25642, -25555, -25468, -25380, -25293, -25206, -25119, -25032, -24945, -24857,
      -24770, -24683, -24596, -24509, -24421, -24334, -24247, -24160, -24073, -23986,
      -23898, -23811, -23724, -23637, -23550, -23463, -23375, -23288, -23201, -23114,
      -23027, -22939, -22852, -22765, -22678, -22591, -22504, -22416, -22329, -22242,
      -22155, -22068, -21981, -21893, -21806, -21719, -21632, -21545, -21457, -21370,
      -21283, -21196, -21109, -21022, -20934, -20847, -20760, -20673, -20586, -20498,
      -20411, -20324, -20237, -20150, -20063, -19975, -19888, -19801, -19714, -19627,
      -19540, -19452, -19365, -19278, -19191, -19104, -19016, -18929, -18842, -18755,
      -18668, -18581, -18493, -18406, -18319, -18232, -18145, -18058, -17970, -17883,
      -17796, -17709, -17622, -17534, -17447, -17360, -17273, -17186, -17099, -17011,
      -16924, -16837, -16750, -16663, -16576, -16488, -16401, -16314, -16227, -16140,
      -16052, -15965, -15878, -15791, -15704, -15617, -15529, -15442, -15355, -15268,
      -15181, -15094, -15006, -14919, -14832, -14745, -14658, -14570, -14483, -14396,
      -14309, -14222, -14135, -14047, -13960, -13873, -13786, -13699, -13612, -13524,
      -13437, -13350, -13263, -13176, -13088, -13001, -12914, -12827, -12740, -12653,
      -12565, -12478, -12391, -12304, -12217, -12130, -12042, -11955, -11868
]},
 "geometry":
 { "type": "LineString", "coordinates": [ [ 39.025585150166158, 10.940748900920234 ], [ 38.482587258028062, 11.46889733883221 ], [ 37.957422737560073, 12.014781676193991 ], [ 37.450670574018815, 12.577800084491207 ], [ 36.962889453339855, 13.157331845177762 ], [ 36.494617146195665, 13.752738034007823 ], [ 36.267958985628624, 14.056189569978946 ], [ 35.829911013433076, 14.674171331352737 ], [ 35.412620944890165, 15.306355230254574 ], [ 35.016548835445377, 15.952044294321203 ], [ 34.826606899680414, 16.279731366804576 ], [ 34.600373212923117, 16.63974342907014 ], [ 34.386776165772943, 17.00739362619953 ], [ 34.090633527035472, 17.572218163236457 ], [ 33.909720936223238, 17.957005117908988 ], [ 33.663671177872601, 18.545381474107092 ], [ 33.516805906295687, 18.944406483354879 ], [ 33.383884012046074, 19.34829029836812 ], [ 33.265065793475323, 19.756545851834613 ], [ 33.160494540480698, 20.168680804304906 ], [ 33.030621848242681, 20.793068747756902 ], [ 32.933436863498088, 21.423372086521312 ], [ 32.869203255603765, 22.05788076552755 ], [ 32.838095294629561, 22.694873320336001 ], [ 32.835805176160086, 23.120061656674089 ], [ 32.848279693961487, 23.54507312993826 ], [ 32.894637390774335, 24.181137736769649 ], [ 32.974051729999275, 24.81392568137893 ], [ 33.028004478747619, 25.223432293101428 ], [ 33.142494141886189, 26.017553020221339 ], [ 33.310647420715711, 26.802065663220748 ], [ 33.53168795896427, 27.57334816182799 ], [ 33.661731450355198, 27.952912463711897 ], [ 33.804595222215795, 28.327839538764536 ], [ 33.960114328001957, 28.697696506595658 ], [ 34.128109209672466, 29.062056340620039 ], [ 34.308385905001657, 29.420498361090502 ], [ 34.500736271522847, 29.772608720803085 ], [ 34.704938226843858, 30.117980882913521 ], [ 34.811410400633939, 30.288015211722978 ], [ 35.032943475985959, 30.622534965164885 ], [ 35.386229197690682, 31.109722264076574 ], [ 35.525798644832143, 31.311892203370952 ], [ 35.695268180566153, 31.592167867048008 ], [ 35.845005448963818, 31.883463458577168 ], [ 35.974297456109142, 32.184391935261999 ], [ 36.082528560916472, 32.493520386142372 ], [ 36.169183406587351, 32.809376854990603 ], [ 36.257836172272292, 33.292479608053881 ], [ 36.283300978086061, 33.536823338471777 ], [ 36.297527995571755, 33.864041863566214 ], [ 36.283532815027257, 34.273166432895508 ], [ 36.220301523228883, 34.760248958365686 ], [ 36.169873337811048, 35.000684631769474 ], [ 36.0834174035339, 35.316595604386414 ], [ 36.004386857217924, 35.549203617315172 ], [ 35.88049712537719, 35.852396139544773 ], [ 35.65993187332208, 36.405066672654883 ], [ 35.529321658030696, 36.787913374981898 ], [ 35.3792004266272, 37.163538509528344 ], [ 35.268474156088544, 37.409451755158365 ], [ 35.086742015352165, 37.770843585232747 ], [ 34.886669556811725, 38.122413830211919 ], [ 34.668786006093768, 38.463232527098796 ], [ 34.513917972619851, 38.684025469856515 ], [ 34.181936572933395, 39.109040007641582 ], [ 34.005213542164398, 39.312761881183704 ], [ 33.821609894693829, 39.510305122017691 ], [ 33.533777647055615, 39.794529017988218 ], [ 33.127998985948992, 40.149765115896287 ], [ 32.916214774195744, 40.316741398690425 ], [ 32.698830363311039, 40.476358594718924 ], [ 32.250097993901726, 40.702663887279421 ], [ 31.733819012458632, 40.904307033752616 ], [ 31.384077608618487, 41.023610635343424 ], [ 31.030387679386198, 41.130642559890603 ], [ 30.673179667065305, 41.225272549039758 ], [ 30.131723241791754, 41.343716142068345 ], [ 29.767630001203038, 41.406870801993172 ], [ 29.033945131253883, 41.494904445266158 ], [ 28.665246399822923, 41.519676291257369 ], [ 28.295907973338768, 41.531572745973968 ], [ 27.742569947579792, 41.629608649654429 ], [ 27.37567558458268, 41.732689239745156 ], [ 27.010559164017121, 41.841900416306451 ], [ 26.647323116545934, 41.957211540965005 ], [ 26.286069345307425, 42.078590264052949 ], [ 25.926899197327216, 42.20600253368341 ], [ 25.569913435086129, 42.339412605303423 ], [ 25.215212208251994, 42.478783051721848 ], [ 24.862895025583452, 42.624074773609259 ], [ 24.513060727013489, 42.775247010466991 ], [ 24.165807455920657, 42.93225735206218 ], [ 23.821232631595674, 43.095061750325613 ], [ 23.479432921911197, 43.263614531709131 ], [ 23.140504216202356, 43.437868409998941 ], [ 22.804541598365731, 43.617774499581472 ], [ 22.471639320184288, 43.803282329157796 ], [ 22.141890774885738, 43.994339855903021 ], [ 21.815388470941777, 44.190893480066492 ], [ 21.407289774069312, 44.412769663424442 ], [ 21.002903674261155, 44.641342342046343 ], [ 20.602340044611474, 44.876549411949256 ], [ 20.205707719636184, 45.118326966563302 ], [ 19.81311446570222, 45.366609314095271 ], [ 19.424666951747007, 45.621328995377382 ], [ 19.040470720296156, 45.882416802196104 ], [ 18.660630158787214, 46.14980179609632 ], [ 18.285248471207204, 46.423411327655501 ], [ 17.914427650051788, 46.703171056222828 ], [ 17.548268448613513, 46.989004970117819 ], [ 17.350408188284831, 47.210744925808378 ], [ 17.24864299736231, 47.319026070991839 ], [ 17.039593452666274, 47.530250071591603 ], [ 16.600297194870645, 47.930478948221911 ], [ 16.370571796317527, 48.119008871116385 ], [ 16.014150998499915, 48.386690683988768 ], [ 15.769059881464131, 48.554761011284036 ], [ 15.390934379078299, 48.790791607828325 ], [ 15.132294415892389, 48.937156426040133 ], [ 15.001122078144652, 49.006976038582266 ], [ 14.735267271618948, 49.139786100001444 ], [ 14.464995772868805, 49.263360399636667 ], [ 13.91249048826473, 49.48222626332165 ], [ 13.416681951584597, 49.749954041941905 ], [ 12.902807676761682, 50.034683682066607 ], [ 12.655253043302702, 50.179196415899547 ], [ 12.153256215274405, 50.456047188573521 ], [ 11.642519709396684, 50.716422662158244 ], [ 11.123584053892909, 50.960047273245713 ], [ 10.59699845439982, 51.186663186383242 ], [ 10.063320212726232, 51.396030566948646 ] ]
 }},

{ "type": "Feature",
    "properties": { "id": 66, "mag": 10, "place": "First Homo Sapiens 200000 ago(AFR-EAS to EUR) ", "time": -16206, "title": "*184.001", "timefinal": -68950,
        "name": "200000 years ago, First Homo Sapiens ",
        "times": [
      -29129, -29042, -28955, -28867, -28780, -28693, -28606, -28519, -28432, -28344,
      -28257, -28170, -28083, -27996, -27909, -27821, -27734, -27647, -27560, -27473,
      -27385, -27298, -27211, -27124, -27037, -26950, -26862, -26775, -26688, -26601,
      -26514, -26427, -26339, -26252, -26165, -26078, -25991, -25903, -25816, -25729,
      -25642, -25555, -25468, -25380, -25293, -25206, -25119, -25032, -24945, -24857,
      -24770, -24683, -24596, -24509, -24421, -24334, -24247, -24160, -24073, -23986,
      -23898, -23811, -23724, -23637, -23550, -23463, -23375, -23288, -23201, -23114,
      -23027, -22939, -22852, -22765, -22678, -22591, -22504, -22416, -22329, -22242,
      -22155, -22068, -21981, -21893, -21806, -21719, -21632, -21545, -21457, -21370,
      -21283, -21196, -21109, -21022, -20934, -20847, -20760, -20673, -20586, -20498,
      -20411, -20324, -20237, -20150, -20063, -19975, -19888, -19801, -19714, -19627,
      -19540, -19452, -19365, -19278, -19191, -19104, -19016, -18929, -18842, -18755,
      -18668, -18581, -18493, -18406, -18319, -18232, -18145, -18058, -17970, -17883,
      -17796, -17709, -17622, -17534, -17447, -17360, -17273, -17186, -17099, -17011,
      -16924, -16837, -16750, -16663, -16576, -16488, -16401, -16314, -16227, -16140
]},
    "geometry": {
        "type": "Point",
        "coordinates": [39.542155150166158, 10.542158900920234]
}},
{ "type": "Feature",
    "properties": { "id": 66, "mag": 10, "place": "First Homo Sapiens 200000 ago(AFR-EAS to EUR) ", "time": -16206, "title": "*184.001", "timefinal": -68950,
        "name": "200000 years ago, First Homo Sapiens ",
        "times": [
      -16052, -15965, -15878, -15791, -15704, -15617, -15529, -15442, -15355, -15268,
      -15181, -15094, -15006, -14919, -14832, -14745, -14658, -14570, -14483, -14396,
      -14309, -14222, -14135, -14047, -13960, -13873, -13786, -13699, -13612, -13524,
      -13437, -13350, -13263, -13176, -13088, -13001, -12914, -12827, -12740, -12653,
      -12565, -12478, -12391, -12304, -12217, -12130, -12042, -11955, -11868
]},
    "geometry": {
        "type": "Point",
        "coordinates": [ 10.542150212726232, 51.542150566948646 ]
}},

{ "type": "Feature", "properties": { "id": 3.3, "mag": "#0000FF", "place": "(AFR-EAS to SA)", "time": null, "title": "15000 years ago, South America", "timefinal": null, "name": "15000 years ago, South America",
"times": [
         -29565, -29078, -28591, -28105, -27618, -27131, -26645, -26158, -25671, -25185,
  -24698, -24211, -23725, -23238, -22751, -22265, -21778, -21291, -20805, -20318,
  -19831, -19345, -18858, -18371, -17885, -17398, -16911, -16425, -15938, -15451,
  -14965, -14478, -13991, -13505, -13018, -12531, -12045
]},
 "geometry":
 { "type": "LineString", "coordinates":[ [ 33.628342241101493, -3.682684826898907 ], [ 33.001616517680773, -1.888990126760813 ], [ 32.711664189919979, -0.984265365183106 ], [ 31.499350047426404, 3.607218012077364 ], [ 31.304886667046233, 4.53715523591393 ], [ 31.126570678084505, 5.470323310092608 ], [ 30.964455653742782, 6.406441873880565 ], [ 30.346713100740253, 18.715671019568507 ], [ 31.488043892683152, 25.514795857792183 ], [ 31.622787347469977, 25.793955329161321 ], [ 31.762328233745752, 26.070747941274355 ], [ 33.226761961009913, 28.442022455209706 ], [ 33.411762082204383, 28.690740697847875 ], [ 33.601026822026888, 28.936229327570118 ], [ 33.794499811493829, 29.178415230152638 ], [ 33.992123428272691, 29.41722627502751 ], [ 34.19383881384379, 29.652591336765418 ], [ 34.399585891030185, 29.884440316259052 ], [ 34.609303381890555, 30.112704161600831 ], [ 35.947408825595325, 31.403269571888135 ], [ 36.183106485788436, 31.60459622696013 ], [ 36.422243371208801, 31.801825431426494 ], [ 36.664748259381554, 31.994898444235915 ], [ 36.91054892473484, 32.183757762181486 ], [ 37.159572160110848, 32.368347137026973 ], [ 37.411743798569219, 32.548611592259299 ], [ 37.666988735476266, 32.724497439462269 ], [ 38.986621437119638, 33.536460609212909 ], [ 39.258679308798783, 33.685021450353503 ], [ 46.658337432779412, 35.776513964732189 ], [ 55.323922578055765, 35.347684865686645 ], [ 67.494994292681071, 30.885803857524568 ], [ 68.000218020805676, 30.57569697582964 ], [ 68.499996795800314, 30.256889087596708 ], [ 68.994180783810805, 29.929475771543849 ], [ 69.839222383850085, 29.046392014770497 ], [ 77.090606171137111, 22.496755045608019 ] ]

}},

{ "type": "Feature",
    "properties": { "id": 66, "mag": 10, "place": "First Homo Sapiens 200000 ago(AFR-EAS to SA)", "time": -16206, "title": "*1.010", "timefinal": -68950,
        "name": "200000 years ago, First Homo Sapiens ",
        "times": [
   -29565, -29078, -28591, -28105, -27618, -27131, -26645, -26158, -25671, -25185,
  -24698, -24211, -23725, -23238, -22751, -22265, -21778, -21291, -20805, -20318,
  -19831, -19345, -18858, -18371, -17885, -17398, -16911, -16425, -15938
]},
    "geometry": {
        "type": "Point",
        "coordinates": [33.785242241101493, -3.785284826898907]
}},
{ "type": "Feature",
    "properties": { "id": 66, "mag": 10, "place": "First Homo Sapiens 200000 ago(AFR-EAS to SA)", "time": -16206, "title": "*1.010", "timefinal": -68950,
        "name": "200000 years ago, First Homo Sapiens ",
        "times": [
  -15451,  -14965, -14478, -13991, -13505, -13018, -12531, -12045
]},
    "geometry": {
        "type": "Point",
        "coordinates": [ 77.785206171137111, 22.785255045608019 ]
}},
{ "type": "Feature", "properties": { "id": 3.3, "mag": "#0000FF", "place": "(AFR-EAS to SA)", "time": null, "title": "15000 years ago, South America", "timefinal": null, "name": "15000 years ago, South America",
"times": [
         -29565, -29078, -28591, -28105, -27618, -27131, -26645, -26158, -25671, -25185,
  -24698, -24211, -23725, -23238, -22751, -22265, -21778, -21291, -20805, -20318,
  -19831, -19345, -18858, -18371, -17885, -17398, -16911, -16425, -15938, -15451,
  -14965, -14478, -13991, -13505, -13018, -12531, -12045
]},
 "geometry":
 { "type": "LineString", "coordinates":[ [ 33.628342241101493, -3.682684826898907 ], [ 33.001616517680773, -1.888990126760813 ], [ 32.711664189919979, -0.984265365183106 ], [ 31.499350047426404, 3.607218012077364 ], [ 31.304886667046233, 4.53715523591393 ], [ 31.126570678084505, 5.470323310092608 ], [ 30.964455653742782, 6.406441873880565 ], [ 30.346713100740253, 18.715671019568507 ], [ 31.488043892683152, 25.514795857792183 ], [ 31.622787347469977, 25.793955329161321 ], [ 31.762328233745752, 26.070747941274355 ], [ 33.226761961009913, 28.442022455209706 ], [ 33.411762082204383, 28.690740697847875 ], [ 33.601026822026888, 28.936229327570118 ], [ 33.794499811493829, 29.178415230152638 ], [ 33.992123428272691, 29.41722627502751 ], [ 34.19383881384379, 29.652591336765418 ], [ 34.399585891030185, 29.884440316259052 ], [ 34.609303381890555, 30.112704161600831 ], [ 35.947408825595325, 31.403269571888135 ], [ 36.183106485788436, 31.60459622696013 ], [ 36.422243371208801, 31.801825431426494 ], [ 36.664748259381554, 31.994898444235915 ], [ 36.91054892473484, 32.183757762181486 ], [ 37.159572160110848, 32.368347137026973 ], [ 37.411743798569219, 32.548611592259299 ], [ 37.666988735476266, 32.724497439462269 ], [ 38.986621437119638, 33.536460609212909 ], [ 39.258679308798783, 33.685021450353503 ], [ 46.658337432779412, 35.776513964732189 ], [ 55.323922578055765, 35.347684865686645 ], [ 67.494994292681071, 30.885803857524568 ], [ 68.000218020805676, 30.57569697582964 ], [ 68.499996795800314, 30.256889087596708 ], [ 68.994180783810805, 29.929475771543849 ], [ 69.839222383850085, 29.046392014770497 ], [ 77.090606171137111, 22.496755045608019 ] ]

}},

{ "type": "Feature",
    "properties": { "id": 66, "mag": 10, "place": "First Homo Sapiens 200000 ago(AFR-EAS to SA)", "time": -16206, "title": "*1.011", "timefinal": -68950,
        "name": "200000 years ago, First Homo Sapiens ",
        "times": [
   -29565, -29078, -28591, -28105, -27618, -27131, -26645, -26158, -25671, -25185,
  -24698, -24211, -23725, -23238, -22751, -22265, -21778, -21291, -20805, -20318,
  -19831, -19345, -18858, -18371, -17885, -17398, -16911, -16425, -15938
]},
    "geometry": {
        "type": "Point",
        "coordinates": [33.685242241101493, -3.685284826898907]
}},
{ "type": "Feature",
    "properties": { "id": 66, "mag": 10, "place": "First Homo Sapiens 200000 ago(AFR-EAS to SA)", "time": -16206, "title": "*1.011", "timefinal": -68950,
        "name": "200000 years ago, First Homo Sapiens ",
        "times": [
  -15451,  -14965, -14478, -13991, -13505, -13018, -12531, -12045
]},
    "geometry": {
        "type": "Point",
        "coordinates": [ 77.685206171137111, 22.685255045608019 ]
}},
{ "type": "Feature", "properties": { "id": 3.3, "mag": "#0000FF", "place": "(AFR-EAS to SA)", "time": null, "title": "15000 years ago, South America", "timefinal": null, "name": "15000 years ago, South America",
"times": [
         -31905, -31379, -30854, -30329, -29804, -29279, -28753, -28228, -27703, -27178,
  -26653, -26127, -25602, -25077, -24552, -24027, -23501, -22976, -22451, -21926,
  -21401, -20875, -20350, -19825, -19300, -18775, -18249, -17724, -17199, -16674,
  -16149, -15623, -15098, -14573, -14048, -13523, -12998
]},
 "geometry":
 { "type": "LineString", "coordinates":[ [ 33.628342241101493, -3.682684826898907 ], [ 33.001616517680773, -1.888990126760813 ], [ 32.711664189919979, -0.984265365183106 ], [ 31.499350047426404, 3.607218012077364 ], [ 31.304886667046233, 4.53715523591393 ], [ 31.126570678084505, 5.470323310092608 ], [ 30.964455653742782, 6.406441873880565 ], [ 30.346713100740253, 18.715671019568507 ], [ 31.488043892683152, 25.514795857792183 ], [ 31.622787347469977, 25.793955329161321 ], [ 31.762328233745752, 26.070747941274355 ], [ 33.226761961009913, 28.442022455209706 ], [ 33.411762082204383, 28.690740697847875 ], [ 33.601026822026888, 28.936229327570118 ], [ 33.794499811493829, 29.178415230152638 ], [ 33.992123428272691, 29.41722627502751 ], [ 34.19383881384379, 29.652591336765418 ], [ 34.399585891030185, 29.884440316259052 ], [ 34.609303381890555, 30.112704161600831 ], [ 35.947408825595325, 31.403269571888135 ], [ 36.183106485788436, 31.60459622696013 ], [ 36.422243371208801, 31.801825431426494 ], [ 36.664748259381554, 31.994898444235915 ], [ 36.91054892473484, 32.183757762181486 ], [ 37.159572160110848, 32.368347137026973 ], [ 37.411743798569219, 32.548611592259299 ], [ 37.666988735476266, 32.724497439462269 ], [ 38.986621437119638, 33.536460609212909 ], [ 39.258679308798783, 33.685021450353503 ], [ 46.658337432779412, 35.776513964732189 ], [ 55.323922578055765, 35.347684865686645 ], [ 67.494994292681071, 30.885803857524568 ], [ 68.000218020805676, 30.57569697582964 ], [ 68.499996795800314, 30.256889087596708 ], [ 68.994180783810805, 29.929475771543849 ], [ 69.839222383850085, 29.046392014770497 ], [ 77.090606171137111, 22.496755045608019 ] ]

}},

{ "type": "Feature",
    "properties": { "id": 66, "mag": 10, "place": "First Homo Sapiens 200000 ago(AFR-EAS to SA)", "time": -16206, "title": "*1.026", "timefinal": -68950,
        "name": "200000 years ago, First Homo Sapiens ",
        "times": [
   -31905, -31379, -30854, -30329, -29804, -29279, -28753, -28228, -27703, -27178,
  -26653, -26127, -25602, -25077, -24552, -24027, -23501, -22976, -22451, -21926,
  -21401, -20875, -20350, -19825, -19300, -18775, -18249, -17724, -17199
]},
    "geometry": {
        "type": "Point",
        "coordinates": [33.795242241101493, -3.795284826898907]
}},
{ "type": "Feature",
    "properties": { "id": 66, "mag": 10, "place": "First Homo Sapiens 200000 ago(AFR-EAS to SA)", "time": -16206, "title": "*1.026", "timefinal": -68950,
        "name": "200000 years ago, First Homo Sapiens ",
        "times": [
  -16674, 16149, -15623, -15098, -14573, -14048, -13523, -12998
]},
    "geometry": {
        "type": "Point",
        "coordinates": [ 77.795206171137111, 22.795255045608019 ]
}},
{ "type": "Feature",
    "properties": { "id": 66, "mag": 10, "place": "First Homo Sapiens 200000 ago ", "time": -16206, "title": "*33.002", "timefinal": -68950,
        "name": "200000 years ago, First Homo Sapiens ",
        "times": [
-32400, -13200
]},
    "geometry": {
        "type": "Point",
        "coordinates": [18.325896268988155, 52.524125817725387]
}},
{ "type": "Feature", "properties": { "id": 3.3, "mag": "#0000FF", "place": "(AFR-EAS to SA)", "time": null, "title": "15000 years ago, South America", "timefinal": null, "name": "15000 years ago, South America",
"times": [
         -32760, -32221, -31682, -31143, -30603, -30064, -29525, -28986, -28446, -27907,
  -27368, -26829, -26289, -25750, -25211, -24672, -24132, -23593, -23054, -22515,
  -21975, -21436, -20897, -20358, -19818, -19279, -18740, -18201, -17661, -17122,
  -16583, -16044, -15504, -14965, -14426, -13887, -13347
]},
 "geometry":
 { "type": "LineString", "coordinates":[ [ 33.628342241101493, -3.682684826898907 ], [ 33.001616517680773, -1.888990126760813 ], [ 32.711664189919979, -0.984265365183106 ], [ 31.499350047426404, 3.607218012077364 ], [ 31.304886667046233, 4.53715523591393 ], [ 31.126570678084505, 5.470323310092608 ], [ 30.964455653742782, 6.406441873880565 ], [ 30.346713100740253, 18.715671019568507 ], [ 31.488043892683152, 25.514795857792183 ], [ 31.622787347469977, 25.793955329161321 ], [ 31.762328233745752, 26.070747941274355 ], [ 33.226761961009913, 28.442022455209706 ], [ 33.411762082204383, 28.690740697847875 ], [ 33.601026822026888, 28.936229327570118 ], [ 33.794499811493829, 29.178415230152638 ], [ 33.992123428272691, 29.41722627502751 ], [ 34.19383881384379, 29.652591336765418 ], [ 34.399585891030185, 29.884440316259052 ], [ 34.609303381890555, 30.112704161600831 ], [ 35.947408825595325, 31.403269571888135 ], [ 36.183106485788436, 31.60459622696013 ], [ 36.422243371208801, 31.801825431426494 ], [ 36.664748259381554, 31.994898444235915 ], [ 36.91054892473484, 32.183757762181486 ], [ 37.159572160110848, 32.368347137026973 ], [ 37.411743798569219, 32.548611592259299 ], [ 37.666988735476266, 32.724497439462269 ], [ 38.986621437119638, 33.536460609212909 ], [ 39.258679308798783, 33.685021450353503 ], [ 46.658337432779412, 35.776513964732189 ], [ 55.323922578055765, 35.347684865686645 ], [ 67.494994292681071, 30.885803857524568 ], [ 68.000218020805676, 30.57569697582964 ], [ 68.499996795800314, 30.256889087596708 ], [ 68.994180783810805, 29.929475771543849 ], [ 69.839222383850085, 29.046392014770497 ], [ 77.090606171137111, 22.496755045608019 ] ]

}},

{ "type": "Feature",
    "properties": { "id": 66, "mag": 10, "place": "First Homo Sapiens 200000 ago(AFR-EAS to SA)", "time": -16206, "title": "*136.001", "timefinal": -68950,
        "name": "200000 years ago, First Homo Sapiens ",
        "times": [
   -32760, -32221, -31682, -31143, -30603, -30064, -29525, -28986, -28446, -27907,
  -27368, -26829, -26289, -25750, -25211, -24672, -24132, -23593, -23054, -22515,
  -21975, -21436, -20897, -20358, -19818, -19279, -18740, -18201, -17661
]},
    "geometry": {
        "type": "Point",
        "coordinates": [33.495242241101493, -3.495284826898907]
}},
{ "type": "Feature",
    "properties": { "id": 66, "mag": 10, "place": "First Homo Sapiens 200000 ago(AFR-EAS to SA)", "time": -16206, "title": "*136.001", "timefinal": -68950,
        "name": "200000 years ago, First Homo Sapiens ",
        "times": [
  17122, -16583, -16044, -15504, -14965, -14426, -13887, -13347
]},
    "geometry": {
        "type": "Point",
        "coordinates": [ 77.495206171137111, 22.495255045608019 ]
}},
{ "type": "Feature",
    "properties": { "id": 66, "mag": 10, "place": "First Homo Sapiens 200000 ago ", "time": -16206, "title": "*4.031", "timefinal": -68950,
        "name": "200000 years ago, First Homo Sapiens ",
        "times": [
-32760, -13347
]},
    "geometry": {
        "type": "Point",
        "coordinates": [18.521476268988155, 51.852349917725387]
}},
{ "type": "Feature",
    "properties": { "id": 66, "mag": 10, "place": "First Homo Sapiens 200000 ago ", "time": -16206, "title": "*1.023", "timefinal": -68950,
        "name": "200000 years ago, First Homo Sapiens ",
        "times": [
-33266, -13553
]},
    "geometry": {
        "type": "Point",
        "coordinates": [18.321485668988155, 54.745265917725387]
}},

{ "type": "Feature",
    "properties": { "id": 66, "mag": 10, "place": "First Homo Sapiens 200000 ago ", "time": -16206, "title": "*75.001", "timefinal": -68950,
        "name": "200000 years ago, First Homo Sapiens ",
        "times": [
-36184, -14742
]},
    "geometry": {
        "type": "Point",
        "coordinates": [41.652794584502063, 7.652794580835992]
}},
{ "type": "Feature",
    "properties": { "id": 66, "mag": 10, "place": "First Homo Sapiens 200000 ago ", "time": -16206, "title": "*2.014", "timefinal": -68950,
        "name": "200000 years ago, First Homo Sapiens ",
        "times": [
-36184, -14742
]},
    "geometry": {
        "type": "Point",
        "coordinates": [41.95132404502063, 7.951325220835992]
}},
{ "type": "Feature",
    "properties": { "id": 66, "mag": 10, "place": "First Homo Sapiens 200000 ago ", "time": -16206, "title": "*2.011", "timefinal": -68950,
        "name": "200000 years ago, First Homo Sapiens ",
        "times": [
-36217, -14755
]},
    "geometry": {
        "type": "Point",
        "coordinates": [41.495218604502063, 7.495218620835992]
}},
{ "type": "Feature", "properties": { "id": 3.3, "mag": "#0000FF", "place": "(AFR-EAS to AMR)", "time": null, "title": "15000 years ago, South America", "timefinal": null, "name": "15000 years ago, South America",
"times": [
  -36934, -36885, -36836, -36787, -36738, -36689, -36640, -36591, -36542, -36493,
  -36444, -36395, -36346, -36297, -36248, -36199, -36150, -36101, -36052, -36003,
  -35954, -35905, -35856, -35807, -35758, -35709, -35660, -35611, -35562, -35513,
  -35464, -35415, -35366, -35317, -35268, -35219, -35170, -35121, -35072, -35023,
  -34974, -34925, -34876, -34827, -34778, -34729, -34680, -34631, -34582, -34533,
  -34484, -34435, -34386, -34337, -34288, -34239, -34190, -34141, -34092, -34043,
  -33994, -33945, -33896, -33847, -33798, -33749, -33700, -33651, -33602, -33553,
  -33504, -33455, -33406, -33357, -33308, -33259, -33210, -33161, -33112, -33063,
  -33014, -32965, -32916, -32867, -32818, -32769, -32720, -32671, -32622, -32573,
  -32524, -32475, -32426, -32377, -32328, -32279, -32230, -32181, -32132, -32083,
  -32034, -31985, -31936, -31887, -31838, -31789, -31740, -31691, -31642, -31593,
  -31544, -31495, -31446, -31397, -31348, -31299, -31250, -31201, -31152, -31103,
  -31054, -31005, -30956, -30907, -30858, -30809, -30760, -30711, -30662, -30613,
  -30564, -30515, -30466, -30417, -30368, -30319, -30270, -30221, -30172, -30123,
  -30074, -30025, -29976, -29927, -29878, -29829, -29780, -29731, -29682, -29633,
  -29584, -29535, -29486, -29437, -29388, -29339, -29290, -29241, -29192, -29143,
  -29094, -29045, -28996, -28947, -28898, -28849, -28800, -28751, -28702, -28653,
  -28604, -28555, -28506, -28457, -28408, -28359, -28310, -28261, -28212, -28163,
  -28114, -28065, -28016, -27967, -27918, -27869, -27820, -27771, -27722, -27673,
  -27624, -27575, -27526, -27477, -27428, -27379, -27330, -27281, -27232, -27183,
  -27134, -27085, -27036, -26987, -26938, -26889, -26840, -26791, -26742, -26693,
  -26644, -26595, -26546, -26497, -26448, -26399, -26350, -26301, -26252, -26203,
  -26154, -26105, -26056, -26007, -25958, -25909, -25860, -25811, -25762, -25713,
  -25664, -25615, -25566, -25517, -25468, -25419, -25370, -25321, -25272, -25223,
  -25174, -25125, -25076, -25027, -24978, -24929, -24880, -24831, -24782, -24733,
  -24684, -24635, -24586, -24537, -24488, -24439, -24390, -24341, -24292, -24243,
  -24194, -24145, -24096, -24047, -23998, -23949, -23900, -23851, -23802, -23753,
  -23704, -23655, -23606, -23557, -23508, -23459, -23410, -23361, -23312, -23263,
  -23214, -23165, -23116, -23067, -23018, -22969, -22920, -22871, -22822, -22773,
  -22724, -22675, -22626, -22577, -22528, -22479, -22430, -22381, -22332, -22283,
  -22234, -22185, -22136, -22087, -22038, -21989, -21940, -21891, -21842, -21793,
  -21744, -21695, -21646, -21597, -21548, -21499, -21450, -21401, -21352, -21303,
  -21254, -21205, -21156, -21107, -21058, -21009, -20960, -20911, -20862, -20813,
  -20764, -20715, -20666, -20617, -20568, -20519, -20470, -20421, -20372, -20323,
  -20274, -20225, -20176, -20127, -20078, -20029, -19980, -19931, -19882, -19833,
  -19784, -19735, -19686, -19637, -19588, -19539, -19490, -19441, -19392, -19343,
  -19294, -19245, -19196, -19147, -19098, -19049, -19000, -18951, -18902, -18853,
  -18804, -18755, -18706, -18657, -18608, -18559, -18510, -18461, -18412, -18363,
  -18314, -18265, -18216, -18167, -18118, -18069, -18020, -17971, -17922, -17873,
  -17824, -17775, -17726, -17677, -17628, -17579, -17530, -17481, -17432, -17383,
  -17334, -17285, -17236, -17187, -17138, -17089, -17040, -16991, -16942, -16893,
  -16844, -16795, -16746, -16697, -16648, -16599, -16550, -16501, -16452, -16403,
  -16354, -16305, -16256, -16207, -16158, -16109, -16060, -16011, -15962, -15913,
  -15864, -15815, -15766, -15717, -15668, -15619, -15570, -15521, -15472, -15423,
  -15374, -15325, -15276, -15227, -15178, -15129, -15080, -15047
]},
 "geometry":
 { "type": "LineString", "coordinates":[ [ 35.601229928401366, 3.18588712147853 ], [ 35.122542236670597, 4.437533894795472 ], [ 34.665632586614421, 5.697293841394128 ], [ 34.230638401797663, 6.964788066447763 ], [ 33.817690514325946, 8.239635348909999 ], [ 33.426913125495503, 9.521452256173895 ], [ 33.058423768437578, 10.809853259396007 ], [ 32.712333272768205, 12.104450849450938 ], [ 32.388745731254247, 13.404855653481459 ], [ 32.087758468505754, 14.710676552009232 ], [ 31.8094620117038, 16.021520796570801 ], [ 31.553940063372949, 17.336994127843582 ], [ 31.321269476206155, 18.65670089422624 ], [ 31.111520229950017, 19.980244170837807 ], [ 30.924755410357161, 21.307225878899843 ], [ 30.918987620315345, 21.619794470078954 ], [ 30.918669403654462, 21.932416110935478 ], [ 30.923800857079879, 22.244995796422891 ], [ 30.934380421153897, 22.557438534244834 ], [ 30.950404880769675, 22.86964937372305 ], [ 30.971869366128285, 23.181533434652682 ], [ 30.998767354218636, 23.492995936136182 ], [ 31.031090670799809, 23.803942225387011 ], [ 31.06882949288519, 24.114277806494425 ], [ 31.111972351727637, 24.42390836914057 ], [ 31.160506136304836, 24.732739817261198 ], [ 31.214416097303687, 25.040678297641239 ], [ 31.273685851602611, 25.347630228436621 ], [ 31.338297387250332, 25.65350232761357 ], [ 31.408231068939664, 25.958201641296817 ], [ 31.483465643974654, 26.261635572018108 ], [ 31.563978248729232, 26.563711906856341 ], [ 31.649744415595393, 26.86433884546091 ], [ 31.740738080418886, 27.1634250279496 ], [ 31.836931590420026, 27.460879562672687 ], [ 31.938295712597327, 27.756612053834704 ], [ 32.044799642611345, 28.050532628965534 ], [ 32.156411014146059, 28.342551966232449 ], [ 32.273095908744914, 28.632581321584837 ], [ 32.39481886611857, 28.920532555723327 ], [ 32.521542894921204, 29.206318160885129 ], [ 32.653229483992121, 29.48985128743745 ], [ 32.789838614059192, 29.771045770270927 ], [ 32.931328769900631, 30.049816154985002 ], [ 33.077656952961377, 30.326077723857349 ], [ 33.228778694420271, 30.599746521589388 ], [ 33.384648068704038, 30.870739380820133 ], [ 33.545217707443953, 31.138973947400579 ], [ 33.710438813871022, 31.404368705420939 ], [ 33.88026117764516, 31.666843001983157 ], [ 34.05463319011406, 31.926317071711164 ], [ 34.23350185999692, 32.182712060991378 ], [ 34.4168128294884, 32.435950051936189 ], [ 34.604510390777818, 32.685954086062992 ], [ 34.796537502978651, 32.932648187681728 ], [ 34.992835809463145, 33.17595738698374 ], [ 35.193345655596744, 33.415807742824938 ], [ 35.398006106867037, 33.652126365196324 ], [ 35.606754967401599, 33.884841437375137 ], [ 35.819528798869186, 34.113882237749806 ], [ 36.036262939758529, 34.339179161312082 ], [ 36.25689152502882, 34.560663740809844 ], [ 36.481347506125935, 34.778268667554158 ], [ 36.70956267135837, 34.991927811874262 ], [ 36.941467666626629, 35.201576243214205 ], [ 37.176992016499767, 35.407150249865111 ], [ 37.416064145632731, 35.608587358327028 ], [ 37.658611400517962, 35.805826352294517 ], [ 37.904560071564646, 35.9988072912601 ], [ 38.153835415498861, 36.187471528730129 ], [ 38.406361678077943, 36.371761730047247 ], [ 38.662062117112036, 36.551621889814342 ], [ 38.92085902578583, 36.726997348914395 ], [ 39.182673756273552, 36.897834811121342 ], [ 39.447426743639838, 37.064082359296634 ], [ 39.715037530019366, 37.225689471166739 ], [ 39.985424789067814, 37.382607034676802 ], [ 40.194024336505727, 37.821841373517962 ], [ 40.410186229598565, 38.25740378188577 ], [ 40.633845857504191, 38.689164070070959 ], [ 40.864936368305749, 39.11699318481903 ], [ 41.103388688993704, 39.54076324790416 ], [ 41.349131546111764, 39.960347594352044 ], [ 41.602091487060513, 40.375620810300106 ], [ 41.862192902052463, 40.786458770483719 ], [ 42.129358046711801, 41.192738675337253 ], [ 42.403507065312198, 41.594339087698948 ], [ 42.684558014645724, 41.99113996910846 ], [ 42.972426888515685, 42.383022715686423 ], [ 43.267027642846088, 42.769870193585142 ], [ 43.56827222140025, 43.15156677399996 ], [ 43.876070582100823, 43.527998367730731 ], [ 44.190330723943376, 43.899052459283077 ], [ 44.510958714495558, 44.264618140499344 ], [ 44.837858717973475, 44.624586143709045 ], [ 45.170933023887081, 44.978848874389001 ], [ 45.510082076245794, 45.327300443323374 ], [ 45.855204503315903, 45.669836698253974 ], [ 46.20619714792052, 46.0063552550114 ], [ 46.562955098273321, 46.336755528117692 ], [ 46.925371719336702, 46.660938760851352 ], [ 47.29333868469503, 46.978808054765736 ], [ 47.666746008933394, 47.290268398652053 ], [ 48.045482080512329, 47.595226696938234 ], [ 48.429433695128466, 47.893591797515199 ], [ 48.818486089551399, 48.185274518982254 ], [ 49.212522975926369, 48.470187677303443 ], [ 49.6114265765328, 48.748246111866884 ], [ 50.015077658988041, 49.019366710939252 ], [ 50.423355571885963, 49.283468436507945 ], [ 50.836138280859693, 49.540472348503357 ], [ 51.253302405057759, 49.790301628394062 ], [ 51.674723254022581, 50.032881602147903 ], [ 52.100274864960525, 50.268139762552089 ], [ 52.52983004039222, 50.496005790885597 ], [ 52.963260386171882, 50.716411577937492 ], [ 53.400436349864393, 50.92929124436472 ], [ 53.841227259468511, 51.134581160383547 ], [ 54.285501362474811, 51.332219964788436 ], [ 54.733125865246492, 51.522148583292974 ], [ 55.183966972711488, 51.704310246187191 ], [ 77.981780248177003, 60.472699967520086 ], [ 79.791429573887399, 61.052355493763542 ], [ 81.610783985097726, 61.600790300789683 ], [ 83.439304894477488, 62.117842034283797 ], [ 85.276451001118289, 62.603357630328702 ], [ 87.121678450776344, 63.057193360716624 ], [ 88.974440996870811, 63.479214875497348 ], [ 90.834190162190367, 63.869297242750136 ], [ 92.700375401259976, 64.227324985567591 ], [ 94.572444263320165, 64.553192116240481 ], [ 96.449842555870049, 64.846802167633584 ], [ 98.332014508726218, 65.108068221743011 ], [ 100.218402938548479, 65.336912935426682 ], [ 102.108449413784086, 65.533268563300496 ], [ 104.001594419981387, 65.697076977793031 ], [ 105.897277525424002, 65.828289686353216 ], [ 107.794937547036739, 65.926867845805688 ], [ 109.694012716513697, 65.992782273849599 ], [ 111.593940846619759, 66.026013457697573 ], [ 113.423353417142167, 66.4237977943706 ], [ 115.259422795354993, 66.789628315345666 ], [ 117.101590897533157, 67.123393824356285 ], [ 118.949297786209684, 67.424992871478608 ], [ 120.80198184037198, 67.694333783967735 ], [ 122.659079926169753, 67.931334694122185 ], [ 124.520027568082639, 68.135923564168039 ], [ 126.384259120495841, 68.308038208155153 ], [ 128.251207939631314, 68.447626310859121 ], [ 130.120306555782264, 68.554645443682574 ], [ 131.990986845799, 68.629063077551706 ], [ 133.862680205772989, 68.670856592803673 ], [ 135.734817723867309, 68.680013286061893 ], [ 137.606830353240667, 68.656530374097443 ], [ 138.897524002330812, 68.842126554858012 ], [ 140.191153704314559, 69.006011368859731 ], [ 141.487354268295604, 69.148138551517022 ], [ 142.78575977762506, 69.268467980410634 ], [ 144.086003693199189, 69.366965686614307 ], [ 145.387718956933298, 69.443603864284128 ], [ 146.690538095381982, 69.49836087850808 ], [ 147.994093323476676, 69.531221271413571 ], [ 149.298016648351108, 69.54217576653123 ], [ 150.601939973225569, 69.531221271413585 ], [ 151.905495201320264, 69.498360878508095 ], [ 153.208314339768947, 69.443603864284142 ], [ 154.510029603503057, 69.366965686614336 ], [ 155.810273519077157, 69.268467980410648 ], [ 157.108679028406613, 69.148138551517036 ], [ 158.404879592387658, 69.00601136885976 ], [ 159.698509294371405, 68.842126554858027 ], [ 160.989202943461692, 68.656530374097443 ], [ 161.818682922249366, 68.470223056402176 ], [ 162.651203406548944, 68.298010701857038 ], [ 163.486524905307334, 68.139942850766332 ], [ 164.324407121703956, 67.996064974487027 ], [ 165.164609022277034, 67.86641846234798 ], [ 166.006888906261423, 67.751040609743484 ], [ 166.851004475118884, 67.649964607404542 ], [ 167.696712902239938, 67.563219531850791 ], [ 168.543770902797775, 67.49083033702621 ], [ 169.391934803733989, 67.432817847120475 ], [ 170.240960613855947, 67.389198750578601 ], [ 171.090604094025764, 67.359985595300088 ], [ 171.940620827420418, 67.345186785029256 ], [ 172.790766289843305, 67.344806576937856 ], [ 173.640795920066239, 67.358845080400286 ], [ 174.490465190182505, 67.387298256962168 ], [ 175.33952967595016, 67.430157921502143 ], [ 176.187745127105387, 67.487411744586396 ], [ 178.06677518031529, 67.308273760280215 ], [ 179.942425317418497, 67.096658728980913 ], [ 181.814134249458675, 66.852629976560294 ], [ 183.681341866886527, 66.576260528707408 ], [ 185.543489407172586, 66.267633089075758 ], [ 187.400019622017339, 65.926840014534037 ], [ 189.250376944107757, 65.553983287528453 ], [ 191.094007653371278, 65.149174485564288 ], [ 199.567922538883437, 65.63003408819452 ], [ 208.046227781281544, 66.026013457697573 ], [ 208.510650897613857, 66.135453720109609 ], [ 208.976896357646694, 66.236849839460717 ], [ 209.444824841967744, 66.330171517444569 ], [ 209.914296528258035, 66.415390868489197 ], [ 210.385171133072419, 66.492482428089488 ], [ 210.857307953757868, 66.561423160416268 ], [ 211.330565910496944, 66.622192465199632 ], [ 211.804803588464154, 66.674772183884613 ], [ 212.279879280082156, 66.719146605057063 ], [ 212.755651027365701, 66.755302469138485 ], [ 213.231976664340237, 66.783228972348127 ], [ 213.708713859522675, 66.802917769931241 ], [ 214.185720158451772, 66.814362978652611 ], [ 214.662853026254965, 66.817561178554541 ], [ 215.139969890239513, 66.812511413978754 ], [ 215.616928182494775, 66.799215193851978 ], [ 216.09358538249316, 66.777676491235013 ], [ 216.569799059676797, 66.747901742135639 ], [ 217.045426916017533, 66.709899843585333 ], [ 217.520326828537037, 66.663682150980819 ], [ 217.994356891774828, 66.609262474690951 ], [ 218.467375460191221, 66.546657075929957 ], [ 218.939241190492595, 66.475884661898462 ], [ 219.409813083866453, 66.396966380193561 ], [ 219.878950528113336, 66.309925812489638 ], [ 220.346513339663375, 66.214788967491899 ], [ 220.812361805464832, 66.111584273164766 ], [ 221.276356724731727, 66.000342568237159 ], [ 221.738359450538866, 65.881097092987574 ], [ 222.198231931250859, 65.753883479311583 ], [ 222.655836751773705, 65.618739740074517 ], [ 223.111037174615831, 65.475706257752847 ], [ 223.563697180746885, 65.324825772367461 ], [ 224.013681510241781, 65.166143368712426 ], [ 224.460855702697785, 64.999706462883125 ], [ 224.905086137412894, 64.82556478810784 ], [ 225.346240073313169, 64.643770379886917 ], [ 225.784185688617328, 64.454377560443874 ], [ 226.218792120226482, 64.257442922493411 ], [ 226.649929502827575, 64.053025312330803 ], [ 227.077469007698596, 63.841185812248007 ], [ 227.501282881204133, 63.621987722281531 ], [ 227.921244482969428, 63.39549654129771 ], [ 228.608650993601287, 63.043410254615125 ], [ 229.290022688078153, 62.679782590520773 ], [ 229.965165807202567, 62.304716952494672 ], [ 230.633888362974432, 61.918319996591919 ], [ 231.296000193185989, 61.520701601113473 ], [ 231.951313015497533, 61.111974835360286 ], [ 232.599640480978536, 60.692255927480318 ], [ 233.240798227099106, 60.261664231417114 ], [ 233.874603930156383, 59.82032219296957 ], [ 234.500877357121368, 59.368355314972419 ], [ 235.119440416891109, 58.905892121607508 ], [ 235.730117210931752, 58.433064121855807 ], [ 236.332734083298305, 57.950005772100695 ], [ 236.927119670016396, 57.456854437893085 ], [ 237.513104947812536, 56.953750354889223 ], [ 238.090523282178623, 56.440836588972502 ], [ 238.659210474757145, 55.918258995570213 ], [ 239.219004810033738, 55.386166178177234 ], [ 239.769747101323645, 54.844709446098179 ], [ 240.311280736038981, 54.294042771420145 ], [ 240.843451720224152, 53.734322745228155 ], [ 241.366108722346524, 53.165708533076007 ], [ 242.089062826056704, 51.625989655520286 ], [ 242.835469284864303, 50.097502084022544 ], [ 243.605153671744745, 48.580603009408392 ], [ 244.397936119876249, 47.075646914398504 ], [ 245.21363136467275, 45.582985490769836 ], [ 246.05204878707832, 44.102967557169166 ], [ 246.912992458112569, 42.635938977597924 ], [ 247.796261184657311, 41.182242580587719 ], [ 248.302522139991623, 40.530943704796172 ], [ 248.79767283343358, 39.871158761585647 ], [ 249.281571047209837, 39.20307725517528 ], [ 249.754077795497665, 38.526891072733015 ], [ 250.215057364344688, 37.842794429261495 ], [ 250.664377350648721, 37.150983811815422 ], [ 251.101908700186897, 36.451657923066342 ], [ 251.527525744682549, 35.745017624230961 ], [ 251.941106237900044, 35.03126587737961 ], [ 252.342531390756278, 34.310607687141186 ], [ 252.731685905439633, 33.583250041821529 ], [ 253.108458008525702, 32.849401853951946 ], [ 253.472739483081256, 32.109273900285139 ], [ 253.8244256997462, 31.363078761255622 ], [ 254.163415646785495, 30.611030759922151 ], [ 254.489611959101836, 29.853345900409568 ], [ 254.802920946200913, 29.090241805867855 ], [ 255.103252619101397, 28.321937655966153 ], [ 255.167702279504908, 28.090031562221469 ], [ 255.236125778561728, 27.859266703937397 ], [ 255.30850292753135, 27.629711169590962 ], [ 255.384812371126458, 27.401432690841322 ], [ 255.465031593814018, 27.174498622545151 ], [ 255.549136926458516, 26.948975922883218 ], [ 255.637103553305707, 26.724931133603988 ], [ 255.728905519304647, 26.502430360390107 ], [ 255.824515737765893, 26.281539253353543 ], [ 255.923905998353575, 26.062322987665155 ], [ 256.02704697540895, 25.844846244324387 ], [ 256.133908236603247, 25.62917319107477 ], [ 256.24445825191674, 25.415367463470869 ], [ 256.35866440294194, 25.203492146102253 ], [ 256.476492992507929, 24.993609753980031 ], [ 256.597909254622607, 24.785782214091444 ], [ 256.722877364730948, 24.580070847127949 ], [ 256.851360450285085, 24.376536349392214 ], [ 256.983320601623689, 24.175238774889326 ], [ 257.118718883157499, 23.976237517607515 ], [ 257.257515344857495, 23.779591293993626 ], [ 257.399669034042404, 23.585358125628488 ], [ 257.545138007462015, 23.393595322107338 ], [ 257.693879343672677, 23.204359464130278 ], [ 257.845849155701615, 23.017706386807838 ], [ 258.001002603996028, 22.833691163186501 ], [ 258.159293909653115, 22.652368087999093 ], [ 258.320676367927661, 22.473790661644813 ], [ 258.485102362012242, 22.298011574403638 ], [ 258.65252337708705, 22.125082690889755 ], [ 258.822890014634424, 21.955055034748611 ], [ 258.996152007014075, 21.78797877360212 ], [ 259.172258232294837, 21.623903204246389 ], [ 259.351156729338584, 21.462876738106438 ], [ 259.532794713131693, 21.304946886952138 ], [ 259.717118590359405, 21.15016024887958 ], [ 259.904073975218807, 20.998562494562062 ], [ 260.093605705465961, 20.850198353774683 ], [ 260.285657858691479, 20.705111602196574 ], [ 260.480173768820976, 20.563345048494643 ], [ 260.677096042834762, 20.424940521692626 ], [ 260.876366577701731, 20.289938858829196 ], [ 261.077926577523101, 20.158379892908783 ], [ 261.281716570880633, 20.030302441148589 ], [ 261.487676428383793, 19.90574429352538 ], [ 261.695745380411381, 19.78474220162532 ], [ 261.905862035041878, 19.667331867800208 ], [ 262.117964396167736, 19.553547934633258 ], [ 262.527281686904757, 19.234201338830111 ], [ 262.941950129516613, 18.921834606527781 ], [ 263.361850713774629, 18.616537387268934 ], [ 263.78686292782055, 18.318397301639436 ], [ 264.216864792753711, 18.02749991612113 ], [ 264.651732897638965, 17.7439287185342 ], [ 265.091342434925764, 17.467765094076075 ], [ 265.535567236268093, 17.199088301963808 ], [ 265.984279808734811, 16.937975452686612 ], [ 266.437351371400382, 16.684501485875057 ], [ 266.894651892304864, 16.438739148793367 ], [ 267.356050125773493, 16.200758975460829 ], [ 267.821413650084196, 15.970629266408523 ], [ 268.290608905472709, 15.748416069076963 ], [ 268.763501232464307, 15.534183158860451 ], [ 269.239954910521419, 15.327992020803453 ], [ 269.719833196995296, 15.129901831954353 ], [ 270.202998366371446, 14.939969444381575 ], [ 270.6893117497969, 14.758249368856994 ], [ 271.178633774878335, 14.584793759211294 ], [ 271.354513583817209, 14.536932366425036 ], [ 271.529532577110103, 14.486013096020423 ], [ 271.703637594310351, 14.432051414268342 ], [ 271.876775752583171, 14.375063711544803 ], [ 272.048894462768544, 14.315067297352508 ], [ 272.219941445354664, 14.25208039506323 ], [ 272.389864746357318, 14.186122136382636 ], [ 272.558612753100476, 14.117212555539201 ], [ 272.726134209893189, 14.04537258319899 ], [ 272.892378233598151, 13.970624040108156 ], [ 273.057294329086687, 13.892989630465092 ], [ 273.22083240457647, 13.812492935024215 ], [ 273.382942786846456, 13.729158403933553 ], [ 273.543576236324384, 13.643011349308203 ], [ 273.702683962043295, 13.554077937542026 ], [ 273.860217636460902, 13.462385181359824 ], [ 274.016129410139058, 13.367960931612478 ], [ 274.170371926277198, 13.270833868817496 ], [ 274.322898335096852, 13.171033494447567 ], [ 274.473662308071766, 13.068590121969756 ], [ 274.622618051999666, 12.96353486763805 ], [ 274.76972032291161, 12.855899641042086 ], [ 274.914924439814399, 12.7457171354149 ], [ 275.058186298262171, 12.633020817702645 ], [ 275.199462383752518, 12.517844918399309 ], [ 275.338709784943774, 12.40022442114951 ], [ 275.47588620668887, 12.280195052122533 ], [ 275.610949982882232, 12.157793269160816 ], [ 275.74386008911523, 12.033056250706224 ], [ 275.87457615513722, 11.90602188450741 ], [ 276.003058477117634, 11.776728756111776 ], [ 276.129268029705486, 11.645216137145441 ], [ 276.253166477883099, 11.511523973384845 ], [ 276.374716188610023, 11.375692872623576 ], [ 276.493880242253624, 11.237764092338121 ], [ 276.610622443803265, 11.097779527156277 ], [ 276.72490733386411, 10.955781696132028 ], [ 276.836700199427526, 10.811813729830774 ], [ 276.945967084415145, 10.665919357228805 ], [ 277.052674799992189, 10.518142892431012 ], [ 277.156790934648825, 10.368529221210888 ], [ 277.258283864044643, 10.217123787376863 ], [ 277.357122760614118, 10.063972578969173 ], [ 277.453277602930484, 9.909122114291382 ], [ 277.546719184824212, 9.752619427780893 ], [ 277.63741912425445, 9.594512055722639 ], [ 277.725349871929325, 9.434848021810367 ], [ 277.810484719674378, 9.273675822559889 ], [ 277.892797808544458, 9.111044412578675 ], [ 277.972264136678348, 8.947003189696355 ], [ 278.048859566892816, 8.781601979960552 ], [ 278.122560834014166, 8.614891022502684 ], [ 278.193345551944617, 8.446920954278269 ], [ 279.156447793229518, 8.284040772818074 ], [ 280.116712146420355, 8.105188172413776 ], [ 281.073873738268958, 7.910412486635899 ], [ 282.027668551373154, 7.699767441178217 ], [ 282.977833497001825, 7.47331113903833 ], [ 283.924106487663437, 7.231106044490915 ], [ 284.866226509398757, 6.973218965858003 ], [ 285.803933693777253, 6.699721037080941 ], [ 286.736969389577553, 6.410687698099302 ], [ 287.66507623413213, 6.106198674041998 ], [ 288.587998224316607, 5.786337953236384 ], [ 289.505480787164117, 5.451193764041477 ], [ 290.41727085008506, 5.100858550511568 ], [ 291.323116910672923, 4.735428946897088 ], [ 292.222769106077294, 4.355005750989577 ], [ 292.656904748431657, 3.968080027341589 ], [ 293.084466088602937, 3.573901676878286 ], [ 293.505331980564279, 3.172582386827887 ], [ 293.919383175389839, 2.764235867745722 ], [ 294.326502355042635, 2.348977821295289 ], [ 294.726574165615773, 1.92692590746514 ], [ 295.119485250017135, 1.498199711230846 ], [ 295.505124280088069, 1.062920708671612 ], [ 295.883381988147221, 0.621212232550974 ], [ 296.254151197950932, 0.173199437371498 ], [ 296.617326855060469, -0.280990736086743 ], [ 296.97280605660859, -0.741229596733803 ], [ 297.320488080456016, -1.207386739633453 ], [ 297.660274413730292, -1.679330082952326 ], [ 297.992068780738748, -2.156925905384259 ], [ 298.315777170247316, -2.640038884039122 ], [ 298.631307862117751, -3.12853213278547 ], [ 298.938571453295935, -3.622267241036088 ], [ 299.237480883143576, -4.121104312965542 ], [ 299.892000105329998, -5.489570619272484 ], [ 300.570203709545126, -6.846455034003021 ], [ 301.271886831337838, -8.1913476841057 ],
  [ 301.996837513816956, -9.523842318872397 ], [ 302.744836771676773, -10.843536432654091 ] ]
}},


{ "type": "Feature",
    "properties": { "id": 66, "mag": 10, "place": "First Homo Sapiens 200000 ago(AFR-EAS to AMR) ", "time": -16206, "title": "*74.001", "timefinal": -68950,
        "name": "200000 years ago, First Homo Sapiens ",
        "times": [
-36934, -36885, -36836, -36787, -36738, -36689, -36640, -36591, -36542, -36493,
  -36444, -36395, -36346, -36297, -36248, -36199, -36150, -36101, -36052, -36003,
  -35954, -35905, -35856, -35807, -35758, -35709, -35660, -35611, -35562, -35513,
  -35464, -35415, -35366, -35317, -35268, -35219, -35170, -35121, -35072, -35023,
  -34974, -34925, -34876, -34827, -34778, -34729, -34680, -34631, -34582, -34533,
  -34484, -34435, -34386, -34337, -34288, -34239, -34190, -34141, -34092, -34043,
  -33994, -33945, -33896, -33847, -33798, -33749, -33700, -33651, -33602, -33553,
  -33504, -33455, -33406, -33357, -33308, -33259, -33210, -33161, -33112, -33063,
  -33014, -32965, -32916, -32867, -32818, -32769, -32720, -32671, -32622, -32573,
  -32524, -32475, -32426, -32377, -32328, -32279, -32230, -32181, -32132, -32083,
  -32034, -31985, -31936, -31887, -31838, -31789, -31740, -31691, -31642, -31593,
  -31544, -31495, -31446, -31397, -31348, -31299, -31250, -31201, -31152, -31103,
  -31054, -31005, -30956, -30907, -30858, -30809, -30760, -30711, -30662, -30613,
  -30564, -30515, -30466, -30417, -30368, -30319, -30270, -30221, -30172, -30123,
  -30074, -30025, -29976, -29927, -29878, -29829, -29780, -29731, -29682, -29633,
  -29584, -29535, -29486, -29437, -29388, -29339, -29290, -29241, -29192, -29143,
  -29094, -29045, -28996, -28947, -28898, -28849, -28800, -28751, -28702, -28653,
  -28604, -28555, -28506, -28457, -28408, -28359, -28310, -28261, -28212, -28163,
  -28114, -28065, -28016, -27967, -27918, -27869, -27820, -27771, -27722, -27673,
  -27624, -27575, -27526, -27477, -27428, -27379, -27330, -27281, -27232, -27183,
  -27134, -27085, -27036, -26987, -26938, -26889, -26840, -26791, -26742, -26693,
  -26644, -26595, -26546, -26497, -26448, -26399, -26350, -26301, -26252, -26203,
  -26154, -26105, -26056, -26007, -25958, -25909, -25860, -25811, -25762, -25713,
  -25664, -25615, -25566, -25517, -25468, -25419, -25370, -25321, -25272, -25223,
  -25174, -25125, -25076, -25027, -24978, -24929, -24880, -24831, -24782, -24733,
  -24684, -24635, -24586, -24537, -24488, -24439, -24390, -24341, -24292, -24243,
  -24194, -24145, -24096, -24047, -23998, -23949, -23900, -23851, -23802, -23753,
  -23704, -23655, -23606, -23557, -23508, -23459, -23410, -23361, -23312, -23263,
  -23214, -23165, -23116, -23067, -23018, -22969, -22920, -22871, -22822, -22773,
  -22724, -22675, -22626, -22577, -22528, -22479, -22430, -22381, -22332, -22283,
  -22234, -22185, -22136, -22087, -22038, -21989, -21940, -21891, -21842, -21793,
  -21744, -21695, -21646, -21597, -21548, -21499, -21450, -21401, -21352, -21303,
  -21254, -21205, -21156, -21107, -21058, -21009, -20960, -20911, -20862, -20813,
  -20764, -20715, -20666, -20617, -20568, -20519, -20470, -20421, -20372, -20323,
  -20274, -20225, -20176, -20127, -20078, -20029, -19980, -19931, -19882, -19833,
  -19784, -19735, -19686, -19637, -19588, -19539, -19490, -19441, -19392, -19343,
  -19294, -19245, -19196, -19147, -19098, -19049, -19000, -18951, -18902, -18853,
  -18804, -18755, -18706, -18657, -18608, -18559, -18510, -18461, -18412, -18363,
  -18314, -18265, -18216, -18167, -18118, -18069, -18020, -17971, -17922, -17873
]},
    "geometry": {
        "type": "Point",
        "coordinates": [35.355229928401366, 3.311887121478531]
}},
{ "type": "Feature",
    "properties": { "id": 66, "mag": 10, "place": "First Homo Sapiens 200000 ago(AFR-EAS to AMR) ", "time": -16206, "title": "*74.001", "timefinal": -68950,
        "name": "200000 years ago, First Homo Sapiens ",
        "times": [

  -17824, -17775, -17726, -17677, -17628, -17579, -17530, -17481, -17432, -17383,
  -17334, -17285, -17236, -17187, -17138, -17089, -17040, -16991, -16942, -16893,
  -16844, -16795, -16746, -16697, -16648, -16599, -16550, -16501, -16452, -16403,
  -16354, -16305, -16256, -16207, -16158, -16109, -16060, -16011, -15962, -15913,
  -15864, -15815, -15766, -15717, -15668, -15619, -15570, -15521, -15472, -15423,
  -15374, -15325, -15276, -15227, -15178, -15129, -15080, -15047
]},
    "geometry": {
        "type": "Point",
        "coordinates": [ 302.499836771676773, -10.413536432654091 ]
}},
{ "type": "Feature",
    "properties": { "id": 66, "mag": 10, "place": "First Homo Sapiens 200000 ago ", "time": -16206, "title": "*35.002", "timefinal": -68950,
        "name": "200000 years ago, First Homo Sapiens ",
        "times": [
-37665, -15345
]},
    "geometry": {
        "type": "Point",
        "coordinates": [41.741258944502063, 7.741258940835992]
}},
{ "type": "Feature", "properties": { "id": 3.3, "mag": "#0000FF", "place": "(AFR-EAS to SA)", "time": null, "title": "15000 years ago, South America", "timefinal": null, "name": "15000 years ago, South America",
"times": [
   -37710, -37089, -36468, -35847, -35227, -34606, -33985, -33364, -32744, -32123,
  -31502, -30881, -30261, -29640, -29019, -28398, -27778, -27157, -26536, -25915,
  -25295, -24674, -24053, -23432, -22812, -22191, -21570, -20949, -20329, -19708,
  -19087, -18466, -17846, -17225, -16604, -15983, -15363
]},
 "geometry":
 { "type": "LineString", "coordinates":[ [ 33.628342241101493, -3.682684826898907 ], [ 33.001616517680773, -1.888990126760813 ], [ 32.711664189919979, -0.984265365183106 ], [ 31.499350047426404, 3.607218012077364 ], [ 31.304886667046233, 4.53715523591393 ], [ 31.126570678084505, 5.470323310092608 ], [ 30.964455653742782, 6.406441873880565 ], [ 30.346713100740253, 18.715671019568507 ], [ 31.488043892683152, 25.514795857792183 ], [ 31.622787347469977, 25.793955329161321 ], [ 31.762328233745752, 26.070747941274355 ], [ 33.226761961009913, 28.442022455209706 ], [ 33.411762082204383, 28.690740697847875 ], [ 33.601026822026888, 28.936229327570118 ], [ 33.794499811493829, 29.178415230152638 ], [ 33.992123428272691, 29.41722627502751 ], [ 34.19383881384379, 29.652591336765418 ], [ 34.399585891030185, 29.884440316259052 ], [ 34.609303381890555, 30.112704161600831 ], [ 35.947408825595325, 31.403269571888135 ], [ 36.183106485788436, 31.60459622696013 ], [ 36.422243371208801, 31.801825431426494 ], [ 36.664748259381554, 31.994898444235915 ], [ 36.91054892473484, 32.183757762181486 ], [ 37.159572160110848, 32.368347137026973 ], [ 37.411743798569219, 32.548611592259299 ], [ 37.666988735476266, 32.724497439462269 ], [ 38.986621437119638, 33.536460609212909 ], [ 39.258679308798783, 33.685021450353503 ], [ 46.658337432779412, 35.776513964732189 ], [ 55.323922578055765, 35.347684865686645 ], [ 67.494994292681071, 30.885803857524568 ], [ 68.000218020805676, 30.57569697582964 ], [ 68.499996795800314, 30.256889087596708 ], [ 68.994180783810805, 29.929475771543849 ], [ 69.839222383850085, 29.046392014770497 ], [ 77.090606171137111, 22.496755045608019 ] ]

}},

{ "type": "Feature",
    "properties": { "id": 66, "mag": 10, "place": "First Homo Sapiens 200000 ago(AFR-EAS to SA)", "time": -16206, "title": "*1.038", "timefinal": -68950,
        "name": "200000 years ago, First Homo Sapiens ",
        "times": [
  -37710, -37089, -36468, -35847, -35227, -34606, -33985, -33364, -32744, -32123,
  -31502, -30881, -30261, -29640, -29019, -28398, -27778, -27157, -26536, -25915,
  -25295, -24674, -24053, -23432, -22812, -22191, -21570, -20949, -20329
]},
    "geometry": {
        "type": "Point",
        "coordinates": [33.396242241101493, -3.396284826898907]
}},
{ "type": "Feature",
    "properties": { "id": 66, "mag": 10, "place": "First Homo Sapiens 200000 ago(AFR-EAS to SA)", "time": -16206, "title": "*1.038", "timefinal": -68950,
        "name": "200000 years ago, First Homo Sapiens ",
        "times": [
  -19708,  -19087, -18466, -17846, -17225, -16604, -15983, -15363
]},
    "geometry": {
        "type": "Point",
        "coordinates": [ 77.396206171137111, 22.396255045608019 ]
}},
{ "type": "Feature",
    "properties": { "id": 66, "mag": 10, "place": "First Homo Sapiens 200000 ago ", "time": -16206, "title": "*179.001", "timefinal": -68950,
        "name": "200000 years ago, First Homo Sapiens ",
        "times": [
-37755, -15382
]},
    "geometry": {
        "type": "Point",
        "coordinates": [41.796589604502063, 7.796589620835992]
}},
{ "type": "Feature", "properties": { "id": 3.3, "mag": "#0000FF", "place": "(AFR-EAS to EUR)", "time": null, "title": "15000 years ago, South America", "timefinal": null, "name": "15000 years ago, South America",
  "times": [
      -40500, -40379, -40258, -40137, -40016, -39894, -39773, -39652, -39531, -39409,
      -39288, -39167, -39046, -38925, -38803, -38682, -38561, -38440, -38319, -38197,
      -38076, -37955, -37834, -37713, -37591, -37470, -37349, -37228, -37106, -36985,
      -36864, -36743, -36622, -36500, -36379, -36258, -36137, -36016, -35894, -35773,
      -35652, -35531, -35409, -35288, -35167, -35046, -34925, -34803, -34682, -34561,
      -34440, -34319, -34197, -34076, -33955, -33834, -33713, -33591, -33470, -33349,
      -33228, -33106, -32985, -32864, -32743, -32622, -32500, -32379, -32258, -32137,
      -32016, -31894, -31773, -31652, -31531, -31409, -31288, -31167, -31046, -30925,
      -30803, -30682, -30561, -30440, -30319, -30197, -30076, -29955, -29834, -29713,
      -29591, -29470, -29349, -29228, -29106, -28985, -28864, -28743, -28622, -28500,
      -28379, -28258, -28137, -28016, -27894, -27773, -27652, -27531, -27409, -27288,
      -27167, -27046, -26925, -26803, -26682, -26561, -26440, -26319, -26197, -26076,
      -25955, -25834, -25713, -25591, -25470, -25349, -25228, -25106, -24985, -24864,
      -24743, -24622, -24500, -24379, -24258, -24137, -24016, -23894, -23773, -23652,
      -23531, -23409, -23288, -23167, -23046, -22925, -22803, -22682, -22561, -22440,
      -22319, -22197, -22076, -21955, -21834, -21713, -21591, -21470, -21349, -21228,
      -21106, -20985, -20864, -20743, -20622, -20500, -20379, -20258, -20137, -20016,
      -19894, -19773, -19652, -19531, -19409, -19288, -19167, -19046, -18925, -18803,
      -18682, -18561, -18440, -18319, -18197, -18076, -17955, -17834, -17713, -17591,
      -17470, -17349, -17228, -17106, -16985, -16864, -16743, -16622, -16500
]},
 "geometry":
 { "type": "LineString", "coordinates": [ [ 39.025585150166158, 10.940748900920234 ], [ 38.482587258028062, 11.46889733883221 ], [ 37.957422737560073, 12.014781676193991 ], [ 37.450670574018815, 12.577800084491207 ], [ 36.962889453339855, 13.157331845177762 ], [ 36.494617146195665, 13.752738034007823 ], [ 36.267958985628624, 14.056189569978946 ], [ 35.829911013433076, 14.674171331352737 ], [ 35.412620944890165, 15.306355230254574 ], [ 35.016548835445377, 15.952044294321203 ], [ 34.826606899680414, 16.279731366804576 ], [ 34.600373212923117, 16.63974342907014 ], [ 34.386776165772943, 17.00739362619953 ], [ 34.090633527035472, 17.572218163236457 ], [ 33.909720936223238, 17.957005117908988 ], [ 33.663671177872601, 18.545381474107092 ], [ 33.516805906295687, 18.944406483354879 ], [ 33.383884012046074, 19.34829029836812 ], [ 33.265065793475323, 19.756545851834613 ], [ 33.160494540480698, 20.168680804304906 ], [ 33.030621848242681, 20.793068747756902 ], [ 32.933436863498088, 21.423372086521312 ], [ 32.869203255603765, 22.05788076552755 ], [ 32.838095294629561, 22.694873320336001 ], [ 32.835805176160086, 23.120061656674089 ], [ 32.848279693961487, 23.54507312993826 ], [ 32.894637390774335, 24.181137736769649 ], [ 32.974051729999275, 24.81392568137893 ], [ 33.028004478747619, 25.223432293101428 ], [ 33.142494141886189, 26.017553020221339 ], [ 33.310647420715711, 26.802065663220748 ], [ 33.53168795896427, 27.57334816182799 ], [ 33.661731450355198, 27.952912463711897 ], [ 33.804595222215795, 28.327839538764536 ], [ 33.960114328001957, 28.697696506595658 ], [ 34.128109209672466, 29.062056340620039 ], [ 34.308385905001657, 29.420498361090502 ], [ 34.500736271522847, 29.772608720803085 ], [ 34.704938226843858, 30.117980882913521 ], [ 34.811410400633939, 30.288015211722978 ], [ 35.032943475985959, 30.622534965164885 ], [ 35.386229197690682, 31.109722264076574 ], [ 35.525798644832143, 31.311892203370952 ], [ 35.695268180566153, 31.592167867048008 ], [ 35.845005448963818, 31.883463458577168 ], [ 35.974297456109142, 32.184391935261999 ], [ 36.082528560916472, 32.493520386142372 ], [ 36.169183406587351, 32.809376854990603 ], [ 36.257836172272292, 33.292479608053881 ], [ 36.283300978086061, 33.536823338471777 ], [ 36.297527995571755, 33.864041863566214 ], [ 36.283532815027257, 34.273166432895508 ], [ 36.220301523228883, 34.760248958365686 ], [ 36.169873337811048, 35.000684631769474 ], [ 36.0834174035339, 35.316595604386414 ], [ 36.004386857217924, 35.549203617315172 ], [ 35.88049712537719, 35.852396139544773 ], [ 35.65993187332208, 36.405066672654883 ], [ 35.529321658030696, 36.787913374981898 ], [ 35.3792004266272, 37.163538509528344 ], [ 35.268474156088544, 37.409451755158365 ], [ 35.086742015352165, 37.770843585232747 ], [ 34.886669556811725, 38.122413830211919 ], [ 34.668786006093768, 38.463232527098796 ], [ 34.513917972619851, 38.684025469856515 ], [ 34.181936572933395, 39.109040007641582 ], [ 34.005213542164398, 39.312761881183704 ], [ 33.821609894693829, 39.510305122017691 ], [ 33.533777647055615, 39.794529017988218 ], [ 33.127998985948992, 40.149765115896287 ], [ 32.916214774195744, 40.316741398690425 ], [ 32.698830363311039, 40.476358594718924 ], [ 32.250097993901726, 40.702663887279421 ], [ 31.733819012458632, 40.904307033752616 ], [ 31.384077608618487, 41.023610635343424 ], [ 31.030387679386198, 41.130642559890603 ], [ 30.673179667065305, 41.225272549039758 ], [ 30.131723241791754, 41.343716142068345 ], [ 29.767630001203038, 41.406870801993172 ], [ 29.033945131253883, 41.494904445266158 ], [ 28.665246399822923, 41.519676291257369 ], [ 28.295907973338768, 41.531572745973968 ], [ 27.742569947579792, 41.629608649654429 ], [ 27.37567558458268, 41.732689239745156 ], [ 27.010559164017121, 41.841900416306451 ], [ 26.647323116545934, 41.957211540965005 ], [ 26.286069345307425, 42.078590264052949 ], [ 25.926899197327216, 42.20600253368341 ], [ 25.569913435086129, 42.339412605303423 ], [ 25.215212208251994, 42.478783051721848 ], [ 24.862895025583452, 42.624074773609259 ], [ 24.513060727013489, 42.775247010466991 ], [ 24.165807455920657, 42.93225735206218 ], [ 23.821232631595674, 43.095061750325613 ], [ 23.479432921911197, 43.263614531709131 ], [ 23.140504216202356, 43.437868409998941 ], [ 22.804541598365731, 43.617774499581472 ], [ 22.471639320184288, 43.803282329157796 ], [ 22.141890774885738, 43.994339855903021 ], [ 21.815388470941777, 44.190893480066492 ], [ 21.407289774069312, 44.412769663424442 ], [ 21.002903674261155, 44.641342342046343 ], [ 20.602340044611474, 44.876549411949256 ], [ 20.205707719636184, 45.118326966563302 ], [ 19.81311446570222, 45.366609314095271 ], [ 19.424666951747007, 45.621328995377382 ], [ 19.040470720296156, 45.882416802196104 ], [ 18.660630158787214, 46.14980179609632 ], [ 18.285248471207204, 46.423411327655501 ], [ 17.914427650051788, 46.703171056222828 ], [ 17.548268448613513, 46.989004970117819 ], [ 17.350408188284831, 47.210744925808378 ], [ 17.24864299736231, 47.319026070991839 ], [ 17.039593452666274, 47.530250071591603 ], [ 16.600297194870645, 47.930478948221911 ], [ 16.370571796317527, 48.119008871116385 ], [ 16.014150998499915, 48.386690683988768 ], [ 15.769059881464131, 48.554761011284036 ], [ 15.390934379078299, 48.790791607828325 ], [ 15.132294415892389, 48.937156426040133 ], [ 15.001122078144652, 49.006976038582266 ], [ 14.735267271618948, 49.139786100001444 ], [ 14.464995772868805, 49.263360399636667 ], [ 13.91249048826473, 49.48222626332165 ], [ 13.416681951584597, 49.749954041941905 ], [ 12.902807676761682, 50.034683682066607 ], [ 12.655253043302702, 50.179196415899547 ], [ 12.153256215274405, 50.456047188573521 ], [ 11.642519709396684, 50.716422662158244 ], [ 11.123584053892909, 50.960047273245713 ], [ 10.59699845439982, 51.186663186383242 ], [ 10.063320212726232, 51.396030566948646 ] ]
 }},

{ "type": "Feature",
    "properties": { "id": 66, "mag": 10, "place": "First Homo Sapiens 200000 ago(AFR-EAS to EUR) ", "time": -16206, "title": "*33.001", "timefinal": -68950,
        "name": "200000 years ago, First Homo Sapiens ",
        "times": [
      -40500, -40379, -40258, -40137, -40016, -39894, -39773, -39652, -39531, -39409,
      -39288, -39167, -39046, -38925, -38803, -38682, -38561, -38440, -38319, -38197,
      -38076, -37955, -37834, -37713, -37591, -37470, -37349, -37228, -37106, -36985,
      -36864, -36743, -36622, -36500, -36379, -36258, -36137, -36016, -35894, -35773,
      -35652, -35531, -35409, -35288, -35167, -35046, -34925, -34803, -34682, -34561,
      -34440, -34319, -34197, -34076, -33955, -33834, -33713, -33591, -33470, -33349,
      -33228, -33106, -32985, -32864, -32743, -32622, -32500, -32379, -32258, -32137,
      -32016, -31894, -31773, -31652, -31531, -31409, -31288, -31167, -31046, -30925,
      -30803, -30682, -30561, -30440, -30319, -30197, -30076, -29955, -29834, -29713,
      -29591, -29470, -29349, -29228, -29106, -28985, -28864, -28743, -28622, -28500,
      -28379, -28258, -28137, -28016, -27894, -27773, -27652, -27531, -27409, -27288,
      -27167, -27046, -26925, -26803, -26682, -26561, -26440, -26319, -26197, -26076,
      -25955, -25834, -25713, -25591, -25470, -25349, -25228, -25106, -24985, -24864,
      -24743, -24622, -24500, -24379, -24258, -24137, -24016, -23894, -23773, -23652
]},
    "geometry": {
        "type": "Point",
        "coordinates": [39.222155150166158, 10.222158900920234]
}},
{ "type": "Feature",
    "properties": { "id": 66, "mag": 10, "place": "First Homo Sapiens 200000 ago(AFR-EAS to EUR) ", "time": -16206, "title": "*33.001", "timefinal": -68950,
        "name": "200000 years ago, First Homo Sapiens ",
        "times": [
      -23531, -23409, -23288, -23167, -23046, -22925, -22803, -22682, -22561, -22440,
      -22319, -22197, -22076, -21955, -21834, -21713, -21591, -21470, -21349, -21228,
      -21106, -20985, -20864, -20743, -20622, -20500, -20379, -20258, -20137, -20016,
      -19894, -19773, -19652, -19531, -19409, -19288, -19167, -19046, -18925, -18803,
      -18682, -18561, -18440, -18319, -18197, -18076, -17955, -17834, -17713, -17591,
      -17470, -17349, -17228, -17106, -16985, -16864, -16743, -16622, -16500
]},
    "geometry": {
        "type": "Point",
        "coordinates": [ 10.222150212726232, 51.222150566948646 ]
}},
{ "type": "Feature",
    "properties": { "id": 66, "mag": 10, "place": "First Homo Sapiens 200000 ago ", "time": -16206, "title": "*145.001", "timefinal": -68950,
        "name": "200000 years ago, First Homo Sapiens ",
        "times": [
-40758, -16605
]},
    "geometry": {
        "type": "Point",
        "coordinates": [41.658732194502063, 7.658732190835992]
}},
{ "type": "Feature",
    "properties": { "id": 66, "mag": 10, "place": "First Homo Sapiens 200000 ago ", "time": -16206, "title": "*1.066", "timefinal": -68950,
        "name": "200000 years ago, First Homo Sapiens ",
        "times": [
-42851, -17459
]},
    "geometry": {
        "type": "Point",
        "coordinates": [41.365872404502063, 7.3658725220835992]
}},
{ "type": "Feature",
    "properties": { "id": 66, "mag": 10, "place": "First Homo Sapiens 200000 ago ", "time": -16206, "title": "*178.001", "timefinal": -68950,
        "name": "200000 years ago, First Homo Sapiens ",
        "times": [
-42875, -17468
]},
    "geometry": {
        "type": "Point",
        "coordinates": [41.635874104502063, 7.635874120835992]
}},
{ "type": "Feature", "properties": { "id": 3.3, "mag": "#0000FF", "place": "(AFR-EAS to EUR)", "time": null, "title": "15000 years ago, South America", "timefinal": null, "name": "15000 years ago, South America",
  "times": [
      -45000, -44949, -44899, -44848, -44798, -44747, -44697, -44646, -44596, -44545,
      -44495, -44444, -44394, -44343, -44293, -44242, -44192, -44141, -44091, -44040,
      -43990, -43939, -43889, -43838, -43788, -43737, -43687, -43636, -43586, -43535,
      -43485, -43434, -43384, -43333, -43283, -43232, -43182, -43131, -43081, -43030,
      -42980, -42929, -42879, -42828, -42778, -42727, -42677, -42626, -42576, -42525,
      -42475, -42424, -42374, -42323, -42273, -42222, -42172, -42121, -42071, -42020,
      -41970, -41919, -41869, -41818, -41768, -41717, -41667, -41616, -41566, -41515,
      -41465, -41414, -41364, -41313, -41263, -41212, -41162, -41111, -41061, -41010,
      -40960, -40909, -40859, -40808, -40758, -40707, -40657, -40606, -40556, -40505,
      -40455, -40404, -40354, -40303, -40253, -40202, -40152, -40101, -40051, -40000,
      -39949, -39899, -39848, -39798, -39747, -39697, -39646, -39596, -39545, -39495,
      -39444, -39394, -39343, -39293, -39242, -39192, -39141, -39091, -39040, -38990,
      -38939, -38889, -38838, -38788, -38737, -38687, -38636, -38586, -38535, -38485,
      -38434, -38384, -38333, -38283, -38232, -38182, -38131, -38081, -38030, -37980,
      -37929, -37879, -37828, -37778, -37727, -37677, -37626, -37576, -37525, -37475,
      -37424, -37374, -37323, -37273, -37222, -37172, -37121, -37071, -37020, -36970,
      -36919, -36869, -36818, -36768, -36717, -36667, -36616, -36566, -36515, -36465,
      -36414, -36364, -36313, -36263, -36212, -36162, -36111, -36061, -36010, -35960,
      -35909, -35859, -35808, -35758, -35707, -35657, -35606, -35556, -35505, -35455,
      -35404, -35354, -35303, -35253, -35202, -35152, -35101, -35051, -35000
]},
 "geometry":
 { "type": "LineString", "coordinates": [ [ 39.025585150166158, 10.940748900920234 ], [ 38.482587258028062, 11.46889733883221 ], [ 37.957422737560073, 12.014781676193991 ], [ 37.450670574018815, 12.577800084491207 ], [ 36.962889453339855, 13.157331845177762 ], [ 36.494617146195665, 13.752738034007823 ], [ 36.267958985628624, 14.056189569978946 ], [ 35.829911013433076, 14.674171331352737 ], [ 35.412620944890165, 15.306355230254574 ], [ 35.016548835445377, 15.952044294321203 ], [ 34.826606899680414, 16.279731366804576 ], [ 34.600373212923117, 16.63974342907014 ], [ 34.386776165772943, 17.00739362619953 ], [ 34.090633527035472, 17.572218163236457 ], [ 33.909720936223238, 17.957005117908988 ], [ 33.663671177872601, 18.545381474107092 ], [ 33.516805906295687, 18.944406483354879 ], [ 33.383884012046074, 19.34829029836812 ], [ 33.265065793475323, 19.756545851834613 ], [ 33.160494540480698, 20.168680804304906 ], [ 33.030621848242681, 20.793068747756902 ], [ 32.933436863498088, 21.423372086521312 ], [ 32.869203255603765, 22.05788076552755 ], [ 32.838095294629561, 22.694873320336001 ], [ 32.835805176160086, 23.120061656674089 ], [ 32.848279693961487, 23.54507312993826 ], [ 32.894637390774335, 24.181137736769649 ], [ 32.974051729999275, 24.81392568137893 ], [ 33.028004478747619, 25.223432293101428 ], [ 33.142494141886189, 26.017553020221339 ], [ 33.310647420715711, 26.802065663220748 ], [ 33.53168795896427, 27.57334816182799 ], [ 33.661731450355198, 27.952912463711897 ], [ 33.804595222215795, 28.327839538764536 ], [ 33.960114328001957, 28.697696506595658 ], [ 34.128109209672466, 29.062056340620039 ], [ 34.308385905001657, 29.420498361090502 ], [ 34.500736271522847, 29.772608720803085 ], [ 34.704938226843858, 30.117980882913521 ], [ 34.811410400633939, 30.288015211722978 ], [ 35.032943475985959, 30.622534965164885 ], [ 35.386229197690682, 31.109722264076574 ], [ 35.525798644832143, 31.311892203370952 ], [ 35.695268180566153, 31.592167867048008 ], [ 35.845005448963818, 31.883463458577168 ], [ 35.974297456109142, 32.184391935261999 ], [ 36.082528560916472, 32.493520386142372 ], [ 36.169183406587351, 32.809376854990603 ], [ 36.257836172272292, 33.292479608053881 ], [ 36.283300978086061, 33.536823338471777 ], [ 36.297527995571755, 33.864041863566214 ], [ 36.283532815027257, 34.273166432895508 ], [ 36.220301523228883, 34.760248958365686 ], [ 36.169873337811048, 35.000684631769474 ], [ 36.0834174035339, 35.316595604386414 ], [ 36.004386857217924, 35.549203617315172 ], [ 35.88049712537719, 35.852396139544773 ], [ 35.65993187332208, 36.405066672654883 ], [ 35.529321658030696, 36.787913374981898 ], [ 35.3792004266272, 37.163538509528344 ], [ 35.268474156088544, 37.409451755158365 ], [ 35.086742015352165, 37.770843585232747 ], [ 34.886669556811725, 38.122413830211919 ], [ 34.668786006093768, 38.463232527098796 ], [ 34.513917972619851, 38.684025469856515 ], [ 34.181936572933395, 39.109040007641582 ], [ 34.005213542164398, 39.312761881183704 ], [ 33.821609894693829, 39.510305122017691 ], [ 33.533777647055615, 39.794529017988218 ], [ 33.127998985948992, 40.149765115896287 ], [ 32.916214774195744, 40.316741398690425 ], [ 32.698830363311039, 40.476358594718924 ], [ 32.250097993901726, 40.702663887279421 ], [ 31.733819012458632, 40.904307033752616 ], [ 31.384077608618487, 41.023610635343424 ], [ 31.030387679386198, 41.130642559890603 ], [ 30.673179667065305, 41.225272549039758 ], [ 30.131723241791754, 41.343716142068345 ], [ 29.767630001203038, 41.406870801993172 ], [ 29.033945131253883, 41.494904445266158 ], [ 28.665246399822923, 41.519676291257369 ], [ 28.295907973338768, 41.531572745973968 ], [ 27.742569947579792, 41.629608649654429 ], [ 27.37567558458268, 41.732689239745156 ], [ 27.010559164017121, 41.841900416306451 ], [ 26.647323116545934, 41.957211540965005 ], [ 26.286069345307425, 42.078590264052949 ], [ 25.926899197327216, 42.20600253368341 ], [ 25.569913435086129, 42.339412605303423 ], [ 25.215212208251994, 42.478783051721848 ], [ 24.862895025583452, 42.624074773609259 ], [ 24.513060727013489, 42.775247010466991 ], [ 24.165807455920657, 42.93225735206218 ], [ 23.821232631595674, 43.095061750325613 ], [ 23.479432921911197, 43.263614531709131 ], [ 23.140504216202356, 43.437868409998941 ], [ 22.804541598365731, 43.617774499581472 ], [ 22.471639320184288, 43.803282329157796 ], [ 22.141890774885738, 43.994339855903021 ], [ 21.815388470941777, 44.190893480066492 ], [ 21.407289774069312, 44.412769663424442 ], [ 21.002903674261155, 44.641342342046343 ], [ 20.602340044611474, 44.876549411949256 ], [ 20.205707719636184, 45.118326966563302 ], [ 19.81311446570222, 45.366609314095271 ], [ 19.424666951747007, 45.621328995377382 ], [ 19.040470720296156, 45.882416802196104 ], [ 18.660630158787214, 46.14980179609632 ], [ 18.285248471207204, 46.423411327655501 ], [ 17.914427650051788, 46.703171056222828 ], [ 17.548268448613513, 46.989004970117819 ], [ 17.350408188284831, 47.210744925808378 ], [ 17.24864299736231, 47.319026070991839 ], [ 17.039593452666274, 47.530250071591603 ], [ 16.600297194870645, 47.930478948221911 ], [ 16.370571796317527, 48.119008871116385 ], [ 16.014150998499915, 48.386690683988768 ], [ 15.769059881464131, 48.554761011284036 ], [ 15.390934379078299, 48.790791607828325 ], [ 15.132294415892389, 48.937156426040133 ], [ 15.001122078144652, 49.006976038582266 ], [ 14.735267271618948, 49.139786100001444 ], [ 14.464995772868805, 49.263360399636667 ], [ 13.91249048826473, 49.48222626332165 ], [ 13.416681951584597, 49.749954041941905 ], [ 12.902807676761682, 50.034683682066607 ], [ 12.655253043302702, 50.179196415899547 ], [ 12.153256215274405, 50.456047188573521 ], [ 11.642519709396684, 50.716422662158244 ], [ 11.123584053892909, 50.960047273245713 ], [ 10.59699845439982, 51.186663186383242 ], [ 10.063320212726232, 51.396030566948646 ] ]
 }},

{ "type": "Feature",
    "properties": { "id": 66, "mag": 10, "place": "First Homo Sapiens 200000 ago(AFR-EAS to EUR) ", "time": -16206, "title": "*21.002", "timefinal": -68950,
        "name": "200000 years ago, First Homo Sapiens ",
        "times": [
      -45000, -44949, -44899, -44848, -44798, -44747, -44697, -44646, -44596, -44545,
      -44495, -44444, -44394, -44343, -44293, -44242, -44192, -44141, -44091, -44040,
      -43990, -43939, -43889, -43838, -43788, -43737, -43687, -43636, -43586, -43535,
      -43485, -43434, -43384, -43333, -43283, -43232, -43182, -43131, -43081, -43030,
      -42980, -42929, -42879, -42828, -42778, -42727, -42677, -42626, -42576, -42525,
      -42475, -42424, -42374, -42323, -42273, -42222, -42172, -42121, -42071, -42020,
      -41970, -41919, -41869, -41818, -41768, -41717, -41667, -41616, -41566, -41515,
      -41465, -41414, -41364, -41313, -41263, -41212, -41162, -41111, -41061, -41010,
      -40960, -40909, -40859, -40808, -40758, -40707, -40657, -40606, -40556, -40505,
      -40455, -40404, -40354, -40303, -40253, -40202, -40152, -40101, -40051, -40000,
      -39949, -39899, -39848, -39798, -39747, -39697, -39646, -39596, -39545, -39495,
      -39444, -39394, -39343, -39293, -39242, -39192, -39141, -39091, -39040, -38990,
      -38939, -38889, -38838, -38788, -38737, -38687, -38636, -38586, -38535, -38485,
      -38434, -38384, -38333, -38283, -38232, -38182, -38131, -38081, -38030, -37980
]},
    "geometry": {
        "type": "Point",
        "coordinates": [39.111155150166158, 10.111158900920234]
}},
{ "type": "Feature",
    "properties": { "id": 66, "mag": 10, "place": "First Homo Sapiens 200000 ago(AFR-EAS to EUR) ", "time": -16206, "title": "*21.002", "timefinal": -68950,
        "name": "200000 years ago, First Homo Sapiens ",
        "times": [
      -37929, -37879, -37828, -37778, -37727, -37677, -37626, -37576, -37525, -37475,
      -37424, -37374, -37323, -37273, -37222, -37172, -37121, -37071, -37020, -36970,
      -36919, -36869, -36818, -36768, -36717, -36667, -36616, -36566, -36515, -36465,
      -36414, -36364, -36313, -36263, -36212, -36162, -36111, -36061, -36010, -35960,
      -35909, -35859, -35808, -35758, -35707, -35657, -35606, -35556, -35505, -35455,
      -35404, -35354, -35303, -35253, -35202, -35152, -35101, -35051, -35000
]},
    "geometry": {
        "type": "Point",
        "coordinates": [ 10.111150212726232, 51.111150566948646 ]
}},
{ "type": "Feature",
    "properties": { "id": 66, "mag": 10, "place": "First Homo Sapiens 200000 ago ", "time": -16206, "title": "*56.001", "timefinal": -68950,
        "name": "200000 years ago, First Homo Sapiens ",
        "times": [
-45230, -18427
]},
    "geometry": {
        "type": "Point",
        "coordinates": [41.632697404502063, 7.632697220835992]
}},
{ "type": "Feature",
    "properties": { "id": 66, "mag": 10, "place": "First Homo Sapiens 200000 ago ", "time": -16206, "title": "*46.001", "timefinal": -68950,
        "name": "200000 years ago, First Homo Sapiens ",
        "times": [
-45251, -18435
]},
    "geometry": {
        "type": "Point",
        "coordinates": [41.821976404502063, 7.821976220835992]
}},
{ "type": "Feature",
    "properties": { "id": 66, "mag": 10, "place": "First Homo Sapiens 200000 ago ", "time": -16206, "title": "*40.001", "timefinal": -68950,
        "name": "200000 years ago, First Homo Sapiens ",
        "times": [
-45286, -18450
]},
    "geometry": {
        "type": "Point",
        "coordinates": [41.368725704502063, 7.368725720835992]
}},
{ "type": "Feature",
    "properties": { "id": 66, "mag": 10, "place": "First Homo Sapiens 200000 ago ", "time": -16206, "title": "*1.041", "timefinal": -68950,
        "name": "200000 years ago, First Homo Sapiens ",
        "times": [
-45908, -18703
]},
    "geometry": {
        "type": "Point",
        "coordinates": [41.963698404502063, 7.963698220835992]
}},
{ "type": "Feature",
    "properties": { "id": 66, "mag": 10, "place": "First Homo Sapiens 200000 ago ", "time": -16206, "title": "*9.002", "timefinal": -68950,
        "name": "200000 years ago, First Homo Sapiens ",
        "times": [
-46755, -19048
]},
    "geometry": {
        "type": "Point",
        "coordinates": [41.649328404502063, 7.649328220835992]
}},
{ "type": "Feature",
    "properties": { "id": 66, "mag": 10, "place": "First Homo Sapiens 200000 ago ", "time": -16206, "title": "*1.031", "timefinal": -68950,
        "name": "200000 years ago, First Homo Sapiens ",
        "times": [
-5000, -2000
]},
    "geometry": {
        "type": "Point",
        "coordinates": [19.852145268988155, 52.852145917725387]
}},
{ "type": "Feature",
    "properties": { "id": 66, "mag": 10, "place": "First Homo Sapiens 200000 ago ", "time": -16206, "title": "*1.021", "timefinal": -68950,
        "name": "200000 years ago, First Homo Sapiens ",
        "times": [
-5000, -2000
]},
    "geometry": {
        "type": "Point",
        "coordinates": [19.325896268988155, 52.325896917725387]
}},
{ "type": "Feature",
    "properties": { "id": 66, "mag": 10, "place": "First Homo Sapiens 200000 ago ", "time": -16206, "title": "*2.024", "timefinal": -68950,
        "name": "200000 years ago, First Homo Sapiens ",
        "times": [
-5000, -2000
]},
    "geometry": {
        "type": "Point",
        "coordinates": [305.25281368938437, -25.52869537115795]
}},
  

{ "type": "Feature", "properties": { "id": 3.3, "mag": "#0000FF", "place": "South America", "time": null, "title": "*9.001", "timefinal": null, "name": "15000 years ago, South America",
"times": [ 
-174051, -171104, -168158, -165212, -162266, -159320, -156374, -153428, -150482, -147536, -144590, -141644, -138698, -135752, -132806, -129860, -126914, -123968, -121022,
-118076, -115130, -112184, -109238, -106292, -103346, -100400, -97454, -94508, -91562, -88616, -85670, -82724, -79778, -76832, -73886, -70940, -67994, -65048
] },
 "geometry": 
 { "type": "LineString", "coordinates": [ 
[ 22.736404289577028, 11.255815083393856 ], [ 22.964988298322073, 13.040476291597667 ], [ 23.125181279953015, 13.925854353081007 ], [ 23.422326507857324, 15.242281854720581 ], [ 23.923373320453553, 16.970349668409931 ], [ 24.542046225885485, 18.659879222222568 ], [ 25.27541721463389, 20.302874435235715 ], [ 26.120015442546201, 21.891559460824272 ], [ 27.071843657391813, 23.418415487614531 ], [ 28.12639711676281, 24.876216323960357 ], [ 29.278684907786729, 26.258062597530301 ], [ 31.178318846677708, 28.174217118473642 ], [ 32.905351523554401, 29.614517124965356 ], [ 35.042769331954524, 31.100567456238959 ], [ 37.253819122279651, 32.872568113347548 ], [ 39.638606087687293, 35.489122630229275 ], [ 40.652179416043097, 36.942380699203511 ], [ 41.370004790372334, 38.164806829466713 ], [ 42.001365453386526, 39.434051733013476 ], [ 42.664388705244846, 41.077125095492512 ], [ 42.911691437965615, 42.534255002693449 ], [ 43.018868146035352, 43.711892569605865 ], [ 43.045998680387513, 44.598432418103648 ], [ 43.027393241685047, 45.485192141207598 ], [ 42.931544155280427, 46.663805749813683 ], [ 42.698262764704872, 48.123246053793842 ], [ 42.421936614443297, 49.273011657922652 ], [ 41.96654489495991, 50.679071610377214 ], [ 41.392128764685744, 52.040847038761584 ], [ 40.849719526082559, 53.091613094377188 ], [ 40.236396279921252, 54.102628268088345 ], [ 39.555057803509442, 55.069114153301832 ], [ 39.555057803509442, 55.069114153301832 ], [ 36.021727233355577, 59.450444060292625 ], [ 36.021727233355577, 59.450444060292625 ]
 ] }},
 
{ "type": "Feature",
    "properties": { "id": 66, "mag": 10, "place": "First Homo Sapiens 200000 ago ", "time": -16206, "title": "*9.001", "timefinal": -68950,
        "name": "200000 years ago, First Homo Sapiens ",
        "times": [
-174051, -171104, -168158, -165212, -162266, -159320, -156374, -153428, -150482, -147536, -144590, -141644, -138698, -135752, -132806, -129860, -126914, -123968, -121022,
-118076, -115130, -112184, -109238, -106292, -103346, -100400, -97454, -94508, -91562, -88616, -85670, -82724, -79778, -76832, -73886, -70940, -67994, -65048
]},
    "geometry": {
        "type": "Point",
        "coordinates": [ 22.736404289577028, 11.255815083393856 ]
}},

{ "type": "Feature",
    "properties": { "id": 66, "mag": 10, "place": "First Homo Sapiens 200000 ago ", "time": -16206, "title": "*9.001", "timefinal": -68950,
        "name": "200000 years ago, First Homo Sapiens ",
        "times": [
-71488, -71068, -70648, -70228, -69808, -69388, -68968,
-68548, -68128, -67708, -67288, -66868
]},
    "geometry": {
        "type": "Point",
        "coordinates": [ 36.021727233355577, 59.450444060292625 ]
}}, 



{ "type": "Feature", "properties": { "id": 3.3, "mag": "#0000FF", "place": "South America", "time": null, "title": "*32.001", "timefinal": null, "name": "15000 years ago, South America",
"times": [ 
-63966, -62882, -61799, -60716, -59633, -58550, -57467, -56384, -55301, -54218, -53135, -52052, -50969, -49886, -48803, -47720, -46637, -45554, -44471,
-43388, -42305, -41222, -40139, -39056, -37973, -36890, -35807, -34724, -33641, -32558, -31475, -30392, -29309, -28226, -27143, -26060
] },
 "geometry": 
 { "type": "LineString", "coordinates": [ 
[ 22.736404289577028, 11.255815083393856 ], [ 22.964988298322073, 13.040476291597667 ], [ 23.125181279953015, 13.925854353081007 ], [ 23.422326507857324, 15.242281854720581 ], [ 23.923373320453553, 16.970349668409931 ], [ 24.542046225885485, 18.659879222222568 ], [ 25.27541721463389, 20.302874435235715 ], [ 26.120015442546201, 21.891559460824272 ], [ 27.071843657391813, 23.418415487614531 ], [ 28.12639711676281, 24.876216323960357 ], [ 29.278684907786729, 26.258062597530301 ], [ 31.178318846677708, 28.174217118473642 ], [ 32.905351523554401, 29.614517124965356 ], [ 35.042769331954524, 31.100567456238959 ], [ 37.253819122279651, 32.872568113347548 ], [ 39.638606087687293, 35.489122630229275 ], [ 40.652179416043097, 36.942380699203511 ], [ 41.370004790372334, 38.164806829466713 ], [ 42.001365453386526, 39.434051733013476 ], [ 42.664388705244846, 41.077125095492512 ], [ 42.911691437965615, 42.534255002693449 ], [ 43.018868146035352, 43.711892569605865 ], [ 43.045998680387513, 44.598432418103648 ], [ 43.027393241685047, 45.485192141207598 ], [ 42.931544155280427, 46.663805749813683 ], [ 42.698262764704872, 48.123246053793842 ], [ 42.421936614443297, 49.273011657922652 ], [ 41.96654489495991, 50.679071610377214 ], [ 41.392128764685744, 52.040847038761584 ], [ 40.849719526082559, 53.091613094377188 ], [ 40.236396279921252, 54.102628268088345 ], [ 39.555057803509442, 55.069114153301832 ], [ 39.555057803509442, 55.069114153301832 ], [ 36.021727233355577, 59.450444060292625 ], [ 36.021727233355577, 59.450444060292625 ]
 ] }},
 
{ "type": "Feature",
    "properties": { "id": 66, "mag": 10, "place": "First Homo Sapiens 200000 ago ", "time": -16206, "title": "*32.001", "timefinal": -68950,
        "name": "200000 years ago, First Homo Sapiens ",
        "times": [
-63966, -62882, -61799, -60716, -59633, -58550, -57467, -56384, -55301, -54218, -53135, -52052, -50969, -49886, -48803, -47720, -46637, -45554, -44471,
-43388, -42305, -41222, -40139, -39056, -37973, -36890, -35807, -34724, -33641, -32558, -31475, -30392, -29309, -28226, -27143, -26060
]},
    "geometry": {
        "type": "Point",
        "coordinates": [ 22.736404289577028, 11.255815083393856 ]
}},

{ "type": "Feature",
    "properties": { "id": 66, "mag": 10, "place": "First Homo Sapiens 200000 ago ", "time": -16206, "title": "*32.001", "timefinal": -68950,
        "name": "200000 years ago, First Homo Sapiens ",
        "times": [
-29683, -28364, -26713, -24147, -23735
]},
    "geometry": {
        "type": "Point",
        "coordinates": [ 36.021727233355577, 59.450444060292625 ]
}}, 




{ "type": "Feature", "properties": { "id": 3.3, "mag": "#0000FF", "place": "South America", "time": null, "title": "*11.001", "timefinal": null, "name": "15000 years ago, South America",
"times": [ 
-90470, -89051, -87633, -86215, -84797, -83379, -81961, -80543, -79125, -77707, -76289, -74871, -73453, -72035, -70617, -69199, -67781, -66363, -64945,
-63527, -62109, -60691, -59273, -57855, -56437, -55019, -53601, -52183, -50765, -49347, -47929, -46511, -45093, -43675, -42257, -40839, -39421, -38003, -36585
] },
 "geometry": 
 { "type": "LineString", "coordinates": [ 
[ 22.736404289577028, 11.255815083393856 ], [ 22.964988298322073, 13.040476291597667 ], [ 23.125181279953015, 13.925854353081007 ], [ 23.422326507857324, 15.242281854720581 ], [ 23.923373320453553, 16.970349668409931 ], [ 24.542046225885485, 18.659879222222568 ], [ 25.27541721463389, 20.302874435235715 ], [ 26.120015442546201, 21.891559460824272 ], [ 27.071843657391813, 23.418415487614531 ], [ 28.12639711676281, 24.876216323960357 ], [ 29.278684907786729, 26.258062597530301 ], [ 31.178318846677708, 28.174217118473642 ], [ 32.905351523554401, 29.614517124965356 ], [ 35.042769331954524, 31.100567456238959 ], [ 37.253819122279651, 32.872568113347548 ], [ 39.638606087687293, 35.489122630229275 ], [ 40.652179416043097, 36.942380699203511 ], [ 41.370004790372334, 38.164806829466713 ], [ 42.001365453386526, 39.434051733013476 ], [ 42.664388705244846, 41.077125095492512 ], [ 42.911691437965615, 42.534255002693449 ], [ 43.018868146035352, 43.711892569605865 ], [ 43.045998680387513, 44.598432418103648 ], [ 43.027393241685047, 45.485192141207598 ], [ 42.931544155280427, 46.663805749813683 ], [ 42.698262764704872, 48.123246053793842 ], [ 42.421936614443297, 49.273011657922652 ], [ 41.96654489495991, 50.679071610377214 ], [ 41.392128764685744, 52.040847038761584 ], [ 40.849719526082559, 53.091613094377188 ], [ 40.236396279921252, 54.102628268088345 ], [ 39.555057803509442, 55.069114153301832 ], [ 39.555057803509442, 55.069114153301832 ], [ 36.021727233355577, 59.450444060292625 ], [ 36.021727233355577, 59.450444060292625 ]
 ] }},

 
  { "type": "Feature",
    "properties": { "id": 66, "mag": 10, "place": "First Homo Sapiens 200000 ago ", "time": -16206, "title": "*11.001", "timefinal": -68950,
        "name": "200000 years ago, First Homo Sapiens ",
        "times": [
-90470, -89051, -87633, -86215, -84797, -83379, -81961, -80543, -79125, -77707, -76289, -74871, -73453, -72035, -70617, -69199, -67781, -66363, -64945,
-63527, -62109, -60691, -59273, -57855, -56437, -55019, -53601, -52183, -50765, -49347, -47929, -46511, -45093, -43675, -42257, -40839, -39421, -38003, -36585
]},
    "geometry": {
        "type": "Point",
        "coordinates": [ 23.736404289577028, 12.255815083393856 ]
}},

 { "type": "Feature",
    "properties": { "id": 66, "mag": 10, "place": "First Homo Sapiens 200000 ago ", "time": -16206, "title": "*11.001", "timefinal": -68950,
        "name": "200000 years ago, First Homo Sapiens ",
        "times": [
-38677, -37908, -37819, -37453, -36887, -35538, -35161, -33713,
-31027, -30000
]},
    "geometry": {
        "type": "Point",
        "coordinates": [ 35.021727233355577, 58.450444060292625 ]
}},

 
 
{ "type": "Feature", "properties": { "id": 3.3, "mag": "#0000FF", "place": "South America", "time": null, "title": "*3.001", "timefinal": null, "name": "15000 years ago, South America",
"times": [ 
-115311, -113512, -111714, -109916, -108118, -106320, -104522, -102724, -100926, -99128, -97330, -95532, -93734, -91936, -90138, -88340, -86542, -84744, -82946,
-81148, -79350, -77552, -75754, -73956, -72158, -70360, -68562, -66764, -64966, -63168, -61370, -59572, -57774, -55976, -54178, -52380, -50582, -48784, -46986
] },
 "geometry": 
 { "type": "LineString", "coordinates": [ 
[ 22.736404289577028, 11.255815083393856 ], [ 22.964988298322073, 13.040476291597667 ], [ 23.125181279953015, 13.925854353081007 ], [ 23.422326507857324, 15.242281854720581 ], [ 23.923373320453553, 16.970349668409931 ], [ 24.542046225885485, 18.659879222222568 ], [ 25.27541721463389, 20.302874435235715 ], [ 26.120015442546201, 21.891559460824272 ], [ 27.071843657391813, 23.418415487614531 ], [ 28.12639711676281, 24.876216323960357 ], [ 29.278684907786729, 26.258062597530301 ], [ 31.178318846677708, 28.174217118473642 ], [ 32.905351523554401, 29.614517124965356 ], [ 35.042769331954524, 31.100567456238959 ], [ 37.253819122279651, 32.872568113347548 ], [ 39.638606087687293, 35.489122630229275 ], [ 40.652179416043097, 36.942380699203511 ], [ 41.370004790372334, 38.164806829466713 ], [ 42.001365453386526, 39.434051733013476 ], [ 42.664388705244846, 41.077125095492512 ], [ 42.911691437965615, 42.534255002693449 ], [ 43.018868146035352, 43.711892569605865 ], [ 43.045998680387513, 44.598432418103648 ], [ 43.027393241685047, 45.485192141207598 ], [ 42.931544155280427, 46.663805749813683 ], [ 42.698262764704872, 48.123246053793842 ], [ 42.421936614443297, 49.273011657922652 ], [ 41.96654489495991, 50.679071610377214 ], [ 41.392128764685744, 52.040847038761584 ], [ 40.849719526082559, 53.091613094377188 ], [ 40.236396279921252, 54.102628268088345 ], [ 39.555057803509442, 55.069114153301832 ], [ 39.555057803509442, 55.069114153301832 ], [ 36.021727233355577, 59.450444060292625 ], [ 36.021727233355577, 59.450444060292625 ]
 ] }}, 
 

 { "type": "Feature",
    "properties": { "id": 66, "mag": 10, "place": "First Homo Sapiens 200000 ago ", "time": -16206, "title": "*3.001", "timefinal": -68950,
        "name": "200000 years ago, First Homo Sapiens ",
        "times": [
-115311, -113512, -111714, -109916, -108118, -106320, -104522, -102724, -100926, -99128, -97330, -95532, -93734, -91936, -90138, -88340, -86542, -84744, -82946,
-81148, -79350, -77552, -75754, -73956, -72158, -70360, -68562, -66764, -64966, -63168, -61370, -59572, -57774, -55976, -54178, -52380, -50582, -48784, -46986
]},
    "geometry": {
        "type": "Point",
	"coordinates": [ 21.736404289577028, 10.255815083393856 ]
}}, 
 
 { "type": "Feature",
    "properties": { "id": 66, "mag": 10, "place": "First Homo Sapiens 200000 ago ", "time": -16206, "title": "*3.001", "timefinal": -68950,
        "name": "200000 years ago, First Homo Sapiens ",
        "times": [
-47621, -47273, -46775, -46251, -44692, -44508, -44324, -43872, -43458
]},
    "geometry": {
        "type": "Point",
	"coordinates": [ 37.021727233355577, 60.450444060292625 ]
}}, 
 
 
{ "type": "Feature", "properties": { "id": 3.3, "mag": "#0000FF", "place": "South America", "time": null, "title": "*127/*139 Ancestral", "timefinal": null, "name": "15000 years ago, South America",
"times": [ 
-150000, -148636, -147273, -145910, -144547, -143184, -141821, -140458, -139095, -137732, -136369, -135006, -133643, -132280, -130917, -129554, -128191, -126828, -125465, -124102,
-124102, -122739, -121376, -120013, -118650, -117287, -115924, -114561, -113198, -111835, -110472, -109109, -107746, -106383, -105020, -103657, -102294, -100931, -995684, -982054
] },
 "geometry": 
 { "type": "LineString", "coordinates": [ 
[ 23.160403957995491, 23.269139021917013 ], [ 27.249746436656068, 26.758415376119245 ], [ 31.393090052711528, 30.183393487445329 ], [ 35.589423926289413, 33.543237740566752 ], [ 39.837724249121756, 36.837128411307866 ], [ 40.907875918003384, 38.330877995676694 ], [ 41.397599514062911, 39.227413498140152 ], [ 41.879791322332778, 40.354296793198223 ], [ 42.290427021437822, 41.723825088704963 ], [ 42.592155957655734, 43.948190803326789 ], [ 42.520425969824402, 45.784319127834067 ], [ 42.267069292410547, 47.191458006403948 ], [ 41.613490409001976, 49.12520379226158 ], [ 40.855579838721098, 50.572468957557504 ], [ 40.124211906503476, 51.709548711615653 ], [ 39.027864150226875, 53.225676434266006 ], [ 37.756788947879159, 54.59862563363879 ], [ 36.114055077255408, 55.966822794216313 ], [ 34.061270946766378, 57.219110002808449 ], [ 32.345121086741194, 57.964396076754014 ], [ 30.551660431982153, 58.49742567622566 ], [ 29.237732538660147, 58.743777946261858 ] 
 ] }},

 
  { "type": "Feature",
    "properties": { "id": 66, "mag": 10, "place": "First Homo Sapiens 200000 ago ", "time": -16206, "title": "*127/*139 Ancestral", "timefinal": -68950,
        "name": "200000 years ago, First Homo Sapiens ",
        "times": [
-150000, -148636, -147273, -145910, -144547, -143184, -141821, -140458, -139095, -137732, -136369, -135006, -133643, -132280, -130917, -129554, -128191, -126828, -125465, -124102,
-124102, -122739, -121376, -120013, -118650, -117287, -115924, -114561, -113198, -111835, -110472, -109109, -107746, -106383, -105020, -103657, -102294, -100931, -995684, -982054
]},
    "geometry": {
        "type": "Point",
        "coordinates": [ 23.160403957995491, 23.269139021917013 ]
}},

 { "type": "Feature",
    "properties": { "id": 66, "mag": 10, "place": "First Homo Sapiens 200000 ago ", "time": -16206, "title": "*127/*139 Ancestral", "timefinal": -68950,
        "name": "200000 years ago, First Homo Sapiens ",
        "times": [
-121048, -120628, -120208, -119788, -119368, -118948, -118528, -118108
]},
    "geometry": {
        "type": "Point",
        "coordinates": [ 29.237732538660147, 58.743777946261858 ] 
}},
 

 
 
{ "type": "Feature", "properties": { "id": 3.3, "mag": "#0000FF", "place": "South America", "time": null, "title": "*138.001", "timefinal": null, "name": "15000 years ago, South America",
"times": [ 
-90470, -89122, -87775, -86428, -85081, -83734, -82387, -81040, -79693, -78346, -76999, -75652, -74305, -72958, -71611, -70264, -68917, -67570, -66223,
-64876, -63529, -62182, -60835, -59488, -58141, -56794, -55447, -54100, -52753, -51406, -50059, -48712, -47365, -46018, -44671, -43324, -41977, -40630,
-39283, -37936, -36603
] },
 "geometry": 
 { "type": "LineString", "coordinates": [ 
[ 23.160403957995491, 23.269139021917013 ], [ 27.249746436656068, 26.758415376119245 ], [ 31.393090052711528, 30.183393487445329 ], [ 35.589423926289413, 33.543237740566752 ], [ 39.837724249121756, 36.837128411307866 ], [ 40.907875918003384, 38.330877995676694 ], [ 41.397599514062911, 39.227413498140152 ], [ 41.879791322332778, 40.354296793198223 ], [ 42.290427021437822, 41.723825088704963 ], [ 42.592155957655734, 43.948190803326789 ], [ 42.520425969824402, 45.784319127834067 ], [ 42.267069292410547, 47.191458006403948 ], [ 41.613490409001976, 49.12520379226158 ], [ 40.855579838721098, 50.572468957557504 ], [ 40.124211906503476, 51.709548711615653 ], [ 39.027864150226875, 53.225676434266006 ], [ 37.756788947879159, 54.59862563363879 ], [ 36.114055077255408, 55.966822794216313 ], [ 34.061270946766378, 57.219110002808449 ], [ 32.345121086741194, 57.964396076754014 ], [ 30.551660431982153, 58.49742567622566 ], [ 29.237732538660147, 58.743777946261858 ] 
 ] }}, 


  { "type": "Feature",
    "properties": { "id": 66, "mag": 10, "place": "First Homo Sapiens 200000 ago ", "time": -16206, "title": "*138.001", "timefinal": -68950,
        "name": "200000 years ago, First Homo Sapiens ",
        "times": [
-90470, -89122, -87775, -86428, -85081, -83734, -82387, -81040, -79693, -78346, -76999, -75652, -74305, -72958, -71611, -70264, -68917, -67570, -66223,
-64876, -63529, -62182, -60835, -59488, -58141, -56794, -55447, -54100, -52753, -51406, -50059, -48712, -47365, -46018, -44671, -43324, -41977, -40630,
-39283, -37936, -36603
]},
    "geometry": {
        "type": "Point",
        "coordinates": [ 24.160403957995491, 24.269139021917013 ]
}},


  { "type": "Feature",
    "properties": { "id": 66, "mag": 10, "place": "First Homo Sapiens 200000 ago ", "time": -16206, "title": "*138.001", "timefinal": -68950,
        "name": "200000 years ago, First Homo Sapiens ",
        "times": [
-37908, -37819, -37453, -36887, -35538, -35161, -33713,
-31027, -30000
]},
    "geometry": {
        "type": "Point",
        "coordinates": [ 28.237732538660147, 57.743777946261858 ] 
}},
 
 
 
{ "type": "Feature", "properties": { "id": 3.3, "mag": "#0000FF", "place": "South America", "time": null, "title": "*35.006", "timefinal": null, "name": "15000 years ago, South America",
"times": [ 
-115311, -113512, -111714, -109916, -108118, -106320, -104522, -102724, -100926, -99128, -97330, -95532, -93734, -91936, -90138, -88340, -86542, -84744, -82946,
-81148, -79350, -77552, -75754, -73956, -72158, -70360, -68562, -66764, -64966, -63168, -61370, -59572, -57774, -55976, -54178, -52380, -50582, -48784, -46986
] },
 "geometry": 
 { "type": "LineString", "coordinates": [ 
[ 23.160403957995491, 23.269139021917013 ], [ 27.249746436656068, 26.758415376119245 ], [ 31.393090052711528, 30.183393487445329 ], [ 35.589423926289413, 33.543237740566752 ], [ 39.837724249121756, 36.837128411307866 ], [ 40.907875918003384, 38.330877995676694 ], [ 41.397599514062911, 39.227413498140152 ], [ 41.879791322332778, 40.354296793198223 ], [ 42.290427021437822, 41.723825088704963 ], [ 42.592155957655734, 43.948190803326789 ], [ 42.520425969824402, 45.784319127834067 ], [ 42.267069292410547, 47.191458006403948 ], [ 41.613490409001976, 49.12520379226158 ], [ 40.855579838721098, 50.572468957557504 ], [ 40.124211906503476, 51.709548711615653 ], [ 39.027864150226875, 53.225676434266006 ], [ 37.756788947879159, 54.59862563363879 ], [ 36.114055077255408, 55.966822794216313 ], [ 34.061270946766378, 57.219110002808449 ], [ 32.345121086741194, 57.964396076754014 ], [ 30.551660431982153, 58.49742567622566 ], [ 29.237732538660147, 58.743777946261858 ] 
 ] }},
 
 { "type": "Feature",
    "properties": { "id": 66, "mag": 10, "place": "First Homo Sapiens 200000 ago ", "time": -16206, "title": "*35.006", "timefinal": -68950,
        "name": "200000 years ago, First Homo Sapiens ",
        "times": [
-115311, -113512, -111714, -109916, -108118, -106320, -104522, -102724, -100926, -99128, -97330, -95532, -93734, -91936, -90138, -88340, -86542, -84744, -82946,
-81148, -79350, -77552, -75754, -73956, -72158, -70360, -68562, -66764, -64966, -63168, -61370, -59572, -57774, -55976, -54178, -52380, -50582, -48784, -46986
]},
    "geometry": {
        "type": "Point",
	"coordinates": [ 22.160403957995491, 22.269139021917013 ]
}},

 { "type": "Feature",
    "properties": { "id": 66, "mag": 10, "place": "First Homo Sapiens 200000 ago ", "time": -16206, "title": "*35.006", "timefinal": -68950,
        "name": "200000 years ago, First Homo Sapiens ",
        "times": [
-47621, -47273, -46775, -46251, -44692, -44508, -44324, -43872, -43458
]},
    "geometry": {
        "type": "Point",
	"coordinates": [ 30.237732538660147, 59.743777946261858 ] 
}}, 

 
 

{ "type": "Feature", "properties": { "id": 3.3, "mag": "#0000FF", "place": "South America", "time": null, "title": "*1.012", "timefinal": null, "name": "15000 years ago, South America",
"times": [ 
-137918, -136179, -134441, -132703, -130965, -129227, -127489, -125751, -124013, -122275, -120537, -118799, -117061, -115323, -113585, -111847, -110109, -108371, -106633, -104895,
-104895, -103157, -101419, -996811, -979431, -962051, -944671, -927291, -909911, -892531, -875151, -857771, -840391, -823011, -805631, -788251, -770871, -753491, -736111, -718731,
-718731, -701351, -683971, -666591, -649211, -631831, -614451, -597071, -579691, -562311
] },
 "geometry": 
 { "type": "LineString", "coordinates": [ 
[ 20.510406030380075, 8.994483518495343 ], [ 20.715340117989143, 10.99905775115443 ], [ 21.166921824393768, 13.476732693598613 ], [ 21.540807629313402, 14.94115802137517 ], [ 21.990690699243434, 16.384050033669993 ], [ 22.70659945719116, 18.267607966094509 ], [ 23.551930807998424, 20.096741843602643 ], [ 24.268417195293452, 21.427523340533977 ], [ 24.784285164631584, 22.293125666540334 ], [ 26.508261489439036, 24.774857905633461 ], [ 28.136417242858158, 26.696291745395662 ], [ 29.555494382501863, 28.126863626234311 ], [ 32.194858925225532, 30.008681411520378 ], [ 34.745855852515867, 31.200124204244752 ], [ 35.610271390911208, 31.75129523364733 ], [ 36.633388210593914, 32.522690955639831 ], [ 37.401115809520277, 33.202101038372469 ], [ 37.585504010740522, 33.380184331554275 ], [ 38.459396557642386, 34.317270882036865 ], [ 38.624193910154325, 34.513623882178891 ], [ 39.395524248047188, 35.536789996000138 ], [ 39.946640035643057, 36.401240755346549 ], [ 40.650390280257135, 37.755794359547842 ], [ 41.300948896393109, 39.438371670099642 ], [ 41.633615318064784, 40.675769115756516 ], [ 41.957822976660843, 43.229750017637379 ], [ 41.847025402783743, 44.705569145600151 ], [ 41.45758666253441, 46.302802491348146 ], [ 41.403589362044983, 46.458299083600913 ], [ 40.719283997712203, 47.953137891473425 ], [ 40.636870234744578, 48.095626032509394 ], [ 39.238261338051771, 49.920113958222615 ], [ 38.090807012383806, 50.711622928130055 ], [ 36.46148685208027, 51.524927311128444 ], [ 33.490616199954488, 52.674498591817965 ], [ 31.738222451044336, 53.169740303466483 ], [ 29.506966580301064, 53.619016442546325 ], [ 28.15269231541356, 53.796754907514625 ], [ 26.870401056657037, 53.903115065151013 ], [ 24.750402714564714, 54.044448287957167 ], [ 21.711738424232379, 54.115114899360243 ], [ 18.461074299690818, 53.620448619538699 ], [ 15.139743563746176, 52.489782837089464 ], [ 11.253079936576917, 51.005783997624832 ], [ 8.426415480453819, 49.451118546757129 ], [ 4.681085076090715, 47.26045359326173 ], [ 1.713087397161463, 45.06978863976633 ] 
] }},  

 { "type": "Feature",
    "properties": { "id": 66, "mag": 10, "place": "First Homo Sapiens 200000 ago ", "time": -16206, "title": "*1.012", "timefinal": -68950,
        "name": "200000 years ago, First Homo Sapiens ",
        "times": [
-137918, -136179, -134441, -132703, -130965, -129227, -127489, -125751, -124013, -122275, -120537, -118799, -117061, -115323, -113585, -111847, -110109, -108371, -106633, -104895,
-104895, -103157, -101419, -996811, -979431, -962051, -944671, -927291, -909911, -892531, -875151, -857771, -840391, -823011, -805631, -788251, -770871, -753491, -736111, -718731,
-718731, -701351, -683971, -666591, -649211, -631831, -614451, -597071, -579691, -562311
]},
    "geometry": {
        "type": "Point",
        "coordinates": [ 20.510406030380075, 8.994483518495343 ]
}},
 { "type": "Feature",
    "properties": { "id": 66, "mag": 10, "place": "First Homo Sapiens 200000 ago ", "time": -16206, "title": "*1.012", "timefinal": -68950,
        "name": "200000 years ago, First Homo Sapiens ",
        "times": [
-58048, -57628, -57208, -57187, -56189, -54900, -54568, -53911, -52951
]},
    "geometry": {
        "type": "Point",
        "coordinates": [ 1.713087397161463, 45.06978863976633 ] 
}},


{ "type": "Feature", "properties": { "id": 3.3, "mag": "#0000FF", "place": "South America", "time": null, "title": "*1.018", "timefinal": null, "name": "15000 years ago, South America",
"times": [ 
-86211, -85189, -84168, -83147, -82126, -81105, -80084, -79063, -78042, -77021, -76000, -74979, -73958, -72937, -71916, -70895, -69874, -68853, -67832, -66811,
-66811, -65790, -64769, -63748, -62727, -61706, -60685, -59664, -58643, -57622, -56601, -55580, -54559, -53538, -52517, -51496, -50475, -49454, -48433, -47412,
-47412, -46391, -45370, -44349, -43328, -42307, -41286, -40265, -39244, -38223, -37202, -36181, -35160
] },
 "geometry": 
 { "type": "LineString", "coordinates": [ 
[ 20.510406030380075, 8.994483518495343 ], [ 20.715340117989143, 10.99905775115443 ], [ 21.166921824393768, 13.476732693598613 ], [ 21.540807629313402, 14.94115802137517 ], [ 21.990690699243434, 16.384050033669993 ], [ 22.70659945719116, 18.267607966094509 ], [ 23.551930807998424, 20.096741843602643 ], [ 24.268417195293452, 21.427523340533977 ], [ 24.784285164631584, 22.293125666540334 ], [ 26.508261489439036, 24.774857905633461 ], [ 28.136417242858158, 26.696291745395662 ], [ 29.555494382501863, 28.126863626234311 ], [ 32.194858925225532, 30.008681411520378 ], [ 34.745855852515867, 31.200124204244752 ], [ 35.610271390911208, 31.75129523364733 ], [ 36.633388210593914, 32.522690955639831 ], [ 37.401115809520277, 33.202101038372469 ], [ 37.585504010740522, 33.380184331554275 ], [ 38.459396557642386, 34.317270882036865 ], [ 38.624193910154325, 34.513623882178891 ], [ 39.395524248047188, 35.536789996000138 ], [ 39.946640035643057, 36.401240755346549 ], [ 40.650390280257135, 37.755794359547842 ], [ 41.300948896393109, 39.438371670099642 ], [ 41.633615318064784, 40.675769115756516 ], [ 41.957822976660843, 43.229750017637379 ], [ 41.847025402783743, 44.705569145600151 ], [ 41.45758666253441, 46.302802491348146 ], [ 41.403589362044983, 46.458299083600913 ], [ 40.719283997712203, 47.953137891473425 ], [ 40.636870234744578, 48.095626032509394 ], [ 39.238261338051771, 49.920113958222615 ], [ 38.090807012383806, 50.711622928130055 ], [ 36.46148685208027, 51.524927311128444 ], [ 33.490616199954488, 52.674498591817965 ], [ 31.738222451044336, 53.169740303466483 ], [ 29.506966580301064, 53.619016442546325 ], [ 28.15269231541356, 53.796754907514625 ], [ 26.870401056657037, 53.903115065151013 ], [ 24.750402714564714, 54.044448287957167 ], [ 21.711738424232379, 54.115114899360243 ], [ 18.461074299690818, 53.620448619538699 ], [ 15.139743563746176, 52.489782837089464 ], [ 11.253079936576917, 51.005783997624832 ], [ 8.426415480453819, 49.451118546757129 ], [ 4.681085076090715, 47.26045359326173 ], [ 1.713087397161463, 45.06978863976633 ] 
] }},  


 { "type": "Feature",
    "properties": { "id": 66, "mag": 10, "place": "First Homo Sapiens 200000 ago ", "time": -16206, "title": "*1.018", "timefinal": -68950,
        "name": "200000 years ago, First Homo Sapiens ",
        "times": [
-86211, -85189, -84168, -83147, -82126, -81105, -80084, -79063, -78042, -77021, -76000, -74979, -73958, -72937, -71916, -70895, -69874, -68853, -67832, -66811,
-66811, -65790, -64769, -63748, -62727, -61706, -60685, -59664, -58643, -57622, -56601, -55580, -54559, -53538, -52517, -51496, -50475, -49454, -48433, -47412,
-47412, -46391, -45370, -44349, -43328, -42307, -41286, -40265, -39244, -38223, -37202, -36181, -35160
]},
    "geometry": {
        "type": "Point",
        "coordinates": [ 21.510406030380075, 9.994483518495343 ]
}},


 { "type": "Feature",
    "properties": { "id": 66, "mag": 10, "place": "First Homo Sapiens 200000 ago ", "time": -16206, "title": "*1.018", "timefinal": -68950,
        "name": "200000 years ago, First Homo Sapiens ",
        "times": [
-37453, -36887, -35538, -35161, -33713,
-31027, -30000
]},
    "geometry": {
        "type": "Point",
        "coordinates": [ 0.713087397161463, 44.06978863976633 ] 
}},



{ "type": "Feature", "properties": { "id": 3.3, "mag": "#0000FF", "place": "South America", "time": null, "title": "*36.001", "timefinal": null, "name": "15000 years ago, South America",
"times": [ 
-68400, -67434, -66469, -65504, -64539, -63574, -62609, -61644, -60679, -59714, -58749, -57784, -56819, -55854, -54889, -53924, -52959, -51994, -51029, -50064,
-50064, -49099, -48134, -47169, -46204, -45239, -44274, -43309, -42344, -41379, -40414, -39449, -38484, -37519, -36554, -35589, -34624, -33659, -32694, -31729,
-31729, -30764, -29799, -28834, -27869
] },
 "geometry": 
 { "type": "LineString", "coordinates": [ 
[ 33.937062196964774, -10.827500980067924 ], [ 33.014672666443026, -9.049676254084712 ], [ 31.747457838348602, -6.325921666376669 ], [ 30.622876383097449, -3.54024598081882 ], [ 29.073543852743491, 1.219812030918957 ], [ 28.56973127185428, 3.158274330183598 ], [ 28.133103468787944, 5.112965959040199 ], [ 27.605248631366067, 8.070336707731224 ], [ 27.33868113365228, 10.05538204008392 ], [ 27.011734279463184, 14.04714623381534 ], [ 26.959183480360473, 14.346429736438649 ], [ 26.721592104635484, 17.068095558697163 ], [ 26.831466818585945, 19.191008998701552 ], [ 27.814900395273035, 23.319160661440733 ], [ 29.268742568873762, 26.32331704116546 ], [ 32.113412257233477, 29.868193558788668 ], [ 33.978928570086218, 31.423757349690163 ], [ 36.272659741393284, 33.026151391243488 ], [ 37.446294816858583, 34.259205330735107 ], [ 39.631322759660392, 37.295381885949411 ], [ 41.092773183034211, 40.366916052066799 ], [ 41.209543519628767, 40.686832079902231 ], [ 41.740698163013491, 42.638948378297926 ], [ 41.706471673662989, 44.432140913428952 ], [ 41.663777056232306, 44.755905089325545 ], [ 40.78896485142382, 47.549616496392439 ], [ 40.715421412811111, 47.695406964784389 ], [ 38.988509967151614, 50.059280201340826 ], [ 37.331682185462896, 51.379259093163633 ], [ 37.19265107362088, 51.464896981839722 ], [ 35.375071820562361, 52.226234387951479 ], [ 35.121329456447214, 52.302011316096625 ], [ 32.527217939765386, 52.818267651779678 ], [ 32.263797126169287, 52.845411806771658 ], [ 31.999951868935725, 52.868061540130228 ], [ 30.677045695429175, 52.913709312378003 ], [ 28.828669094482724, 52.788208773082381 ], [ 27.008378587603055, 52.443551095301068 ], [ 25.229136163615205, 51.570487977474478 ], [ 22.806342003948629, 48.967896112545105 ], [ 21.461816582508142, 47.310900687156916 ], [ 20.203467603410594, 45.587549215326135 ]
] }},  


 { "type": "Feature",
    "properties": { "id": 66, "mag": 10, "place": "First Homo Sapiens 200000 ago ", "time": -16206, "title": "*36.001", "timefinal": -68950,
        "name": "200000 years ago, First Homo Sapiens ",
        "times": [
-68400, -67434, -66469, -65504, -64539, -63574, -62609, -61644, -60679, -59714, -58749, -57784, -56819, -55854, -54889, -53924, -52959, -51994, -51029, -50064,
-50064, -49099, -48134, -47169, -46204, -45239, -44274, -43309, -42344, -41379, -40414, -39449, -38484, -37519, -36554, -35589, -34624, -33659, -32694, -31729,
-31729, -30764, -29799, -28834, -27869
]},
    "geometry": {
        "type": "Point",
        "coordinates": [ 33.937062196964774, -10.827500980067924 ]
}},


 { "type": "Feature",
    "properties": { "id": 66, "mag": 10, "place": "First Homo Sapiens 200000 ago ", "time": -16206, "title": "*36.001", "timefinal": -68950,
        "name": "200000 years ago, First Homo Sapiens ",
        "times": [
-30000,  -29683, -28364, -26713, -24147
]},
    "geometry": {
        "type": "Point",
        "coordinates": [ 20.203467603410594, 45.587549215326135 ] 
}},





{ "type": "Feature", "properties": { "id": 3.3, "mag": "#0000FF", "place": "South America", "time": null, "title": "*1.016", "timefinal": null, "name": "15000 years ago, South America",
"times": [ 
-110334, -108971, -107609, -106247, -104885, -103523, -102161, -100799, -99437, -98075, -96713, -95351, -93989, -92627, -91265, -89903, -88541, -87179, -85817,
-84455, -83093, -81731, -80369, -79007, -77645, -76283, -74921, -73559, -72197, -70835, -69473, -68111, -66749, -65387, -64025, -62663, -61301, -59939,
-58577, -57215, -55853, -54491, -53129, -51767, -50405, -49043, -47681, -46319
] },
 "geometry": 
 { "type": "LineString", "coordinates": [ 
[ 20.510406030380075, 8.994483518495343 ], [ 20.715340117989143, 10.99905775115443 ], [ 21.166921824393768, 13.476732693598613 ], [ 21.540807629313402, 14.94115802137517 ], [ 21.990690699243434, 16.384050033669993 ], [ 22.70659945719116, 18.267607966094509 ], [ 23.551930807998424, 20.096741843602643 ], [ 24.268417195293452, 21.427523340533977 ], [ 24.784285164631584, 22.293125666540334 ], [ 26.508261489439036, 24.774857905633461 ], [ 28.136417242858158, 26.696291745395662 ], [ 29.555494382501863, 28.126863626234311 ], [ 32.194858925225532, 30.008681411520378 ], [ 34.745855852515867, 31.200124204244752 ], [ 35.610271390911208, 31.75129523364733 ], [ 36.633388210593914, 32.522690955639831 ], [ 37.401115809520277, 33.202101038372469 ], [ 37.585504010740522, 33.380184331554275 ], [ 38.459396557642386, 34.317270882036865 ], [ 38.624193910154325, 34.513623882178891 ], [ 39.395524248047188, 35.536789996000138 ], [ 39.946640035643057, 36.401240755346549 ], [ 40.650390280257135, 37.755794359547842 ], [ 41.300948896393109, 39.438371670099642 ], [ 41.633615318064784, 40.675769115756516 ], [ 41.957822976660843, 43.229750017637379 ], [ 41.847025402783743, 44.705569145600151 ], [ 41.45758666253441, 46.302802491348146 ], [ 41.403589362044983, 46.458299083600913 ], [ 40.719283997712203, 47.953137891473425 ], [ 40.636870234744578, 48.095626032509394 ], [ 39.238261338051771, 49.920113958222615 ], [ 38.090807012383806, 50.711622928130055 ], [ 36.46148685208027, 51.524927311128444 ], [ 33.490616199954488, 52.674498591817965 ], [ 31.738222451044336, 53.169740303466483 ], [ 29.506966580301064, 53.619016442546325 ], [ 28.15269231541356, 53.796754907514625 ], [ 26.870401056657037, 53.903115065151013 ], [ 24.750402714564714, 54.044448287957167 ], [ 21.711738424232379, 54.115114899360243 ], [ 18.461074299690818, 53.620448619538699 ], [ 15.139743563746176, 52.489782837089464 ], [ 11.253079936576917, 51.005783997624832 ], [ 8.426415480453819, 49.451118546757129 ], [ 4.681085076090715, 47.26045359326173 ], [ 1.713087397161463, 45.06978863976633 ] 
] }},

 { "type": "Feature",
    "properties": { "id": 66, "mag": 10, "place": "First Homo Sapiens 200000 ago ", "time": -16206, "title": "*1.016", "timefinal": -68950,
        "name": "200000 years ago, First Homo Sapiens ",
        "times": [
-110334, -108971, -107609, -106247, -104885, -103523, -102161, -100799, -99437, -98075, -96713, -95351, -93989, -92627, -91265, -89903, -88541, -87179, -85817,
-84455, -83093, -81731, -80369, -79007, -77645, -76283, -74921, -73559, -72197, -70835, -69473, -68111, -66749, -65387, -64025, -62663, -61301, -59939,
-58577, -57215, -55853, -54491, -53129, -51767, -50405, -49043, -47681, -46319
]},
    "geometry": {
        "type": "Point",
        "coordinates": [ 19.510406030380075, 7.994483518495343 ]
}},

 { "type": "Feature",
    "properties": { "id": 66, "mag": 10, "place": "First Homo Sapiens 200000 ago ", "time": -16206, "title": "*1.016", "timefinal": -68950,
        "name": "200000 years ago, First Homo Sapiens ",
        "times": [
-47273, -46775, -46251, -44692, -44508, -44324, -43872, -43458
]},
    "geometry": {
        "type": "Point",
        "coordinates": [ 2.713087397161463, 46.06978863976633 ] 
}},


{ "type": "Feature", "properties": { "id": 3.3, "mag": "#0000FF", "place": "South America", "time": null, "title": "*1.003", "timefinal": null, "name": "15000 years ago, South America",
"times": [ 
-122894, -121466, -120039, -118612, -117185, -115758, -114331, -112904, -111477, -110050, -108623, -107196, -105769, -104342, -102915, -101488, -100061, -986342, -972072,
-957802, -943532, -929262, -914992, -900722, -886452, -872182, -857912, -843642, -829372, -815102, -800832, -786562, -772292, -758022, -743752, -729482, -715212, -700942,
-686672, -672402, -658132, -643862, -629592, -615322, -601052, -586782, -572512, -558242, -543972, -529702, -515432, -501162

] },
 "geometry": 
 { "type": "LineString", "coordinates": [ 
[ 25.527735439998562, -2.24150769459397 ], [ 23.714353899391384, 0.900707586225593 ], [ 23.145102577037406, 2.237212355857324 ], [ 22.467277142078885, 4.307563768133449 ], [ 21.951811241559586, 6.795891804922919 ], [ 21.769181513444195, 8.602336313674817 ], [ 21.802214719960382, 11.505788131954422 ], [ 22.234369303105289, 14.377088546413127 ], [ 23.322595698506529, 17.837960227823004 ], [ 25.138076595162666, 21.176352235369578 ], [ 26.067596966033868, 22.514664420828733 ], [ 27.043169444218712, 23.819787390292255 ], [ 28.063610035897852, 25.090137194270092 ], [ 29.127680293512988, 26.324172085378063 ], [ 30.234088818796394, 27.520394389464222 ], [ 31.381492830063564, 28.677352323246176 ], [ 32.568499791866856, 29.793641756253365 ], [ 34.42010174280896, 31.388872801594523 ], [ 35.699712636668643, 32.39767584774804 ], [ 37.013685716614923, 33.361295259543738 ], [ 38.360426292309327, 34.278561549882212 ], [ 39.738299905468608, 35.148361487668133 ], [ 41.661676692331973, 36.908978074382333 ], [ 42.562641966107556, 38.250111006669961 ], [ 43.270142521340212, 39.702632583432724 ], [ 43.770671101782355, 41.23881196969478 ], [ 44.031238920672834, 42.628567443908786 ], [ 44.082392566005865, 45.049111984391885 ], [ 43.633964942493435, 47.428306224962498 ], [ 42.50618949206882, 50.015998478596458 ], [ 41.06867191517108, 51.964124702433985 ], [ 39.307724663598663, 53.514448702434073 ], [ 37.902110360631241, 54.158715661976863 ], [ 35.450234545838704, 54.905272131450261 ], [ 33.778363379442879, 55.260062539060925 ], [ 32.934228061514702, 55.393895651265595 ], [ 31.234603917019193, 55.573637682538674 ], [ 29.526621551486787, 55.635489678372224 ], [ 27.818448277897271, 55.579155871890336 ], [ 26.118252322123841, 55.404905642823238 ], [ 25.273689043471233, 55.27380032162057 ], [ 24.043736600533933, 55.033780847600255 ], [ 22.489071149666231, 54.680447790584864 ], [ 20.969739004500067, 54.150448205061785 ], [ 19.591740082140056, 53.549782008135622 ], [ 18.143074548376969, 52.843115894104855 ], [ 16.588409097509267, 52.030449862969462 ], [ 14.609743978223101, 50.89978408052022 ], [ 12.98441191595232, 49.875118215175604 ], [ 11.394413159383078, 48.815119044129439 ], [ 9.94574762561999, 47.649119955978662 ]
] }}, 

 { "type": "Feature",
    "properties": { "id": 66, "mag": 10, "place": "First Homo Sapiens 200000 ago ", "time": -16206, "title": "*1.003", "timefinal": -68950,
        "name": "200000 years ago, First Homo Sapiens ",
        "times": [
-122894, -121466, -120039, -118612, -117185, -115758, -114331, -112904, -111477, -110050, -108623, -107196, -105769, -104342, -102915, -101488, -100061, -986342, -972072,
-957802, -943532, -929262, -914992, -900722, -886452, -872182, -857912, -843642, -829372, -815102, -800832, -786562, -772292, -758022, -743752, -729482, -715212, -700942,
-686672, -672402, -658132, -643862, -629592, -615322, -601052, -586782, -572512, -558242, -543972, -529702, -515432, -501162
]},
    "geometry": {
        "type": "Point",
        "coordinates": [ 25.527735439998562, -2.24150769459397 ]
}},

 { "type": "Feature",
    "properties": { "id": 66, "mag": 10, "place": "First Homo Sapiens 200000 ago ", "time": -16206, "title": "*1.003", "timefinal": -68950,
        "name": "200000 years ago, First Homo Sapiens ",
        "times": [
-53911, -52951, -50068, -50000, -49769, -49246, -48828,
 -47621, -47273
]},
    "geometry": {
        "type": "Point",
        "coordinates": [ 9.94574762561999, 47.649119955978662 ]
}},


{ "type": "Feature", "properties": { "id": 3.3, "mag": "#0000FF", "place": "South America", "time": null, "title": "*109.001", "timefinal": null, "name": "15000 years ago, South America",
"times": [ 
-92827, -91769, -90712, -89655, -88598, -87541, -86484, -85427, -84370, -83313, -82256, -81199, -80142, -79085, -78028, -76971, -75914, -74857, -73800, -72743,
-72743, -71686, -70629, -69572, -68515, -67458, -66401, -65344, -64287, -63230, -62173, -61116, -60059, -59002, -57945, -56888, -55831, -54774, -53717, -52660,
-52660, -51603, -50546, -49489, -48432, -47375, -46318, -45261, -44204, -43147, -42090, -41033, -39976, -38919, -37862

] },
 "geometry": 
 { "type": "LineString", "coordinates": [ 
[ 25.527735439998562, -2.24150769459397 ], [ 23.714353899391384, 0.900707586225593 ], [ 23.145102577037406, 2.237212355857324 ], [ 22.467277142078885, 4.307563768133449 ], [ 21.951811241559586, 6.795891804922919 ], [ 21.769181513444195, 8.602336313674817 ], [ 21.802214719960382, 11.505788131954422 ], [ 22.234369303105289, 14.377088546413127 ], [ 23.322595698506529, 17.837960227823004 ], [ 25.138076595162666, 21.176352235369578 ], [ 26.067596966033868, 22.514664420828733 ], [ 27.043169444218712, 23.819787390292255 ], [ 28.063610035897852, 25.090137194270092 ], [ 29.127680293512988, 26.324172085378063 ], [ 30.234088818796394, 27.520394389464222 ], [ 31.381492830063564, 28.677352323246176 ], [ 32.568499791866856, 29.793641756253365 ], [ 34.42010174280896, 31.388872801594523 ], [ 35.699712636668643, 32.39767584774804 ], [ 37.013685716614923, 33.361295259543738 ], [ 38.360426292309327, 34.278561549882212 ], [ 39.738299905468608, 35.148361487668133 ], [ 41.661676692331973, 36.908978074382333 ], [ 42.562641966107556, 38.250111006669961 ], [ 43.270142521340212, 39.702632583432724 ], [ 43.770671101782355, 41.23881196969478 ], [ 44.031238920672834, 42.628567443908786 ], [ 44.082392566005865, 45.049111984391885 ], [ 43.633964942493435, 47.428306224962498 ], [ 42.50618949206882, 50.015998478596458 ], [ 41.06867191517108, 51.964124702433985 ], [ 39.307724663598663, 53.514448702434073 ], [ 37.902110360631241, 54.158715661976863 ], [ 35.450234545838704, 54.905272131450261 ], [ 33.778363379442879, 55.260062539060925 ], [ 32.934228061514702, 55.393895651265595 ], [ 31.234603917019193, 55.573637682538674 ], [ 29.526621551486787, 55.635489678372224 ], [ 27.818448277897271, 55.579155871890336 ], [ 26.118252322123841, 55.404905642823238 ], [ 25.273689043471233, 55.27380032162057 ], [ 24.043736600533933, 55.033780847600255 ], [ 22.489071149666231, 54.680447790584864 ], [ 20.969739004500067, 54.150448205061785 ], [ 19.591740082140056, 53.549782008135622 ], [ 18.143074548376969, 52.843115894104855 ], [ 16.588409097509267, 52.030449862969462 ], [ 14.609743978223101, 50.89978408052022 ], [ 12.98441191595232, 49.875118215175604 ], [ 11.394413159383078, 48.815119044129439 ], [ 9.94574762561999, 47.649119955978662 ]
] }},



 { "type": "Feature",
    "properties": { "id": 66, "mag": 10, "place": "First Homo Sapiens 200000 ago ", "time": -16206, "title": "*109.001", "timefinal": -68950,
        "name": "200000 years ago, First Homo Sapiens ",
        "times": [
-92827, -91769, -90712, -89655, -88598, -87541, -86484, -85427, -84370, -83313, -82256, -81199, -80142, -79085, -78028, -76971, -75914, -74857, -73800, -72743,
-72743, -71686, -70629, -69572, -68515, -67458, -66401, -65344, -64287, -63230, -62173, -61116, -60059, -59002, -57945, -56888, -55831, -54774, -53717, -52660,
-52660, -51603, -50546, -49489, -48432, -47375, -46318, -45261, -44204, -43147, -42090, -41033, -39976, -38919, -37862
]},
    "geometry": {
        "type": "Point",
	"coordinates": [ 26.527735439998562, -1.24150769459397 ]
}},


 { "type": "Feature",
    "properties": { "id": 66, "mag": 10, "place": "First Homo Sapiens 200000 ago ", "time": -16206, "title": "*109.001", "timefinal": -68950,
        "name": "200000 years ago, First Homo Sapiens ",
        "times": [
-38677, -37908, -37819, -37453, -36887, -35538, -35161, -33713
]},
    "geometry": {
        "type": "Point",
	"coordinates": [ 10.94574762561999, 48.649119955978662 ]
}},




{ "type": "Feature", "properties": { "id": 3.3, "mag": "#0000FF", "place": "South America", "time": null, "title": "*35.001", "timefinal": null, "name": "15000 years ago, South America",
"times": [ 
-116518, -114874, -113230, -111586, -109942, -108298, -106654, -105010, -103366, -101722, -100078, -98434, -96790, -95146, -93502, -91858, -90214, -88570, -86926,
-85282, -83638, -81994, -80350, -78706, -77062, -75418, -73774, -72130, -70486, -68842, -67198, -65554, -63910, -62266, -60622, -58978, -57334, -55690,
-54046, -52402, -50758, -49114, -47470
] },
 "geometry": 
 { "type": "LineString", "coordinates": [ 
[ 33.937062196964774, -10.827500980067924 ], [ 33.014672666443026, -9.049676254084712 ], [ 31.747457838348602, -6.325921666376669 ], [ 30.622876383097449, -3.54024598081882 ], [ 29.073543852743491, 1.219812030918957 ], [ 28.56973127185428, 3.158274330183598 ], [ 28.133103468787944, 5.112965959040199 ], [ 27.605248631366067, 8.070336707731224 ], [ 27.33868113365228, 10.05538204008392 ], [ 27.011734279463184, 14.04714623381534 ], [ 26.959183480360473, 14.346429736438649 ], [ 26.721592104635484, 17.068095558697163 ], [ 26.831466818585945, 19.191008998701552 ], [ 27.814900395273035, 23.319160661440733 ], [ 29.268742568873762, 26.32331704116546 ], [ 32.113412257233477, 29.868193558788668 ], [ 33.978928570086218, 31.423757349690163 ], [ 36.272659741393284, 33.026151391243488 ], [ 37.446294816858583, 34.259205330735107 ], [ 39.631322759660392, 37.295381885949411 ], [ 41.092773183034211, 40.366916052066799 ], [ 41.209543519628767, 40.686832079902231 ], [ 41.740698163013491, 42.638948378297926 ], [ 41.706471673662989, 44.432140913428952 ], [ 41.663777056232306, 44.755905089325545 ], [ 40.78896485142382, 47.549616496392439 ], [ 40.715421412811111, 47.695406964784389 ], [ 38.988509967151614, 50.059280201340826 ], [ 37.331682185462896, 51.379259093163633 ], [ 37.19265107362088, 51.464896981839722 ], [ 35.375071820562361, 52.226234387951479 ], [ 35.121329456447214, 52.302011316096625 ], [ 32.527217939765386, 52.818267651779678 ], [ 32.263797126169287, 52.845411806771658 ], [ 31.999951868935725, 52.868061540130228 ], [ 30.677045695429175, 52.913709312378003 ], [ 28.828669094482724, 52.788208773082381 ], [ 27.008378587603055, 52.443551095301068 ], [ 25.229136163615205, 51.570487977474478 ], [ 22.806342003948629, 48.967896112545105 ], [ 21.461816582508142, 47.310900687156916 ], [ 20.203467603410594, 45.587549215326135 ]
] }}, 


 { "type": "Feature",
    "properties": { "id": 66, "mag": 10, "place": "First Homo Sapiens 200000 ago ", "time": -16206, "title": "*35.001", "timefinal": -68950,
        "name": "200000 years ago, First Homo Sapiens ",
        "times": [
-116518, -114874, -113230, -111586, -109942, -108298, -106654, -105010, -103366, -101722, -100078, -98434, -96790, -95146, -93502, -91858, -90214, -88570, -86926,
-85282, -83638, -81994, -80350, -78706, -77062, -75418, -73774, -72130, -70486, -68842, -67198, -65554, -63910, -62266, -60622, -58978, -57334, -55690,
-54046, -52402, -50758, -49114, -47470
]},
    "geometry": {
        "type": "Point",
        "coordinates": [ 33.937062196964774, -10.827500980067924 ]
}},

 { "type": "Feature",
    "properties": { "id": 66, "mag": 10, "place": "First Homo Sapiens 200000 ago ", "time": -16206, "title": "*35.001", "timefinal": -68950,
        "name": "200000 years ago, First Homo Sapiens ",
        "times": [
-48828,
 -47621, -47273, -46775, -46251, -44692, -44508, -44324
]},
    "geometry": {
        "type": "Point",
        "coordinates": [ 20.203467603410594, 45.587549215326135 ]
}},



{ "type": "Feature", "properties": { "id": 3.3, "mag": "#0000FF", "place": "South America", "time": null, "title": "*175.001", "timefinal": null, "name": "15000 years ago, South America",
"times": [ 
-91900, -90662, -89425, -88188, -86951, -85714, -84477, -83240, -82003, -80766, -79529, -78292, -77055, -75818, -74581, -73344, -72107, -70870, -69633,
-68396, -67159, -65922, -64685, -63448, -62211, -60974, -59737, -58500, -57263, -56026, -54789, -53552, -52315, -51078, -49841, -48604, -47367, -46130,
-44893, -43656, -42419, -41182, -39945, -38708, -37471
] },
 "geometry": 
 { "type": "LineString", "coordinates": [ 
[ 33.937062196964774, -10.827500980067924 ], [ 33.014672666443026, -9.049676254084712 ], [ 31.747457838348602, -6.325921666376669 ], [ 30.622876383097449, -3.54024598081882 ], [ 29.073543852743491, 1.219812030918957 ], [ 28.56973127185428, 3.158274330183598 ], [ 28.133103468787944, 5.112965959040199 ], [ 27.605248631366067, 8.070336707731224 ], [ 27.33868113365228, 10.05538204008392 ], [ 27.011734279463184, 14.04714623381534 ], [ 26.959183480360473, 14.346429736438649 ], [ 26.721592104635484, 17.068095558697163 ], [ 26.831466818585945, 19.191008998701552 ], [ 27.814900395273035, 23.319160661440733 ], [ 29.268742568873762, 26.32331704116546 ], [ 32.113412257233477, 29.868193558788668 ], [ 33.978928570086218, 31.423757349690163 ], [ 36.272659741393284, 33.026151391243488 ], [ 37.446294816858583, 34.259205330735107 ], [ 39.631322759660392, 37.295381885949411 ], [ 41.092773183034211, 40.366916052066799 ], [ 41.209543519628767, 40.686832079902231 ], [ 41.740698163013491, 42.638948378297926 ], [ 41.706471673662989, 44.432140913428952 ], [ 41.663777056232306, 44.755905089325545 ], [ 40.78896485142382, 47.549616496392439 ], [ 40.715421412811111, 47.695406964784389 ], [ 38.988509967151614, 50.059280201340826 ], [ 37.331682185462896, 51.379259093163633 ], [ 37.19265107362088, 51.464896981839722 ], [ 35.375071820562361, 52.226234387951479 ], [ 35.121329456447214, 52.302011316096625 ], [ 32.527217939765386, 52.818267651779678 ], [ 32.263797126169287, 52.845411806771658 ], [ 31.999951868935725, 52.868061540130228 ], [ 30.677045695429175, 52.913709312378003 ], [ 28.828669094482724, 52.788208773082381 ], [ 27.008378587603055, 52.443551095301068 ], [ 25.229136163615205, 51.570487977474478 ], [ 22.806342003948629, 48.967896112545105 ], [ 21.461816582508142, 47.310900687156916 ], [ 20.203467603410594, 45.587549215326135 ]
] }}, 


 { "type": "Feature",
    "properties": { "id": 66, "mag": 10, "place": "First Homo Sapiens 200000 ago ", "time": -16206, "title": "*175.001", "timefinal": -68950,
        "name": "200000 years ago, First Homo Sapiens ",
        "times": [
-91900, -90662, -89425, -88188, -86951, -85714, -84477, -83240, -82003, -80766, -79529, -78292, -77055, -75818, -74581, -73344, -72107, -70870, -69633,
-68396, -67159, -65922, -64685, -63448, -62211, -60974, -59737, -58500, -57263, -56026, -54789, -53552, -52315, -51078, -49841, -48604, -47367, -46130,
-44893, -43656, -42419, -41182, -39945, -38708, -37471
]},
    "geometry": {
        "type": "Point",
        "coordinates": [ 32.937062196964774, -11.827500980067924 ]
}},


 { "type": "Feature",
    "properties": { "id": 66, "mag": 10, "place": "First Homo Sapiens 200000 ago ", "time": -16206, "title": "*175.001", "timefinal": -68950,
        "name": "200000 years ago, First Homo Sapiens ",
        "times": [
-37908, -37819, -37453, -36887, -35538, -35161, -33713
]},
    "geometry": {
        "type": "Point",
        "coordinates": [ 21.203467603410594, 46.587549215326135 ]
}},



{ "type": "Feature", "properties": { "id": 3.3, "mag": "#0000FF", "place": "Africa-Este de Asia", "time": null, "title": "*15.002", "timefinal": null, "name": "15000 years ago, South America",
"times": [ 
-108657, -106868, -105080, -103292, -101504, -99716, -97928, -96140, -94352, -92564, -90776, -88988, -87200, -85412, -83624, -81836, -80048, -78260, -76472, -74684,
-74684, -72896, -71108, -69320, -67532, -65744, -63956, -62168, -60380, -58592, -56804, -55016, -53228, -51440, -49652, -47864, -46076, -44288
] },
 "geometry": 
 { "type": "LineString", "coordinates": [ 
[ 20.6517392531862, 4.012487414578317 ], [ 20.630414823790499, 4.56297711233567 ], [ 20.748454622802583, 8.41516904583553 ], [ 20.867928028076051, 9.510435878204497 ], [ 21.583188177409152, 13.297482089362765 ], [ 21.72269544556147, 13.830428016036675 ], [ 23.166521915840825, 17.990755471015092 ], [ 23.387157355977511, 18.495546161481279 ], [ 25.459982903602562, 22.380948799309103 ], [ 26.373117134332865, 23.758294542627155 ], [ 27.69964338460084, 25.517385793180772 ], [ 29.909859285299046, 27.973223943299601 ], [ 35.25473795115235, 31.914625062700757 ], [ 37.331173175899679, 32.856119246504669 ], [ 38.033915614341311, 33.145645075215569 ], [ 40.892160346845543, 34.179896400519219 ], [ 43.079375448729273, 34.823390486583648 ], [ 46.042319065755706, 35.501773768440508 ], [ 47.539733776537737, 35.763043646464538 ], [ 49.800663185184256, 36.056629664226712 ], [ 52.073854784365011, 36.231542482859922 ], [ 56.632109262756913, 36.223758939672393 ], [ 59.659708747684952, 35.953795768769325 ], [ 62.678880069316591, 35.705046920851856 ], [ 65.701902198143415, 35.508556037280925 ], [ 68.727870684177233, 35.364381905643825 ], [ 71.755880195917058, 35.272567661017376 ], [ 81.142358614220484, 35.388462877544704 ], [ 86.795687526466708, 35.953795768769325 ], [ 90.894350987845172, 36.519128659993946 ], [ 97.537012459734456, 37.367127996830874 ], [ 103.331674594786818, 38.356460556473962 ], [ 110.398335735094548, 40.052459230147818 ], [ 116.192997870146911, 41.465791458209367 ], [ 123.824991901679283, 43.444456577495536 ], [ 132.163652047242437, 45.988454588006327 ]
] }},

 { "type": "Feature",
    "properties": { "id": 66, "mag": 10, "place": "First Homo Sapiens 200000 ago ", "time": -16206, "title": "*15.002", "timefinal": -68950,
        "name": "200000 years ago, First Homo Sapiens ",
        "times": [
-108657, -106868, -105080, -103292, -101504, -99716, -97928, -96140, -94352, -92564, -90776, -88988, -87200, -85412, -83624, -81836, -80048, -78260, -76472, -74684,
-74684, -72896, -71108, -69320, -67532, -65744, -63956, -62168, -60380, -58592, -56804, -55016, -53228, -51440, -49652, -47864, -46076, -44288
]},
    "geometry": {
        "type": "Point",
        "coordinates": [ 20.6517392531862, 4.012487414578317 ]
}},

 { "type": "Feature",
    "properties": { "id": 66, "mag": 10, "place": "First Homo Sapiens 200000 ago ", "time": -16206, "title": "*15.002", "timefinal": -68950,
        "name": "200000 years ago, First Homo Sapiens ",
        "times": [
-44692, -44508, -44324, -43872, -43458, -40054, -39815, -39445
]},
    "geometry": {
        "type": "Point",
        "coordinates": [ 132.163652047242437, 45.988454588006327 ]
}},


{ "type": "Feature", "properties": { "id": 3.3, "mag": "#0000FF", "place": "Africa-Este de Asia", "time": null, "title": "*150.002", "timefinal": null, "name": "15000 years ago, South America",
"times": [ 
-76156, -74968, -73781, -72594, -71407, -70220, -69033, -67846, -66659, -65472, -64285, -63098, -61911, -60724, -59537, -58350, -57163, -55976, -54789, -53602,
-53602, -52415, -51228, -50041, -48854, -47667, -46480, -45293, -44106, -42919, -41732, -40545, -39358, -38171, -36984, -35797, -34610, -33423, -32236, -31049
] },
 "geometry": 
 { "type": "LineString", "coordinates": [ 
[ 20.6517392531862, 4.012487414578317 ], [ 20.630414823790499, 4.56297711233567 ], [ 20.748454622802583, 8.41516904583553 ], [ 20.867928028076051, 9.510435878204497 ], [ 21.583188177409152, 13.297482089362765 ], [ 21.72269544556147, 13.830428016036675 ], [ 23.166521915840825, 17.990755471015092 ], [ 23.387157355977511, 18.495546161481279 ], [ 25.459982903602562, 22.380948799309103 ], [ 26.373117134332865, 23.758294542627155 ], [ 27.69964338460084, 25.517385793180772 ], [ 29.909859285299046, 27.973223943299601 ], [ 35.25473795115235, 31.914625062700757 ], [ 37.331173175899679, 32.856119246504669 ], [ 38.033915614341311, 33.145645075215569 ], [ 40.892160346845543, 34.179896400519219 ], [ 43.079375448729273, 34.823390486583648 ], [ 46.042319065755706, 35.501773768440508 ], [ 47.539733776537737, 35.763043646464538 ], [ 49.800663185184256, 36.056629664226712 ], [ 52.073854784365011, 36.231542482859922 ], [ 56.632109262756913, 36.223758939672393 ], [ 59.659708747684952, 35.953795768769325 ], [ 62.678880069316591, 35.705046920851856 ], [ 65.701902198143415, 35.508556037280925 ], [ 68.727870684177233, 35.364381905643825 ], [ 71.755880195917058, 35.272567661017376 ], [ 81.142358614220484, 35.388462877544704 ], [ 86.795687526466708, 35.953795768769325 ], [ 90.894350987845172, 36.519128659993946 ], [ 97.537012459734456, 37.367127996830874 ], [ 103.331674594786818, 38.356460556473962 ], [ 110.398335735094548, 40.052459230147818 ], [ 116.192997870146911, 41.465791458209367 ], [ 123.824991901679283, 43.444456577495536 ], [ 132.163652047242437, 45.988454588006327 ]
] }},


 { "type": "Feature",
    "properties": { "id": 66, "mag": 10, "place": "First Homo Sapiens 200000 ago ", "time": -16206, "title": "*150.002", "timefinal": -68950,
        "name": "200000 years ago, First Homo Sapiens ",
        "times": [
-76156, -74968, -73781, -72594, -71407, -70220, -69033, -67846, -66659, -65472, -64285, -63098, -61911, -60724, -59537, -58350, -57163, -55976, -54789, -53602,
-53602, -52415, -51228, -50041, -48854, -47667, -46480, -45293, -44106, -42919, -41732, -40545, -39358, -38171, -36984, -35797, -34610, -33423, -32236, -31049
]},
    "geometry": {
        "type": "Point",
        "coordinates": [ 21.6517392531862, 5.012487414578317 ]
}},

 { "type": "Feature",
    "properties": { "id": 66, "mag": 10, "place": "First Homo Sapiens 200000 ago ", "time": -16206, "title": "*150.002", "timefinal": -68950,
        "name": "200000 years ago, First Homo Sapiens ",
        "times": [
-33713,
-31027, -30000,  -29683, -28364, -26713
]},
    "geometry": {
        "type": "Point",
        "coordinates": [ 131.163652047242437, 44.988454588006327 ]
}},



{ "type": "Feature", "properties": { "id": 3.3, "mag": "#0000FF", "place": "Africa-Este de Asia", "time": null, "title": "*2.029", "timefinal": null, "name": "15000 years ago, South America",
"times": [ 
-90542, -88691, -86841, -84991, -83141, -81291, -79441, -77591, -75741, -73891, -72041, -70191, -68341, -66491, -64641, -62791, -60941, -59091, -57241, -55391,
-55391, -53541, -51691, -49841, -47991, -46141, -44291, -42441, -40591, -38741, -36891
] },
 "geometry": 
 { "type": "LineString", "coordinates": [ 
[ 23.337070486503144, 27.191135954787725 ], [ 24.8587617443482, 27.771489369341012 ], [ 26.389807493839825, 28.326694991565603 ], [ 27.929792169333666, 28.856602124212742 ], [ 29.478297778928429, 29.361066936701917 ], [ 31.034904017919654, 29.839952504160095 ], [ 32.599188382881344, 30.293128844586832 ], [ 34.170726286344376, 30.720472954134635 ], [ 35.749091172040579, 31.121868840495452 ], [ 37.333854630681216, 31.497207554384019 ], [ 38.924586516238413, 31.846387219109545 ], [ 40.520855062697954, 32.169313058227615 ], [ 42.122227001251844, 32.465897421265097 ], [ 43.728267677898685, 32.736059807510671 ], [ 45.338541171420161, 32.979726887864828 ], [ 46.952610411701308, 33.196832524743328 ], [ 48.570037298362756, 33.387317790028689 ], [ 50.190382819672571, 33.551130981064695 ], [ 55.084688777262684, 33.243974349186317 ], [ 59.983566694365592, 33.021328540039462 ], [ 64.885557417050435, 32.883259869730182 ], [ 69.789200864222522, 32.82980946266423 ], [ 74.693036462515352, 32.860993239297841 ], [ 79.595603581329357, 32.976801911395796 ], [ 84.495441967887501, 33.177200984798048 ], [ 89.391092182178596, 33.462130769693829 ], [ 99.233011133408326, 34.399130317901623 ], [ 108.843670284226846, 35.671129323157018 ], [ 117.323663652596167, 36.943128328412413 ]
] }}, 

 { "type": "Feature",
    "properties": { "id": 66, "mag": 10, "place": "First Homo Sapiens 200000 ago ", "time": -16206, "title": "*2.029", "timefinal": -68950,
        "name": "200000 years ago, First Homo Sapiens ",
        "times": [
-90542, -88691, -86841, -84991, -83141, -81291, -79441, -77591, -75741, -73891, -72041, -70191, -68341, -66491, -64641, -62791, -60941, -59091, -57241, -55391,
-55391, -53541, -51691, -49841, -47991, -46141, -44291, -42441, -40591, -38741, -36891
]},

    "geometry": {
        "type": "Point",
        "coordinates": [ 23.337070486503144, 27.191135954787725 ]
}},

 { "type": "Feature",
    "properties": { "id": 66, "mag": 10, "place": "First Homo Sapiens 200000 ago ", "time": -16206, "title": "*2.029", "timefinal": -68950,
        "name": "200000 years ago, First Homo Sapiens ",
        "times": [
-37453, -36887, -35538, -35161, -33713,
-31027, -30000
]},
    "geometry": {
        "type": "Point",
        "coordinates": [ 117.323663652596167, 36.943128328412413 ]
}},


{ "type": "Feature", "properties": { "id": 3.3, "mag": "#0000FF", "place": "Africa-Este de Asia", "time": null, "title": "*2.032", "timefinal": null, "name": "15000 years ago, South America",
"times": [ 
-90470, -88731, -86993, -85255, -83517, -81779, -80041, -78303, -76565, -74827, -73089, -71351, -69613, -67875, -66137, -64399, -62661, -60923, -59185, -57447,
-57447, -55709, -53971, -52233, -50495, -48757, -47019, -45281, -43543, -41805, -40067, -38329, -36591
] },
 "geometry": 
 { "type": "LineString", "coordinates": [ 
[ 23.337070486503144, 27.191135954787725 ], [ 24.8587617443482, 27.771489369341012 ], [ 26.389807493839825, 28.326694991565603 ], [ 27.929792169333666, 28.856602124212742 ], [ 29.478297778928429, 29.361066936701917 ], [ 31.034904017919654, 29.839952504160095 ], [ 32.599188382881344, 30.293128844586832 ], [ 34.170726286344376, 30.720472954134635 ], [ 35.749091172040579, 31.121868840495452 ], [ 37.333854630681216, 31.497207554384019 ], [ 38.924586516238413, 31.846387219109545 ], [ 40.520855062697954, 32.169313058227615 ], [ 42.122227001251844, 32.465897421265097 ], [ 43.728267677898685, 32.736059807510671 ], [ 45.338541171420161, 32.979726887864828 ], [ 46.952610411701308, 33.196832524743328 ], [ 48.570037298362756, 33.387317790028689 ], [ 50.190382819672571, 33.551130981064695 ], [ 55.084688777262684, 33.243974349186317 ], [ 59.983566694365592, 33.021328540039462 ], [ 64.885557417050435, 32.883259869730182 ], [ 69.789200864222522, 32.82980946266423 ], [ 74.693036462515352, 32.860993239297841 ], [ 79.595603581329357, 32.976801911395796 ], [ 84.495441967887501, 33.177200984798048 ], [ 89.391092182178596, 33.462130769693829 ], [ 99.233011133408326, 34.399130317901623 ], [ 108.843670284226846, 35.671129323157018 ], [ 117.323663652596167, 36.943128328412413 ]
] }}, 

{ "type": "Feature",
    "properties": { "id": 66, "mag": 10, "place": "First Homo Sapiens 200000 ago ", "time": -16206, "title": "*2.032", "timefinal": -68950,
        "name": "200000 years ago, First Homo Sapiens ",
        "times": [
-90470, -88731, -86993, -85255, -83517, -81779, -80041, -78303, -76565, -74827, -73089, -71351, -69613, -67875, -66137, -64399, -62661, -60923, -59185, -57447,
-57447, -55709, -53971, -52233, -50495, -48757, -47019, -45281, -43543, -41805, -40067, -38329, -36591
]},
    "geometry": {
        "type": "Point",
        "coordinates": [ 22.337070486503144, 26.191135954787725 ]
}},

{ "type": "Feature",
    "properties": { "id": 66, "mag": 10, "place": "First Homo Sapiens 200000 ago ", "time": -16206, "title": "*2.032", "timefinal": -68950,
        "name": "200000 years ago, First Homo Sapiens ",
        "times": [
-37453, -36887, -35538, -35161, -33713,
-31027, -30000
]},
    "geometry": {
        "type": "Point",
        "coordinates": [ 118.323663652596167, 37.943128328412413 ]
}},



{ "type": "Feature", "properties": { "id": 3.3, "mag": "#0000FF", "place": "Africa-Este de Asia", "time": null, "title": "*69.001", "timefinal": null, "name": "15000 years ago, South America",
"times": [ 
-69190, -67776, -66363, -64950, -63537, -62124, -60711, -59298, -57885, -56472, -55059, -53646, -52233, -50820, -49407, -47994, -46581, -45168, -43755, -42342,
-42342, -40929, -39516, -38103, -36690, -35277, -33864, -32451, -31038, -29625, -28212
] },
 "geometry": 
 { "type": "LineString", "coordinates": [ 
[ 23.337070486503144, 27.191135954787725 ], [ 24.8587617443482, 27.771489369341012 ], [ 26.389807493839825, 28.326694991565603 ], [ 27.929792169333666, 28.856602124212742 ], [ 29.478297778928429, 29.361066936701917 ], [ 31.034904017919654, 29.839952504160095 ], [ 32.599188382881344, 30.293128844586832 ], [ 34.170726286344376, 30.720472954134635 ], [ 35.749091172040579, 31.121868840495452 ], [ 37.333854630681216, 31.497207554384019 ], [ 38.924586516238413, 31.846387219109545 ], [ 40.520855062697954, 32.169313058227615 ], [ 42.122227001251844, 32.465897421265097 ], [ 43.728267677898685, 32.736059807510671 ], [ 45.338541171420161, 32.979726887864828 ], [ 46.952610411701308, 33.196832524743328 ], [ 48.570037298362756, 33.387317790028689 ], [ 50.190382819672571, 33.551130981064695 ], [ 55.084688777262684, 33.243974349186317 ], [ 59.983566694365592, 33.021328540039462 ], [ 64.885557417050435, 32.883259869730182 ], [ 69.789200864222522, 32.82980946266423 ], [ 74.693036462515352, 32.860993239297841 ], [ 79.595603581329357, 32.976801911395796 ], [ 84.495441967887501, 33.177200984798048 ], [ 89.391092182178596, 33.462130769693829 ], [ 99.233011133408326, 34.399130317901623 ], [ 108.843670284226846, 35.671129323157018 ], [ 117.323663652596167, 36.943128328412413 ]
] }}, 

{ "type": "Feature",
    "properties": { "id": 66, "mag": 10, "place": "First Homo Sapiens 200000 ago ", "time": -16206, "title": "*69.001", "timefinal": -68950,
        "name": "200000 years ago, First Homo Sapiens ",
        "times": [
-69190, -67776, -66363, -64950, -63537, -62124, -60711, -59298, -57885, -56472, -55059, -53646, -52233, -50820, -49407, -47994, -46581, -45168, -43755, -42342,
-42342, -40929, -39516, -38103, -36690, -35277, -33864, -32451, -31038, -29625, -28212
]},
    "geometry": {
        "type": "Point",
        "coordinates": [ 23.337070486503144, 27.191135954787725 ]
}},

{ "type": "Feature",
    "properties": { "id": 66, "mag": 10, "place": "First Homo Sapiens 200000 ago ", "time": -16206, "title": "*69.001", "timefinal": -68950,
        "name": "200000 years ago, First Homo Sapiens ",
        "times": [
-30000,  -29683, -28364, -26713, -24147
]},
    "geometry": {
        "type": "Point",
        "coordinates": [ 117.323663652596167, 36.943128328412413 ]
}},






{ "type": "Feature", "properties": { "id": 3.3, "mag": "#0000FF", "place": "Africa-Este de Asia", "time": null, "title": "*65.001", "timefinal": null, "name": "15000 years ago, South America",
"times": [ 
-53911, -53023, -52136, -51249, -50362, -49475, -48588, -47701, -46814, -45927, -45040, -44153, -43266, -42379, -41492, -40605, -39718, -38831, -37944,
-37057, -36170, -35283, -34396, -33509, -32622, -31735, -30848, -29961, -29074, -28187, -27300, -26413, -25526, -24639, -23752, -22865, -21978
] },
 "geometry": 
 { "type": "LineString", "coordinates": [ 
[ 20.6517392531862, 4.012487414578317 ], [ 20.630414823790499, 4.56297711233567 ], [ 20.748454622802583, 8.41516904583553 ], [ 20.867928028076051, 9.510435878204497 ], [ 21.583188177409152, 13.297482089362765 ], [ 21.72269544556147, 13.830428016036675 ], [ 23.166521915840825, 17.990755471015092 ], [ 23.387157355977511, 18.495546161481279 ], [ 25.459982903602562, 22.380948799309103 ], [ 26.373117134332865, 23.758294542627155 ], [ 27.69964338460084, 25.517385793180772 ], [ 29.909859285299046, 27.973223943299601 ], [ 35.25473795115235, 31.914625062700757 ], [ 37.331173175899679, 32.856119246504669 ], [ 38.033915614341311, 33.145645075215569 ], [ 40.892160346845543, 34.179896400519219 ], [ 43.079375448729273, 34.823390486583648 ], [ 46.042319065755706, 35.501773768440508 ], [ 47.539733776537737, 35.763043646464538 ], [ 49.800663185184256, 36.056629664226712 ], [ 52.073854784365011, 36.231542482859922 ], [ 56.632109262756913, 36.223758939672393 ], [ 59.659708747684952, 35.953795768769325 ], [ 62.678880069316591, 35.705046920851856 ], [ 65.701902198143415, 35.508556037280925 ], [ 68.727870684177233, 35.364381905643825 ], [ 71.755880195917058, 35.272567661017376 ], [ 81.142358614220484, 35.388462877544704 ], [ 86.795687526466708, 35.953795768769325 ], [ 90.894350987845172, 36.519128659993946 ], [ 97.537012459734456, 37.367127996830874 ], [ 103.331674594786818, 38.356460556473962 ], [ 110.398335735094548, 40.052459230147818 ], [ 116.192997870146911, 41.465791458209367 ], [ 123.824991901679283, 43.444456577495536 ], [ 132.163652047242437, 45.988454588006327 ]
] }}, 

{ "type": "Feature",
    "properties": { "id": 66, "mag": 10, "place": "First Homo Sapiens 200000 ago ", "time": -16206, "title": "*65.001", "timefinal": -68950,
        "name": "200000 years ago, First Homo Sapiens ",
        "times": [
-53911, -53023, -52136, -51249, -50362, -49475, -48588, -47701, -46814, -45927, -45040, -44153, -43266, -42379, -41492, -40605, -39718, -38831, -37944,
-37057, -36170, -35283, -34396, -33509, -32622, -31735, -30848, -29961, -29074, -28187, -27300, -26413, -25526, -24639, -23752, -22865, -21978
]},
    "geometry": {
        "type": "Point",
        "coordinates": [ 20.6517392531862, 4.012487414578317 ]
}},

{ "type": "Feature",
    "properties": { "id": 66, "mag": 10, "place": "First Homo Sapiens 200000 ago ", "time": -16206, "title": "*65.001", "timefinal": -68950,
        "name": "200000 years ago, First Homo Sapiens ",
        "times": [
-22367, -21964, -21573, -20063
]},
    "geometry": {
        "type": "Point",
        "coordinates": [ 132.163652047242437, 45.988454588006327 ]
}},





{ "type": "Feature", "properties": { "id": 3.3, "mag": "#0000FF", "place": "Africa-Este de Asia", "time": null, "title": "*4.033", "timefinal": null, "name": "15000 years ago, South America",
"times": [ 
-54900, -53970, -53041, -52112, -51183, -50254, -49325, -48396, -47467, -46538, -45609, -44680, -43751, -42822, -41893, -40964, -40035, -39106, -38177,
-37248, -36319, -35390, -34461, -33532, -32603, -31674, -30745, -29816, -28887, -27958, -27029, -26100, -25171, -24242, -23313, -22384
] },
 "geometry": 
 { "type": "LineString", "coordinates": [ 
[ 17.168235581608322, 49.22098230429458 ], [ 19.811845551972361, 49.886339638064868 ], [ 22.476246586464605, 50.462830040765851 ], [ 25.158452239494508, 50.949807341945359 ], [ 27.855456108819354, 51.346725703647692 ], [ 30.564235205328583, 51.653140232226704 ], [ 33.281753341419808, 51.868707477013359 ], [ 36.004964534168593, 51.993185815279205 ], [ 38.73081641947747, 52.026435723063827 ], [ 41.45625367337751, 51.968419931563034 ], [ 44.178221436647434, 51.819203468902259 ], [ 46.893668738911835, 51.578953587248577 ], [ 49.599551918380556, 51.247939575342841 ], [ 54.041178838591279, 50.190990749294969 ], [ 58.516242197247379, 49.286005415028143 ], [ 63.019544377971151, 48.534034678687306 ], [ 67.545854966063956, 47.935951925764783 ], [ 72.089916823434592, 47.492451806696209 ], [ 76.646452194565782, 47.204049430050532 ], [ 81.210168836427059, 47.071079764250783 ], [ 85.775766165214364, 47.093697248521011 ], [ 90.337941412777084, 47.271875613510986 ], [ 95.656024129775744, 47.637692514087348 ], [ 98.809570109941205, 47.869677456929068 ], [ 101.722866519455238, 48.226365053032879 ], [ 104.748090286240298, 48.596424180177536 ], [ 107.766728901580009, 49.016832917817737 ], [ 110.777944442550606, 49.487474567612452 ], [ 113.780901046747957, 50.008218487415462 ], [ 116.774765144308844, 50.578920127539504 ], [ 119.758705689295766, 51.199421070880817 ], [ 122.731894390381271, 51.869549076892895 ], [ 125.693505940767579, 52.589118129397718 ], [ 128.642718247277742, 53.357928488220637 ], [ 131.578712658554792, 54.175766744634785 ]
 ] }}, 

{ "type": "Feature",
    "properties": { "id": 66, "mag": 10, "place": "First Homo Sapiens 200000 ago ", "time": -16206, "title": "*4.033", "timefinal": -68950,
        "name": "200000 years ago, First Homo Sapiens ",
        "times": [
-54900, -53970, -53041, -52112, -51183, -50254, -49325, -48396, -47467, -46538, -45609, -44680, -43751, -42822, -41893, -40964, -40035, -39106, -38177,
-37248, -36319, -35390, -34461, -33532, -32603, -31674, -30745, -29816, -28887, -27958, -27029, -26100, -25171, -24242, -23313, -22384
]},
    "geometry": {
        "type": "Point",
        "coordinates": [ 17.168235581608322, 49.22098230429458 ]
}},

{ "type": "Feature",
    "properties": { "id": 66, "mag": 10, "place": "First Homo Sapiens 200000 ago ", "time": -16206, "title": "*4.033", "timefinal": -68950,
        "name": "200000 years ago, First Homo Sapiens ",
        "times": [
-23735, -22367, -21964, -21573
]},
    "geometry": {
        "type": "Point",
        "coordinates": [ 131.578712658554792, 54.175766744634785 ]
}},






{ "type": "Feature", "properties": { "id": 3.3, "mag": "#0000FF", "place": "Africa -Sudeste de Asia", "time": null, "title": "*41.002", "timefinal": null, "name": "15000 years ago, South America",
"times": [ 
-90470, -89095, -87721, -86347, -84973, -83599, -82225, -80851, -79477, -78103, -76729, -75355, -73981, -72607, -71233, -69859, -68485, -67111, -65737,
-64363, -62989, -61615, -60241, -58867, -57493, -56119, -54745, -53371, -51997, -50623, -49249, -47875, -46501, -45127, -43753, -42379, -41005, -39631, -38257,
-38257, -36883
] },
 "geometry": 
 { "type": "LineString", "coordinates": [ 
[ 21.782405035635442, 24.647137944276935 ], [ 23.010113490282414, 25.521385478894295 ], [ 24.267129053163078, 26.352943460079217 ], [ 26.204348503517984, 27.518104449073689 ], [ 28.199018518092174, 28.581923447807277 ], [ 30.245842232008556, 29.541575474980405 ], [ 31.636686789957658, 30.122202908899858 ], [ 33.758292890548454, 30.902719970240511 ], [ 35.193821758704701, 31.361886247406616 ], [ 37.374566556644147, 31.957513190524509 ], [ 38.844194844803198, 32.291832642604739 ], [ 41.067998590835188, 32.698177604726837 ], [ 42.560889976289495, 32.905185123027159 ], [ 45.563593012430438, 33.164800950300425 ], [ 47.069860357965673, 33.217102816144333 ], [ 49.330407292833399, 33.198477984115904 ], [ 50.835608373692132, 33.121364382344119 ], [ 53.086223398958843, 32.908875942301698 ], [ 55.322903918270882, 32.58073026788567 ], [ 56.803347773405825, 32.298130209163581 ], [ 58.945801904162487, 32.19178338914341 ], [ 61.759715257714291, 32.228666646880441 ], [ 64.573274179145642, 32.170744875218162 ], [ 67.383285448827081, 32.01808381187287 ], [ 70.186559873499874, 31.770856717941228 ], [ 72.979915905817876, 31.429344181259211 ], [ 75.760183255211942, 30.993933797951996 ], [ 78.52420648597834, 30.465119732535655 ], [ 81.26884859850793, 29.843502157070262 ], [ 83.990994589591537, 29.129786570000803 ], [ 86.687554987760549, 28.324782995459046 ], [ 89.355469359650726, 27.429405063934979 ], [ 91.991709783409362, 26.444668975361353 ], [ 96.491553891540647, 24.858261771677771 ], [ 100.73238650386466, 22.49084022368281 ], [ 103.577217599729195, 20.064168028202666 ], [ 105.528671198480723, 17.795231375424208 ], [ 106.778511549022468, 15.929958899146357 ], [ 108.134876624147125, 13.262278546221005 ]
] }},

 { "type": "Feature",
    "properties": { "id": 66, "mag": 10, "place": "First Homo Sapiens 200000 ago ", "time": -16206, "title": "*41.002", "timefinal": -68950,
        "name": "200000 years ago, First Homo Sapiens ",
        "times": [
-90470, -89095, -87721, -86347, -84973, -83599, -82225, -80851, -79477, -78103, -76729, -75355, -73981, -72607, -71233, -69859, -68485, -67111, -65737,
-64363, -62989, -61615, -60241, -58867, -57493, -56119, -54745, -53371, -51997, -50623, -49249, -47875, -46501, -45127, -43753, -42379, -41005, -39631, -38257,
-38257, -36883
]},
    "geometry": {
        "type": "Point",
	"coordinates": [ 21.782405035635442, 24.647137944276935 ]
}},
 
 { "type": "Feature",
    "properties": { "id": 66, "mag": 10, "place": "First Homo Sapiens 200000 ago ", "time": -16206, "title": "*41.002", "timefinal": -68950,
        "name": "200000 years ago, First Homo Sapiens ",
        "times": [
-37453, -36887, -35538, -35161, -33713,
-31027, -30000
]},
    "geometry": {
        "type": "Point",
	"coordinates": [ 108.134876624147125, 13.262278546221005 ]
}},


{ "type": "Feature", "properties": { "id": 3.3, "mag": "#0000FF", "place": "Africa -Sudeste de Asia", "time": null, "title": "*41.003", "timefinal": null, "name": "15000 years ago, South America",
"times": [ 
-90470, -89095, -87721, -86347, -84973, -83599, -82225, -80851, -79477, -78103, -76729, -75355, -73981, -72607, -71233, -69859, -68485, -67111, -65737,
-64363, -62989, -61615, -60241, -58867, -57493, -56119, -54745, -53371, -51997, -50623, -49249, -47875, -46501, -45127, -43753, -42379, -41005, -39631, -38257,
-38257, -36883
] },
 "geometry": 
 { "type": "LineString", "coordinates": [ 
[ 21.782405035635442, 24.647137944276935 ], [ 23.010113490282414, 25.521385478894295 ], [ 24.267129053163078, 26.352943460079217 ], [ 26.204348503517984, 27.518104449073689 ], [ 28.199018518092174, 28.581923447807277 ], [ 30.245842232008556, 29.541575474980405 ], [ 31.636686789957658, 30.122202908899858 ], [ 33.758292890548454, 30.902719970240511 ], [ 35.193821758704701, 31.361886247406616 ], [ 37.374566556644147, 31.957513190524509 ], [ 38.844194844803198, 32.291832642604739 ], [ 41.067998590835188, 32.698177604726837 ], [ 42.560889976289495, 32.905185123027159 ], [ 45.563593012430438, 33.164800950300425 ], [ 47.069860357965673, 33.217102816144333 ], [ 49.330407292833399, 33.198477984115904 ], [ 50.835608373692132, 33.121364382344119 ], [ 53.086223398958843, 32.908875942301698 ], [ 55.322903918270882, 32.58073026788567 ], [ 56.803347773405825, 32.298130209163581 ], [ 58.945801904162487, 32.19178338914341 ], [ 61.759715257714291, 32.228666646880441 ], [ 64.573274179145642, 32.170744875218162 ], [ 67.383285448827081, 32.01808381187287 ], [ 70.186559873499874, 31.770856717941228 ], [ 72.979915905817876, 31.429344181259211 ], [ 75.760183255211942, 30.993933797951996 ], [ 78.52420648597834, 30.465119732535655 ], [ 81.26884859850793, 29.843502157070262 ], [ 83.990994589591537, 29.129786570000803 ], [ 86.687554987760549, 28.324782995459046 ], [ 89.355469359650726, 27.429405063934979 ], [ 91.991709783409362, 26.444668975361353 ], [ 96.491553891540647, 24.858261771677771 ], [ 100.73238650386466, 22.49084022368281 ], [ 103.577217599729195, 20.064168028202666 ], [ 105.528671198480723, 17.795231375424208 ], [ 106.778511549022468, 15.929958899146357 ], [ 108.134876624147125, 13.262278546221005 ]
] }},


 { "type": "Feature",
    "properties": { "id": 66, "mag": 10, "place": "First Homo Sapiens 200000 ago ", "time": -16206, "title": "*41.003", "timefinal": -68950,
        "name": "200000 years ago, First Homo Sapiens ",
        "times": [
-90470, -89095, -87721, -86347, -84973, -83599, -82225, -80851, -79477, -78103, -76729, -75355, -73981, -72607, -71233, -69859, -68485, -67111, -65737,
-64363, -62989, -61615, -60241, -58867, -57493, -56119, -54745, -53371, -51997, -50623, -49249, -47875, -46501, -45127, -43753, -42379, -41005, -39631, -38257,
-38257, -36883
]},
    "geometry": {
        "type": "Point",
        "coordinates": [ 20.782405035635442, 23.647137944276935 ]
}},


 { "type": "Feature",
    "properties": { "id": 66, "mag": 10, "place": "First Homo Sapiens 200000 ago ", "time": -16206, "title": "*41.003", "timefinal": -68950,
        "name": "200000 years ago, First Homo Sapiens ",
        "times": [
-37453, -36887, -35538, -35161, -33713,
-31027, -30000
]},
    "geometry": {
        "type": "Point",
        "coordinates": [ 109.134876624147125, 14.262278546221005 ]
}},



{ "type": "Feature", "properties": { "id": 3.3, "mag": "#0000FF", "place": "Africa -Sudeste de Asia", "time": null, "title": "*119.001", "timefinal": null, "name": "15000 years ago, South America",
"times": [ 
-92254, -90920, -89587, -88254, -86921, -85588, -84255, -82922, -81589, -80256, -78923, -77590, -76257, -74924, -73591, -72258, -70925, -69592, -68259,
-66926, -65593, -64260, -62927, -61594, -60261, -58928, -57595, -56262, -54929, -53596, -52263, -50930, -49597, -48264, -46931, -45598, -44265, -42932,
-41599, -40266, -38933, -37600, -36267
] },
 "geometry": 
 { "type": "LineString", "coordinates": [ 
[ 21.782405035635442, 24.647137944276935 ], [ 23.010113490282414, 25.521385478894295 ], [ 24.267129053163078, 26.352943460079217 ], [ 26.204348503517984, 27.518104449073689 ], [ 28.199018518092174, 28.581923447807277 ], [ 30.245842232008556, 29.541575474980405 ], [ 31.636686789957658, 30.122202908899858 ], [ 33.758292890548454, 30.902719970240511 ], [ 35.193821758704701, 31.361886247406616 ], [ 37.374566556644147, 31.957513190524509 ], [ 38.844194844803198, 32.291832642604739 ], [ 41.067998590835188, 32.698177604726837 ], [ 42.560889976289495, 32.905185123027159 ], [ 45.563593012430438, 33.164800950300425 ], [ 47.069860357965673, 33.217102816144333 ], [ 49.330407292833399, 33.198477984115904 ], [ 50.835608373692132, 33.121364382344119 ], [ 53.086223398958843, 32.908875942301698 ], [ 55.322903918270882, 32.58073026788567 ], [ 56.803347773405825, 32.298130209163581 ], [ 58.945801904162487, 32.19178338914341 ], [ 61.759715257714291, 32.228666646880441 ], [ 64.573274179145642, 32.170744875218162 ], [ 67.383285448827081, 32.01808381187287 ], [ 70.186559873499874, 31.770856717941228 ], [ 72.979915905817876, 31.429344181259211 ], [ 75.760183255211942, 30.993933797951996 ], [ 78.52420648597834, 30.465119732535655 ], [ 81.26884859850793, 29.843502157070262 ], [ 83.990994589591537, 29.129786570000803 ], [ 86.687554987760549, 28.324782995459046 ], [ 89.355469359650726, 27.429405063934979 ], [ 91.991709783409362, 26.444668975361353 ], [ 96.491553891540647, 24.858261771677771 ], [ 100.73238650386466, 22.49084022368281 ], [ 103.577217599729195, 20.064168028202666 ], [ 105.528671198480723, 17.795231375424208 ], [ 106.778511549022468, 15.929958899146357 ], [ 108.134876624147125, 13.262278546221005 ]
] }},

 { "type": "Feature",
    "properties": { "id": 66, "mag": 10, "place": "First Homo Sapiens 200000 ago ", "time": -16206, "title": "*119.001", "timefinal": -68950,
        "name": "200000 years ago, First Homo Sapiens ",
        "times": [
-92254, -90920, -89587, -88254, -86921, -85588, -84255, -82922, -81589, -80256, -78923, -77590, -76257, -74924, -73591, -72258, -70925, -69592, -68259,
-66926, -65593, -64260, -62927, -61594, -60261, -58928, -57595, -56262, -54929, -53596, -52263, -50930, -49597, -48264, -46931, -45598, -44265, -42932,
-41599, -40266, -38933, -37600, -36267
]},
    "geometry": {
        "type": "Point",
	"coordinates": [ 20.782405035635442, 23.647137944276935 ]
}},

 { "type": "Feature",
    "properties": { "id": 66, "mag": 10, "place": "First Homo Sapiens 200000 ago ", "time": -16206, "title": "*119.001", "timefinal": -68950,
        "name": "200000 years ago, First Homo Sapiens ",
        "times": [
-37453, -36887, -35538, -35161, -33713,
-31027, -30000
]},
    "geometry": {
        "type": "Point",
	"coordinates": [ 109.134876624147125, 14.262278546221005 ]
}},




{ "type": "Feature", "properties": { "id": 3.3, "mag": "#0000FF", "place": "Africa -Sudeste de Asia", "time": null, "title": "*158.001", "timefinal": null, "name": "15000 years ago, South America",
"times": [ 
-92254, -90920, -89587, -88254, -86921, -85588, -84255, -82922, -81589, -80256, -78923, -77590, -76257, -74924, -73591, -72258, -70925, -69592, -68259,
-66926, -65593, -64260, -62927, -61594, -60261, -58928, -57595, -56262, -54929, -53596, -52263, -50930, -49597, -48264, -46931, -45598, -44265, -42932,
-41599, -40266, -38933, -37600, -36267
] },
 "geometry": 
 { "type": "LineString", "coordinates": [ 
[ 27.219932013986522, -6.961945561499604 ], [ 26.508433925702668, -5.01964357848845 ], [ 26.089820076109369, -3.705616205406713 ], [ 25.716359011272516, -2.378049888671333 ], [ 25.388487061616239, -1.038495680396057 ], [ 25.106587293865061, 0.311481361342523 ], [ 24.870989063490804, 1.670304001028782 ], [ 24.604994358155629, 3.721648277247212 ], [ 24.486235120276156, 5.095621252126158 ], [ 24.39629895516353, 7.162183133378519 ], [ 24.441324599458774, 9.919604498260378 ], [ 24.598684171888038, 11.982128313348422 ], [ 24.762239056793291, 13.351491410522813 ], [ 25.095066467623369, 15.393057583205103 ], [ 25.532089939847793, 17.414882750613344 ], [ 25.880769549726502, 18.749172082780191 ], [ 26.713859435107338, 21.378118855734577 ], [ 27.1122376294635, 22.817016173306058 ], [ 27.634215628804654, 24.215826254931283 ], [ 27.753111453978086, 24.48983919689551 ], [ 28.716259565669105, 26.344237503711099 ], [ 29.538845995167591, 27.590223957191832 ], [ 30.083336028802591, 28.301801160194337 ], [ 31.49265196359908, 29.844615459228152 ], [ 32.609072970719822, 30.835945278769593 ], [ 32.842474989200213, 31.022339504476406 ], [ 35.605514132077751, 32.791085652245343 ], [ 36.68688673270637, 33.298630110955521 ], [ 37.947214328509276, 33.925378350494171 ], [ 39.400920455894834, 34.653706069643334 ], [ 40.522416203741244, 35.132874205237151 ], [ 40.901598315914853, 35.279556476469963 ], [ 42.442034395403311, 35.799921210372588 ], [ 44.014824069932246, 36.212298963136334 ], [ 46.418100165935982, 36.624198200736316 ], [ 50.070633728210275, 36.769350149598033 ], [ 50.882474506149606, 36.724140359688704 ], [ 52.900956678729095, 36.488311125286202 ], [ 56.066069010099881, 35.750580095903338 ], [ 59.789826908073962, 35.248302315495721 ], [ 63.504505535638181, 34.682777298072097 ], [ 67.209030731163935, 34.054168574676339 ], [ 70.90233126905764, 33.362657918064087 ], [ 74.583339169523754, 32.608445290139827 ], [ 78.250990007388992, 31.791748784134825 ], [ 90.985076952763421, 27.957062381163936 ], [ 98.77859466750283, 24.414554329009668 ], [ 105.458752708708019, 20.365973697976209 ]
] }},


 { "type": "Feature",
    "properties": { "id": 66, "mag": 10, "place": "First Homo Sapiens 200000 ago ", "time": -16206, "title": "*158.001", "timefinal": -68950,
        "name": "200000 years ago, First Homo Sapiens ",
        "times": [
-90470, -89353, -88237, -87121, -86005, -84889, -83773, -82657, -81541, -80425, -79309, -78193, -77077, -75961, -74845, -73729, -72613, -71497, -70381, -69265,
-69265, -68149, -67033, -65917, -64801, -63685, -62569, -61453, -60337, -59221, -58105, -56989, -55873, -54757, -53641, -52525, -51409, -50293, -49177, -48061,
-48061, -46945, -45829, -44713, -43597, -42481, -41365, -40249, -39133, -38017, -36901
]},
    "geometry": {
        "type": "Point",
        "coordinates": [27.727192404502063, -4.245925220835992]
}},

 { "type": "Feature",
    "properties": { "id": 66, "mag": 10, "place": "First Homo Sapiens 200000 ago ", "time": -16206, "title": "*158.001", "timefinal": -68950,
        "name": "200000 years ago, First Homo Sapiens ",
        "times": [
-37453, -36887, -35538, -35161, -33713,
-31027, -30000
]},
    "geometry": {
        "type": "Point",
        "coordinates": [ 105.458752708708019, 20.365973697976209 ]
}},



{ "type": "Feature", "properties": { "id": 3.3, "mag": "#0000FF", "place": "Africa -Sudeste de Asia", "time": null, "title": "*35.005", "timefinal": null, "name": "15000 years ago, South America",
"times": [ 
-59270, -58369, -57469, -56569, -55669, -54769, -53869, -52969, -52069, -51169, -50269, -49369, -48469, -47569, -46669, -45769, -44869, -43969, -43069,
-42169, -41269, -40369, -39469, -38569, -37669, -36769, -35869, -34969, -34069, -33169, -32269, -31369, -30469, -29569, -28669, -27769, -26869, -25969,
-25069, -24169
] },
 "geometry": 
 { "type": "LineString", "coordinates": [ 
[ 21.782405035635442, 24.647137944276935 ], [ 23.010113490282414, 25.521385478894295 ], [ 24.267129053163078, 26.352943460079217 ], [ 26.204348503517984, 27.518104449073689 ], [ 28.199018518092174, 28.581923447807277 ], [ 30.245842232008556, 29.541575474980405 ], [ 31.636686789957658, 30.122202908899858 ], [ 33.758292890548454, 30.902719970240511 ], [ 35.193821758704701, 31.361886247406616 ], [ 37.374566556644147, 31.957513190524509 ], [ 38.844194844803198, 32.291832642604739 ], [ 41.067998590835188, 32.698177604726837 ], [ 42.560889976289495, 32.905185123027159 ], [ 45.563593012430438, 33.164800950300425 ], [ 47.069860357965673, 33.217102816144333 ], [ 49.330407292833399, 33.198477984115904 ], [ 50.835608373692132, 33.121364382344119 ], [ 53.086223398958843, 32.908875942301698 ], [ 55.322903918270882, 32.58073026788567 ], [ 56.803347773405825, 32.298130209163581 ], [ 58.945801904162487, 32.19178338914341 ], [ 61.759715257714291, 32.228666646880441 ], [ 64.573274179145642, 32.170744875218162 ], [ 67.383285448827081, 32.01808381187287 ], [ 70.186559873499874, 31.770856717941228 ], [ 72.979915905817876, 31.429344181259211 ], [ 75.760183255211942, 30.993933797951996 ], [ 78.52420648597834, 30.465119732535655 ], [ 81.26884859850793, 29.843502157070262 ], [ 83.990994589591537, 29.129786570000803 ], [ 86.687554987760549, 28.324782995459046 ], [ 89.355469359650726, 27.429405063934979 ], [ 91.991709783409362, 26.444668975361353 ], [ 96.491553891540647, 24.858261771677771 ], [ 100.73238650386466, 22.49084022368281 ], [ 103.577217599729195, 20.064168028202666 ], [ 105.528671198480723, 17.795231375424208 ], [ 106.778511549022468, 15.929958899146357 ], [ 108.134876624147125, 13.262278546221005 ]] }},


 { "type": "Feature",
    "properties": { "id": 66, "mag": 10, "place": "First Homo Sapiens 200000 ago ", "time": -16206, "title": "*35.005", "timefinal": -68950,
        "name": "200000 years ago, First Homo Sapiens ",
        "times": [
-59270, -58369, -57469, -56569, -55669, -54769, -53869, -52969, -52069, -51169, -50269, -49369, -48469, -47569, -46669, -45769, -44869, -43969, -43069,
-42169, -41269, -40369, -39469, -38569, -37669, -36769, -35869, -34969, -34069, -33169, -32269, -31369, -30469, -29569, -28669, -27769, -26869, -25969,
-25069, -24169
]},
    "geometry": {
        "type": "Point",
        "coordinates": [ 21.782405035635442, 24.647137944276935 ]
}},

 { "type": "Feature",
    "properties": { "id": 66, "mag": 10, "place": "First Homo Sapiens 200000 ago ", "time": -16206, "title": "*35.005", "timefinal": -68950,
        "name": "200000 years ago, First Homo Sapiens ",
        "times": [
-26713, -24147, -23735, -22367
]},
    "geometry": {
        "type": "Point",
        "coordinates": [ 108.134876624147125, 13.262278546221005 ]
}},



{ "type": "Feature", "properties": { "id": 3.3, "mag": "#0000FF", "place": "Africa -Sudeste de Asia", "time": null, "title": "*35.003", "timefinal": null, "name": "15000 years ago, South America",
"times": [ 
-58259, -56689, -55120, -53551, -51982, -50413, -48844, -47275, -45706, -44137, -42568, -40999, -39430, -37861, -36292, -34723, -33154, -31585, -30016,
-28447, -26878, -25309, -23740
] },
 "geometry": 
 { "type": "LineString", "coordinates": [ 
[ 23.160403957995491, 23.269139021917013 ], [ 27.249746436656068, 26.758415376119245 ], [ 31.393090052711528, 30.183393487445329 ], [ 35.589423926289413, 33.543237740566752 ], [ 39.837724249121756, 36.837128411307866 ], [ 40.907875918003384, 38.330877995676694 ], [ 41.397599514062911, 39.227413498140152 ], [ 41.879791322332778, 40.354296793198223 ], [ 42.290427021437822, 41.723825088704963 ], [ 42.592155957655734, 43.948190803326789 ], [ 42.520425969824402, 45.784319127834067 ], [ 42.267069292410547, 47.191458006403948 ], [ 41.613490409001976, 49.12520379226158 ], [ 40.855579838721098, 50.572468957557504 ], [ 40.124211906503476, 51.709548711615653 ], [ 39.027864150226875, 53.225676434266006 ], [ 37.756788947879159, 54.59862563363879 ], [ 36.114055077255408, 55.966822794216313 ], [ 34.061270946766378, 57.219110002808449 ], [ 32.345121086741194, 57.964396076754014 ], [ 30.551660431982153, 58.49742567622566 ], [ 29.237732538660147, 58.743777946261858 ]
 ] }},


 { "type": "Feature",
    "properties": { "id": 66, "mag": 10, "place": "First Homo Sapiens 200000 ago ", "time": -16206, "title": "*35.003", "timefinal": -68950,
        "name": "200000 years ago, First Homo Sapiens ",
        "times": [
-58259, -56689, -55120, -53551, -51982, -50413, -48844, -47275, -45706, -44137, -42568, -40999, -39430, -37861, -36292, -34723, -33154, -31585, -30016,
-28447, -26878, -25309, -23740
]},
    "geometry": {
        "type": "Point",
        "coordinates": [ 23.160403957995491, 23.269139021917013 ]
}},

 { "type": "Feature",
    "properties": { "id": 66, "mag": 10, "place": "First Homo Sapiens 200000 ago ", "time": -16206, "title": "*35.003", "timefinal": -68950,
        "name": "200000 years ago, First Homo Sapiens ",
        "times": [
 -24147, -23735, -22367, -21964
]},
    "geometry": {
        "type": "Point",
        "coordinates": [ 29.237732538660147, 58.743777946261858 ]
}},


{ "type": "Feature", "properties": { "id": 3.3, "mag": "#0000FF", "place": "Africa -Sudeste de Asia", "time": null, "title": "*1.061", "timefinal": null, "name": "15000 years ago, South America",
"times": [ 
-52951, -52436, -51922, -51408, -50894, -50380, -49866, -49352, -48838, -48324, -47810, -47296, -46782, -46268, -45754, -45240, -44726, -44212, -43698,
-43184, -42670, -42156, -41642, -41128, -40614, -40100, -39586, -39072, -38558, -38044, -37530, -37016, -36502, -35988, -35474, -34960, -34446, -33932,
-33418, -32904, -32390, -31876, -31362, -30848, -30334, -29820, -29306, -28792, -28278, -27764, -27250, -26736, -26222, -25708, -25194, -24680, -24166,
-23652, -23138, -22624, -22110, -21596
] },
 "geometry": 
 { "type": "LineString", "coordinates": [ 
[ 20.134915909677975, 52.75461874624385 ], [ 21.811779822890859, 52.97918070369947 ], [ 24.769097098746819, 53.092870097050977 ], [ 27.299371289991996, 52.906571593077345 ], [ 30.208146774469924, 52.360974737205765 ], [ 33.030218549730293, 51.469592864204337 ], [ 35.724639388941, 50.245359598252207 ], [ 38.596451305413176, 48.370814874842154 ], [ 38.764130529760735, 48.198799731571157 ], [ 39.70566716137936, 47.108339107476048 ], [ 41.429650089618846, 44.230224025996876 ], [ 42.322131217272158, 41.494601511162045 ], [ 42.629908869660873, 38.874129015228498 ], [ 42.633123145257251, 38.633930763309941 ], [ 42.055231696667569, 36.605838621315392 ], [ 41.682200338987109, 35.989264820184118 ], [ 40.843069955609558, 34.818054630013982 ], [ 39.009493059426234, 32.920543142898865 ], [ 37.668850759796804, 31.907003825055973 ], [ 37.058716474145676, 31.523530488919832 ], [ 34.897163579836956, 30.481963051755013 ], [ 34.445112877306116, 30.31921872706026 ], [ 32.962028019778671, 29.865437654127938 ], [ 32.633321120646372, 29.743781856952822 ], [ 30.398559948421717, 28.734763666821429 ], [ 29.182020746257923, 28.038443672097586 ], [ 27.734295160283619, 27.051813887051026 ], [ 26.908789087385593, 26.40069825734637 ], [ 24.651492751237758, 24.201780324963405 ], [ 23.554470233182528, 22.835804739564665 ], [ 22.954758898871578, 21.972231838683566 ], [ 22.057991709418864, 20.467188213752046 ], [ 21.910986159220954, 20.207102606330313 ], [ 21.126213839412664, 18.596368558065233 ], [ 20.514108139282396, 16.912427234845879 ], [ 20.429376863421457, 16.625938551181243 ], [ 20.34965840949123, 16.338014736466491 ], [ 19.861266688499153, 13.69671372329938 ], [ 19.809441435173024, 13.101476312646689 ], [ 19.768243891635191, 11.907390240124437 ], [ 19.770976154377358, 11.608646721839559 ], [ 19.862765917370584, 10.118145328205282 ], [ 19.980112721039404, 9.229684297639693 ], [ 20.143797162611374, 8.34858232922047 ], [ 20.208581988864655, 8.056935142941825 ], [ 20.353370594409711, 7.477254462198403 ], [ 20.608258590225127, 6.618088945691744 ], [ 20.703173950619686, 6.334811291546399 ], [ 21.251061463616111, 4.945624825258064 ], [ 21.37506744560115, 4.673820352504495 ], [ 21.775275646285564, 3.871968326710521 ], [ 21.917939677498175, 3.609476176018189 ], [ 22.868053650240295, 2.090392502556488 ], [ 23.041644031451888, 1.847243300362171 ], [ 23.777628614471141, 0.906039029365088 ], [ 24.577475467054278, 0.018467173908855 ], [ 24.78696557798666, -0.194532939702517 ], [ 25.888382877040179, -1.202947387418197 ], [ 26.830203493934896, -1.93814308366324 ], [ 28.075811293007089, -2.761842650196209 ], [ 28.33329168752072, -2.913364930466145 ]
 ] }},


 { "type": "Feature",
    "properties": { "id": 66, "mag": 10, "place": "First Homo Sapiens 200000 ago ", "time": -16206, "title": "*1.061", "timefinal": -68950,
        "name": "200000 years ago, First Homo Sapiens ",
        "times": [
-52951, -52436, -51922, -51408, -50894, -50380, -49866, -49352, -48838, -48324, -47810, -47296, -46782, -46268, -45754, -45240, -44726, -44212, -43698,
-43184, -42670, -42156, -41642, -41128, -40614, -40100, -39586, -39072, -38558, -38044, -37530, -37016, -36502, -35988, -35474, -34960, -34446, -33932,
-33418, -32904, -32390, -31876, -31362, -30848, -30334, -29820, -29306, -28792, -28278, -27764, -27250, -26736, -26222, -25708, -25194, -24680, -24166,
-23652, -23138, -22624, -22110, -21596
]},
    "geometry": {
        "type": "Point",
        "coordinates": [ 20.134915909677975, 52.75461874624385 ]
}},

 { "type": "Feature",
    "properties": { "id": 66, "mag": 10, "place": "First Homo Sapiens 200000 ago ", "time": -16206, "title": "*1.061", "timefinal": -68950,
        "name": "200000 years ago, First Homo Sapiens ",
        "times": [
-22367, -21964, -21573, -20063
]},
    "geometry": {
        "type": "Point",
        "coordinates": [ 28.33329168752072, -2.913364930466145 ]
}},


{ "type": "Feature", "properties": { "id": 3.3, "mag": "#0000FF", "place": "Europa-africa", "time": null, "title": "*15.001", "timefinal": null, "name": "15000 years ago, South America",
"times": [ 
-90470, -89591, -88713, -87835, -86957, -86079, -85201, -84323, -83445, -82567, -81689, -80811, -79933, -79055, -78177, -77299, -76421, -75543, -74665, -73787,
-73787, -72909, -72031, -71153, -70275, -69397, -68519, -67641, -66763, -65885, -65007, -64129, -63251, -62373, -61495, -60617, -59739, -58861, -57983, -57105,
-57105, -56227, -55349, -54471, -53593, -52715, -51837, -50959, -50081, -49203, -48325, -47447, -46569, -45691, -44813, -43935, -43057, -42179, -41301, -40423,
-40423, -39545, -38667, -37789, -36911
] },
 "geometry": 
 { "type": "LineString", "coordinates": [ 
[ 20.134915909677975, 52.75461874624385 ], [ 21.811779822890859, 52.97918070369947 ], [ 24.769097098746819, 53.092870097050977 ], [ 27.299371289991996, 52.906571593077345 ], [ 30.208146774469924, 52.360974737205765 ], [ 33.030218549730293, 51.469592864204337 ], [ 35.724639388941, 50.245359598252207 ], [ 38.596451305413176, 48.370814874842154 ], [ 38.764130529760735, 48.198799731571157 ], [ 39.70566716137936, 47.108339107476048 ], [ 41.429650089618846, 44.230224025996876 ], [ 42.322131217272158, 41.494601511162045 ], [ 42.629908869660873, 38.874129015228498 ], [ 42.633123145257251, 38.633930763309941 ], [ 42.055231696667569, 36.605838621315392 ], [ 41.682200338987109, 35.989264820184118 ], [ 40.843069955609558, 34.818054630013982 ], [ 39.009493059426234, 32.920543142898865 ], [ 37.668850759796804, 31.907003825055973 ], [ 37.058716474145676, 31.523530488919832 ], [ 34.897163579836956, 30.481963051755013 ], [ 34.445112877306116, 30.31921872706026 ], [ 32.962028019778671, 29.865437654127938 ], [ 32.633321120646372, 29.743781856952822 ], [ 30.398559948421717, 28.734763666821429 ], [ 29.182020746257923, 28.038443672097586 ], [ 27.734295160283619, 27.051813887051026 ], [ 26.908789087385593, 26.40069825734637 ], [ 24.651492751237758, 24.201780324963405 ], [ 23.554470233182528, 22.835804739564665 ], [ 22.954758898871578, 21.972231838683566 ], [ 22.057991709418864, 20.467188213752046 ], [ 21.910986159220954, 20.207102606330313 ], [ 21.126213839412664, 18.596368558065233 ], [ 20.514108139282396, 16.912427234845879 ], [ 20.429376863421457, 16.625938551181243 ], [ 20.34965840949123, 16.338014736466491 ], [ 19.861266688499153, 13.69671372329938 ], [ 19.809441435173024, 13.101476312646689 ], [ 19.768243891635191, 11.907390240124437 ], [ 19.770976154377358, 11.608646721839559 ], [ 19.862765917370584, 10.118145328205282 ], [ 19.980112721039404, 9.229684297639693 ], [ 20.143797162611374, 8.34858232922047 ], [ 20.208581988864655, 8.056935142941825 ], [ 20.353370594409711, 7.477254462198403 ], [ 20.608258590225127, 6.618088945691744 ], [ 20.703173950619686, 6.334811291546399 ], [ 21.251061463616111, 4.945624825258064 ], [ 21.37506744560115, 4.673820352504495 ], [ 21.775275646285564, 3.871968326710521 ], [ 21.917939677498175, 3.609476176018189 ], [ 22.868053650240295, 2.090392502556488 ], [ 23.041644031451888, 1.847243300362171 ], [ 23.777628614471141, 0.906039029365088 ], [ 24.577475467054278, 0.018467173908855 ], [ 24.78696557798666, -0.194532939702517 ], [ 25.888382877040179, -1.202947387418197 ], [ 26.830203493934896, -1.93814308366324 ], [ 28.075811293007089, -2.761842650196209 ], [ 28.33329168752072, -2.913364930466145 ] 
] }},

 { "type": "Feature",
    "properties": { "id": 66, "mag": 10, "place": "First Homo Sapiens 200000 ago ", "time": -16206, "title": "*15.001", "timefinal": -68950,
        "name": "200000 years ago, First Homo Sapiens ",
        "times": [
-90470, -89591, -88713, -87835, -86957, -86079, -85201, -84323, -83445, -82567, -81689, -80811, -79933, -79055, -78177, -77299, -76421, -75543, -74665, -73787,
-73787, -72909, -72031, -71153, -70275, -69397, -68519, -67641, -66763, -65885, -65007, -64129, -63251, -62373, -61495, -60617, -59739, -58861, -57983, -57105,
-57105, -56227, -55349, -54471, -53593, -52715, -51837, -50959, -50081, -49203, -48325, -47447, -46569, -45691, -44813, -43935, -43057, -42179, -41301, -40423,
-40423, -39545, -38667, -37789, -36911
]},
    "geometry": {
        "type": "Point",
        "coordinates": [ 20.134915909677975, 52.75461874624385 ]
}},

 { "type": "Feature",
    "properties": { "id": 66, "mag": 10, "place": "First Homo Sapiens 200000 ago ", "time": -16206, "title": "*15.001", "timefinal": -68950,
        "name": "200000 years ago, First Homo Sapiens ",
        "times": [
-37453, -36887, -35538, -35161, -33713,
-31027, -30000
]},
    "geometry": {
        "type": "Point",
        "coordinates": [ 28.33329168752072, -2.913364930466145 ] 
}},


{ "type": "Feature", "properties": { "id": 3.3, "mag": "#0000FF", "place": "Europa-africa", "time": null, "title": "*3.002", "timefinal": null, "name": "15000 years ago, South America",
"times": [ 
-72366, -71706, -71047, -70388, -69729, -69070, -68411, -67752, -67093, -66434, -65775, -65116, -64457, -63798, -63139, -62480, -61821, -61162, -60503, -59844,
-59844, -59185, -58526, -57867, -57208, -56549, -55890, -55231, -54572, -53913, -53254, -52595, -51936, -51277, -50618, -49959, -49300, -48641, -47982, -47323,
-47323, -46664, -46005, -45346, -44687, -44028, -43369, -42710, -42051, -41392, -40733, -40074, -39415, -38756, -38097, -37438, -36779, -36120, -35461, -34802,
-34802, -34143, -33484, -32825, -32166, -31507, -30848, -30189, -29530
] },
 "geometry": 
 { "type": "LineString", "coordinates": [ 
[ 20.134915909677975, 52.75461874624385 ], [ 21.811779822890859, 52.97918070369947 ], [ 24.769097098746819, 53.092870097050977 ], [ 27.299371289991996, 52.906571593077345 ], [ 30.208146774469924, 52.360974737205765 ], [ 33.030218549730293, 51.469592864204337 ], [ 35.724639388941, 50.245359598252207 ], [ 38.596451305413176, 48.370814874842154 ], [ 38.764130529760735, 48.198799731571157 ], [ 39.70566716137936, 47.108339107476048 ], [ 41.429650089618846, 44.230224025996876 ], [ 42.322131217272158, 41.494601511162045 ], [ 42.629908869660873, 38.874129015228498 ], [ 42.633123145257251, 38.633930763309941 ], [ 42.055231696667569, 36.605838621315392 ], [ 41.682200338987109, 35.989264820184118 ], [ 40.843069955609558, 34.818054630013982 ], [ 39.009493059426234, 32.920543142898865 ], [ 37.668850759796804, 31.907003825055973 ], [ 37.058716474145676, 31.523530488919832 ], [ 34.897163579836956, 30.481963051755013 ], [ 34.445112877306116, 30.31921872706026 ], [ 32.962028019778671, 29.865437654127938 ], [ 32.633321120646372, 29.743781856952822 ], [ 30.398559948421717, 28.734763666821429 ], [ 29.182020746257923, 28.038443672097586 ], [ 27.734295160283619, 27.051813887051026 ], [ 26.908789087385593, 26.40069825734637 ], [ 24.651492751237758, 24.201780324963405 ], [ 23.554470233182528, 22.835804739564665 ], [ 22.954758898871578, 21.972231838683566 ], [ 22.057991709418864, 20.467188213752046 ], [ 21.910986159220954, 20.207102606330313 ], [ 21.126213839412664, 18.596368558065233 ], [ 20.514108139282396, 16.912427234845879 ], [ 20.429376863421457, 16.625938551181243 ], [ 20.34965840949123, 16.338014736466491 ], [ 19.861266688499153, 13.69671372329938 ], [ 19.809441435173024, 13.101476312646689 ], [ 19.768243891635191, 11.907390240124437 ], [ 19.770976154377358, 11.608646721839559 ], [ 19.862765917370584, 10.118145328205282 ], [ 19.980112721039404, 9.229684297639693 ], [ 20.143797162611374, 8.34858232922047 ], [ 20.208581988864655, 8.056935142941825 ], [ 20.353370594409711, 7.477254462198403 ], [ 20.608258590225127, 6.618088945691744 ], [ 20.703173950619686, 6.334811291546399 ], [ 21.251061463616111, 4.945624825258064 ], [ 21.37506744560115, 4.673820352504495 ], [ 21.775275646285564, 3.871968326710521 ], [ 21.917939677498175, 3.609476176018189 ], [ 22.868053650240295, 2.090392502556488 ], [ 23.041644031451888, 1.847243300362171 ], [ 23.777628614471141, 0.906039029365088 ], [ 24.577475467054278, 0.018467173908855 ], [ 24.78696557798666, -0.194532939702517 ], [ 25.888382877040179, -1.202947387418197 ], [ 26.830203493934896, -1.93814308366324 ], [ 28.075811293007089, -2.761842650196209 ], [ 28.33329168752072, -2.913364930466145 ] 
] }},


 { "type": "Feature",
    "properties": { "id": 66, "mag": 10, "place": "First Homo Sapiens 200000 ago ", "time": -16206, "title": "*3.002", "timefinal": -68950,
        "name": "200000 years ago, First Homo Sapiens ",
        "times": [
-72366, -71706, -71047, -70388, -69729, -69070, -68411, -67752, -67093, -66434, -65775, -65116, -64457, -63798, -63139, -62480, -61821, -61162, -60503, -59844,
-59844, -59185, -58526, -57867, -57208, -56549, -55890, -55231, -54572, -53913, -53254, -52595, -51936, -51277, -50618, -49959, -49300, -48641, -47982, -47323,
-47323, -46664, -46005, -45346, -44687, -44028, -43369, -42710, -42051, -41392, -40733, -40074, -39415, -38756, -38097, -37438, -36779, -36120, -35461, -34802,
-34802, -34143, -33484, -32825, -32166, -31507, -30848, -30189, -29530
]},
    "geometry": {
        "type": "Point",
        "coordinates": [ 21.134915909677975, 53.75461874624385 ]
}},

 { "type": "Feature",
    "properties": { "id": 66, "mag": 10, "place": "First Homo Sapiens 200000 ago ", "time": -16206, "title": "*3.002", "timefinal": -68950,
        "name": "200000 years ago, First Homo Sapiens ",
        "times": [
-31027, -30000,  -29683, -28364, -26713
]},
    "geometry": {
        "type": "Point",
        "coordinates": [ 27.33329168752072, -3.913364930466145 ] 
}},





{ "type": "Feature", "properties": { "id": 3.3, "mag": "#0000FF", "place": "Este Asia-Europa", "time": null, "title": "*83.003", "timefinal": null, "name": "15000 years ago, South America",
"times": [ 
-65569, -64489, -63410, -62331, -61252, -60173, -59094, -58015, -56936, -55857, -54778, -53699, -52620, -51541, -50462, -49383, -48304, -47225, -46146, -45067,
-45067, -43988, -42909, -41830, -40751, -39672, -38593, -37514, -36435, -35356, -34277, -33198, -32119, -31040, -29961, -28882, -27803, -26724
] },
 "geometry": 
 { "type": "LineString", "coordinates": [ 
[ 20.134915909677975, 52.75461874624385 ], [ 21.811779822890859, 52.97918070369947 ], [ 24.769097098746819, 53.092870097050977 ], [ 27.299371289991996, 52.906571593077345 ], [ 30.208146774469924, 52.360974737205765 ], [ 33.030218549730293, 51.469592864204337 ], [ 35.724639388941, 50.245359598252207 ], [ 38.596451305413176, 48.370814874842154 ], [ 38.764130529760735, 48.198799731571157 ], [ 39.70566716137936, 47.108339107476048 ], [ 41.429650089618846, 44.230224025996876 ], [ 42.322131217272158, 41.494601511162045 ], [ 42.629908869660873, 38.874129015228498 ], [ 42.633123145257251, 38.633930763309941 ], [ 42.055231696667569, 36.605838621315392 ], [ 41.682200338987109, 35.989264820184118 ], [ 40.843069955609558, 34.818054630013982 ], [ 39.009493059426234, 32.920543142898865 ], [ 37.668850759796804, 31.907003825055973 ], [ 37.058716474145676, 31.523530488919832 ], [ 34.897163579836956, 30.481963051755013 ], [ 34.445112877306116, 30.31921872706026 ], [ 32.962028019778671, 29.865437654127938 ], [ 32.633321120646372, 29.743781856952822 ], [ 30.398559948421717, 28.734763666821429 ], [ 29.182020746257923, 28.038443672097586 ], [ 27.734295160283619, 27.051813887051026 ], [ 26.908789087385593, 26.40069825734637 ], [ 24.651492751237758, 24.201780324963405 ], [ 23.554470233182528, 22.835804739564665 ], [ 22.954758898871578, 21.972231838683566 ], [ 22.057991709418864, 20.467188213752046 ], [ 21.910986159220954, 20.207102606330313 ], [ 21.126213839412664, 18.596368558065233 ], [ 20.514108139282396, 16.912427234845879 ], [ 20.429376863421457, 16.625938551181243 ], [ 20.34965840949123, 16.338014736466491 ], [ 19.861266688499153, 13.69671372329938 ], [ 19.809441435173024, 13.101476312646689 ], [ 19.768243891635191, 11.907390240124437 ], [ 19.770976154377358, 11.608646721839559 ], [ 19.862765917370584, 10.118145328205282 ], [ 19.980112721039404, 9.229684297639693 ], [ 20.143797162611374, 8.34858232922047 ], [ 20.208581988864655, 8.056935142941825 ], [ 20.353370594409711, 7.477254462198403 ], [ 20.608258590225127, 6.618088945691744 ], [ 20.703173950619686, 6.334811291546399 ], [ 21.251061463616111, 4.945624825258064 ], [ 21.37506744560115, 4.673820352504495 ], [ 21.775275646285564, 3.871968326710521 ], [ 21.917939677498175, 3.609476176018189 ], [ 22.868053650240295, 2.090392502556488 ], [ 23.041644031451888, 1.847243300362171 ], [ 23.777628614471141, 0.906039029365088 ], [ 24.577475467054278, 0.018467173908855 ], [ 24.78696557798666, -0.194532939702517 ], [ 25.888382877040179, -1.202947387418197 ], [ 26.830203493934896, -1.93814308366324 ], [ 28.075811293007089, -2.761842650196209 ], [ 28.33329168752072, -2.913364930466145 ] 
] }},

 { "type": "Feature",
    "properties": { "id": 66, "mag": 10, "place": "First Homo Sapiens 200000 ago ", "time": -16206, "title": "*83.003", "timefinal": -68950,
        "name": "200000 years ago, First Homo Sapiens ",
        "times": [
-65569, -64489, -63410, -62331, -61252, -60173, -59094, -58015, -56936, -55857, -54778, -53699, -52620, -51541, -50462, -49383, -48304, -47225, -46146, -45067,
-45067, -43988, -42909, -41830, -40751, -39672, -38593, -37514, -36435, -35356, -34277, -33198, -32119, -31040, -29961, -28882, -27803, -26724
]},
    "geometry": {
        "type": "Point",
        "coordinates": [ 20.134915909677975, 52.75461874624385 ]
}},

 { "type": "Feature",
    "properties": { "id": 66, "mag": 10, "place": "First Homo Sapiens 200000 ago ", "time": -16206, "title": "*83.003", "timefinal": -68950,
        "name": "200000 years ago, First Homo Sapiens ",
        "times": [
-28364, -26713, -24147, -23735, -22367
]},
    "geometry": {
        "type": "Point",
        "coordinates": [ 28.33329168752072, -2.913364930466145 ]
}},




{ "type": "Feature", "properties": { "id": 3.3, "mag": "#0000FF", "place": "Africa-America Caribe", "time": null, "title": "*85.001", "timefinal": null, "name": "15000 years ago, South America",
"times": [ 
-96461, -95706, -94952, -94198, -93444, -92690, -91936, -91182, -90428, -89674, -88920, -88166, -87412, -86658, -85904, -85150, -84396, -83642, -82888,
-82134, -81380, -80626, -79872, -79118, -78364, -77610, -76856, -76102, -75348, -74594, -73840, -73086, -72332, -71578, -70824, -70070, -69316, -68562,
-67808, -67054, -66300, -65546, -64792, -64038, -63284, -62530, -61776, -61022, -60268, -59514, -58760, -58006, -57252, -56498, -55744, -54990, -54236,
-53482, -52728, -51974, -51220, -50466, -49712, -48958, -48204, -47450, -46696, -45942, -45188, -44434, -43680, -42926, -42172, -41418, -40664, -39910,
-39156, -38402, -37648, -36894
] },
 "geometry": 
 { "type": "LineString", "coordinates": [ 
[ 23.202066469796701, 8.935278912864064 ], [ 23.321695972144099, 11.799474793027819 ], [ 23.735730103965356, 14.636111004364466 ], [ 24.051893622765405, 16.034642703703128 ], [ 24.439763801367775, 17.415007513898633 ], [ 25.066656251618106, 19.220892387639005 ], [ 25.617502566856807, 20.544681880595896 ], [ 26.456746559089705, 22.262204469351609 ], [ 27.668520183169484, 24.321342121888691 ], [ 28.478952831052805, 25.504156227283083 ], [ 29.052671896867839, 26.268793590238364 ], [ 29.652348168865391, 27.013247908588376 ], [ 30.277272178690804, 27.736638429158418 ], [ 31.599877061933665, 29.116830678161175 ], [ 33.014229378733091, 30.40284072685801 ], [ 34.131193120918695, 31.30186368725326 ], [ 49.31759585125679, 36.448719842723513 ], [ 69.523067519959042, 38.204358475808135 ], [ 73.530495634681003, 38.129311293386763 ], [ 79.540482440772365, 38.277702544026127 ], [ 83.539323710616827, 38.550430747265608 ], [ 89.513806022618397, 39.219401954597373 ], [ 93.473936438823372, 39.837851031645485 ], [ 97.410205528088923, 40.593428844412657 ], [ 101.317866363599308, 41.485224207078176 ], [ 105.192206518539649, 42.512161662851526 ], [ 109.028553749026827, 43.673002780915027 ], [ 112.822281628581848, 44.966347649904108 ], [ 115.717554384773806, 46.531908505342223 ], [ 119.927620839807659, 49.829838983925271 ], [ 123.230284583390045, 52.106530619638065 ], [ 126.647346165475682, 54.207626227061169 ], [ 128.984347728663352, 55.507950963919001 ], [ 131.365217893550835, 56.726096269526948 ], [ 133.787067989957052, 57.860584188441507 ], [ 136.246959627431522, 58.910038265335331 ], [ 140.00158454910104, 60.322024208918293 ], [ 142.543430611817882, 61.153552513353446 ], [ 145.112694266437984, 61.896051672055989 ], [ 147.706258268091887, 62.548620823143239 ], [ 150.320975888703202, 63.110468215315365 ], [ 152.953674734861295, 63.580912168474029 ], [ 156.165756067216876, 64.08635181339524 ], [ 159.386019951730191, 64.536725252246654 ], [ 162.613522433495859, 64.931900467208564 ], [ 165.847317435760573, 65.271761620698683 ], [ 172.329991750015211, 65.785159493101119 ], [ 175.57697079779075, 65.958545719862045 ], [ 185.329052718040941, 66.144892613742044 ], [ 191.830198846692667, 65.990806099079677 ], [ 195.077840602523253, 65.830310784165235 ], [ 198.322258623821199, 65.614238057054862 ], [ 200.86176661168011, 65.743277064403941 ], [ 203.404220773589401, 65.784249255066868 ], [ 205.946567985384206, 65.737105427297053 ], [ 209.753210780869921, 65.501324911615001 ], [ 213.54246059762454, 65.068072502246196 ], [ 216.053906297386845, 64.670087096781231 ], [ 219.791454653624982, 63.910577973215048 ], [ 223.484490806866745, 62.957894502775922 ], [ 225.916853193888329, 62.216702824449506 ], [ 229.513602669865236, 60.948036189332733 ], [ 231.872707066919588, 59.999153515017106 ], [ 234.197517929598689, 58.969101895637358 ], [ 236.485243492241807, 57.859118276007372 ], [ 238.733136523334451, 56.670535587852022 ], [ 242.024399017818581, 54.743435949431387 ], [ 244.161013449735151, 53.36480233053792 ], [ 247.273180503443939, 51.16013953232855 ], [ 249.996171431155659, 48.502824202028002 ], [ 251.366428186661665, 46.268943113282262 ], [ 253.276056432287618, 42.833242799220763 ], [ 255.006310770460857, 39.303804230585882 ], [ 256.552604071939356, 35.689984407969185 ], [ 258.321153056436401, 30.756886552692066 ], [ 259.423124863522958, 26.9837744657112 ], [ 260.049225920093704, 24.439010083371109 ], [ 260.587613782012681, 21.874255357319505 ], [ 261.037653999736222, 19.292532657822704 ]
] }},


 { "type": "Feature",
    "properties": { "id": 66, "mag": 10, "place": "First Homo Sapiens 200000 ago ", "time": -16206, "title": "*85.001", "timefinal": -68950,
        "name": "200000 years ago, First Homo Sapiens ",
        "times": [
-96461, -95706, -94952, -94198, -93444, -92690, -91936, -91182, -90428, -89674, -88920, -88166, -87412, -86658, -85904, -85150, -84396, -83642, -82888,
-82134, -81380, -80626, -79872, -79118, -78364, -77610, -76856, -76102, -75348, -74594, -73840, -73086, -72332, -71578, -70824, -70070, -69316, -68562,
-67808, -67054, -66300, -65546, -64792, -64038, -63284, -62530, -61776, -61022, -60268, -59514, -58760, -58006, -57252, -56498, -55744, -54990, -54236,
-53482, -52728, -51974, -51220, -50466, -49712, -48958, -48204, -47450, -46696, -45942, -45188, -44434, -43680, -42926, -42172, -41418, -40664, -39910,
-39156, -38402, -37648, -36894
]},
    "geometry": {
        "type": "Point",
        "coordinates": [ 23.202066469796701, 8.935278912864064 ]
}},

 { "type": "Feature",
    "properties": { "id": 66, "mag": 10, "place": "First Homo Sapiens 200000 ago ", "time": -16206, "title": "*85.001", "timefinal": -68950,
        "name": "200000 years ago, First Homo Sapiens ",
        "times": [
-372819, -369226, -365633, -362040, -358447, -354854, -351261, -347668, -344075
]},
    "geometry": {
        "type": "Point",
        "coordinates": [ 261.037653999736222, 19.292532657822704 ]
}},
 


 { "type": "Feature", "properties": { "id": 55, "mag": "#0000FF", "place": null, "time": -1, "title": null, "timefinal": -68950, "name": "Allele HLY-Y*Y:Y",
"times": [ 
-18000000, -16000000, -14000000, -12000000, -10000000, -8000000, -7050000, -6050000,
-6000000, -5050000, -4050000, -3050000, -2050000, -2000000, -1800000,
-1700000, -1600000, -1500000, -1400000, -1300000, -1294557, -1200000, -1100000, -1000000, -950000, -930000, -900000,
-803979, -800386, -796793, -793200, -789607, -786014, -782421, -778828, -775235, -771642, -768049, -764456, -760863, -757270, -753677
, -750084, -746491, -742898, -739305, -735712, -732119, -728526, -724933, -721340, -717747, -714154, -710561, -706968, -703375, -699782
, -696189, -692596, -689003, -685410, -681817, -678224, -674631, -671038, -667445, -663852, -660259, -656666, -653073, -649480,
 -645887, -642294, -638701, -635108, -631515, -627922, -624329, -620736, -617143, -613550, -609957, -606364, -602771, -599178, -595585
, -591992, -588399, -584806, -581213, -577620, -574027, -570434, -566841, -563248
, -559655, -556062, -552469, -548876, -545283, -541690, -538097, -534504, -530911, -527318, -523725, -520132, -516539, -512946, -509353
, -505760, -502167, -498574, -494981, -491388, -487795, -484202, -480609, -477016, -473423, -469830, -466237, -462644, -459051, -455458, -451865
, -448272, -444679, -441086, -437493, -433900, -430307, -426714, -423121, -419528, -415935, -412342, -408749, -405156, -401563, -397970, -394377
, -390784, -387191, -383598, -380005, -376412, -372819, -369226, -365633, -362040, -358447, -354854, -351261, -347668, -344075, -340482, -336889, -329703
, -327547, -297880, -287679, -275671, -218551, -206724, -200000, -189830, -184500, -174051, -166050, -150000, -143840, -140368, -139948, -139528, -139108, -138688, -138268, -137848, -137428, -137008, -136588, -136168, -135748, -135328, -134908, -134488, -134068, -133648, -133228, -132808,
-132388, -131968, -131548, -131128, -130708, -130288, -129868, -129448, -129028, -128608, -128188, -127768, -127348, -126928, -126508, -126088, -125668, -125248, -124828,
-124408, -123988, -123568, -123148, -122728, -122308, -121888, -121468, -121048, -120628, -120208, -119788, -119368, -118948, -118528, -118108, -117688, -117268, -116848,
-116428, -116008, -115588, -115168, -114748, -114328, -113908, -113488, -113068, -112648, -112228, -111808, -111388, -110968, -110548, -110128, -109708, -109288, -108868,
-108448, -108028, -107608, -107188, -106768, -106348, -105928, -105508, -105088, -104668, -104248, -103828, -103408, -102988, -102568, -102148, -101728, -101308, -100888,
-100468, -100048, -99628, -99208, -98788, -98368, -97948, -97528, -97108, -96688, -96268, -95848, -95428, -95008, -94588, -94168, -93748, -93328, -92908,
-92488, -92068, -91648, -91228, -90808, -90388, -89968, -89548, -89128, -88708, -88288, -87868, -87448, -87028, -86608, -86188, -85768, -85348, -84928,
-84508, -84088, -83668, -83248, -82828, -82408, -81988, -81568, -81148, -80728, -80308, -79888, -79468, -79048, -78628, -78208, -77788, -77368, -76948,
-76528, -76108, -75688, -75268, -74848, -74428, -74008, -73588, -73168, -72748, -72328, -71908, -71488, -71068, -70648, -70228, -69808, -69388, -68968,
-68548, -68128, -67708, -67288, -66868, -66448, -66028, -65608, -65188, -64768, -64348, -63928, -63508, -63088, -62668, -62248, -61828, -61408, -60988,
-60568, -60148, -59728, -59308, -58888, -58468, -58048, -57628, -57208, -57187, -56189, -54900, -54568, -53911, -52951, -50068, -50000, -49769, -49246, -48828,
 -47621, -47273, -46775, -46251, -44692, -44508, -44324, -43872, -43458, -40054, -39815, -39445, -38677, -37908, -37819, -37453, -36887, -35538, -35161, -33713,
-31027, -30000,  -29683, -28364, -26713, -24147, -23735, -22367, -21964, -21573, -20063, -12600, -10044, -8788, -6525, -5133, -3901, -2000
] },
 "geometry": { "type": "LineString", "coordinates": 
 [ [ 35.727192404502063, -2.245925220835992 ]]
 } }  
 

]
}